student_id,last_name,first_name,gpa,graduation_date,last_updated_at
1,Smith,Noah,2.10,2026-06-02,2020-01-01T12:00:00Z
2,Johnson,Olivia,2.20,2026-06-03,2021-02-02T12:00:00Z
3,Williams,Liam,2.30,2026-06-04,2022-03-03T12:00:00Z
4,Brown,Emma,2.40,2026-06-05,2023-04-04T12:00:00Z
5,Jones,Oliver,2.50,2026-06-06,2024-05-05T12:00:00Z
6,Garcia,Ava,2.60,2026-06-07,2025-06-06T12:00:00Z
7,Miller,Elijah,2.70,2026-06-08,2020-07-07T12:00:00Z
8,Davis,Sophia,2.80,2026-06-09,2021-08-08T12:00:00Z
9,Rodriguez,James,2.90,2026-06-10,2022-09-09T12:00:00Z
10,Martinez,Isabella,3.00,2026-06-11,2023-10-10T12:00:00Z
11,Hernandez,William,3.10,2026-06-12,2024-11-11T12:00:00Z
12,Lopez,Mia,3.20,2026-06-13,2025-12-12T12:00:00Z
13,Gonzalez,Benjamin,3.30,2026-06-14,2020-01-13T12:00:00Z
14,Wilson,Charlotte,3.40,2026-06-15,2021-02-14T12:00:00Z
15,Anderson,Lucas,3.50,2026-06-16,2022-03-15T12:00:00Z
16,Thomas,Amelia,3.60,2026-06-17,2023-04-16T12:00:00Z
17,Taylor,Henry,3.70,2026-06-18,2024-05-17T12:00:00Z
18,Moore,Harper,3.80,2026-06-19,2025-06-18T12:00:00Z
19,Jackson,Theodore,3.90,2026-06-20,2020-07-19T12:00:00Z
20,Martin,Evelyn,4.00,2026-06-21,2021-08-20T12:00:00Z
21,Lee,Jack,2.10,2026-06-22,2022-09-21T12:00:00Z
22,Perez,Abigail,2.20,2026-06-23,2023-10-22T12:00:00Z
23,Thompson,Levi,2.30,2026-06-24,2024-11-23T12:00:00Z
24,White,Emily,2.40,2026-06-25,2025-12-24T12:00:00Z
25,Harris,Alexander,2.50,2026-06-26,2020-01-25T12:00:00Z
26,Sanchez,Ella,2.60,2026-06-27,2021-02-26T12:00:00Z
27,Clark,Jackson,2.70,2026-06-28,2022-03-27T12:00:00Z
28,Ramirez,Avery,2.80,2026-06-29,2023-04-28T12:00:00Z
29,Lewis,Mateo,2.90,2026-06-30,2024-05-29T12:00:00Z
30,Robinson,Sofia,3.00,2026-06-01,2025-06-30T12:00:00Z
31,Walker,Daniel,3.10,2026-06-02,2020-07-01T12:00:00Z
32,Young,Camila,3.20,2026-06-03,2021-08-02T12:00:00Z
33,Allen,Michael,3.30,2026-06-04,2022-09-03T12:00:00Z
34,King,Aria,3.40,2026-06-05,2023-10-04T12:00:00Z
35,Wright,Mason,3.50,2026-06-06,2024-11-05T12:00:00Z
36,Scott,Scarlett,3.60,2026-06-07,2025-12-06T12:00:00Z
37,Torres,Sebastian,3.70,2026-06-08,2020-01-07T12:00:00Z
38,Nguyen,Victoria,3.80,2026-06-09,2021-02-08T12:00:00Z
39,Hill,Ethan,3.90,2026-06-10,2022-03-09T12:00:00Z
40,Flores,Madison,4.00,2026-06-11,2023-04-10T12:00:00Z
41,Green,Logan,2.10,2026-06-12,2024-05-11T12:00:00Z
42,Adams,Luna,2.20,2026-06-13,2025-06-12T12:00:00Z
43,Nelson,Owen,2.30,2026-06-14,2020-07-13T12:00:00Z
44,Baker,Grace,2.40,2026-06-15,2021-08-14T12:00:00Z
45,Hall,Samuel,2.50,2026-06-16,2022-09-15T12:00:00Z
46,Rivera,Chloe,2.60,2026-06-17,2023-10-16T12:00:00Z
47,Campbell,Jacob,2.70,2026-06-18,2024-11-17T12:00:00Z
48,Mitchell,Penelope,2.80,2026-06-19,2025-12-18T12:00:00Z
49,Carter,Asher,2.90,2026-06-20,2020-01-19T12:00:00Z
50,Roberts,Layla,3.00,2026-06-21,2021-02-20T12:00:00Z
51,Gomez,Aiden,3.10,2026-06-22,2022-03-21T12:00:00Z
52,Phillips,Riley,3.20,2026-06-23,2023-04-22T12:00:00Z
53,Evans,John,3.30,2026-06-24,2024-05-23T12:00:00Z
54,Turner,Zoey,3.40,2026-06-25,2025-06-24T12:00:00Z
55,Diaz,Joseph,3.50,2026-06-26,2020-07-25T12:00:00Z
56,Parker,Nora,3.60,2026-06-27,2021-08-26T12:00:00Z
57,Cruz,David,3.70,2026-06-28,2022-09-27T12:00:00Z
58,Edwards,Lily,3.80,2026-06-29,2023-10-28T12:00:00Z
59,Collins,Wyatt,3.90,2026-06-30,2024-11-01T12:00:00Z
60,Reyes,Eleanor,4.00,2026-06-01,2025-12-02T12:00:00Z
61,Stewart,Matthew,2.10,2026-06-02,2020-01-03T12:00:00Z
62,Morris,Hannah,2.20,2026-06-03,2021-02-04T12:00:00Z
63,Morales,Luke,2.30,2026-06-04,2022-03-05T12:00:00Z
64,Murphy,Lillian,2.40,2026-06-05,2023-04-06T12:00:00Z
65,Cook,Julian,2.50,2026-06-06,2024-05-07T12:00:00Z
66,Rogers,Addison,2.60,2026-06-07,2025-06-08T12:00:00Z
67,Gutierrez,Isaiah,2.70,2026-06-08,2020-07-09T12:00:00Z
68,Ortiz,Aubrey,2.80,2026-06-09,2021-08-10T12:00:00Z
69,Morgan,Gabriel,2.90,2026-06-10,2022-09-11T12:00:00Z
70,Cooper,Ellie,3.00,2026-06-11,2023-10-12T12:00:00Z
71,Peterson,Anthony,3.10,2026-06-12,2024-11-13T12:00:00Z
72,Bailey,Stella,3.20,2026-06-13,2025-12-14T12:00:00Z
73,Reed,Isaac,3.30,2026-06-14,2020-01-15T12:00:00Z
74,Kelly,Natalie,3.40,2026-06-15,2021-02-16T12:00:00Z
75,Howard,Grayson,3.50,2026-06-16,2022-03-17T12:00:00Z
76,Ramos,Zoe,3.60,2026-06-17,2023-04-18T12:00:00Z
77,Kim,Andrew,3.70,2026-06-18,2024-05-19T12:00:00Z
78,Cox,Leah,3.80,2026-06-19,2025-06-20T12:00:00Z
79,Ward,Christopher,3.90,2026-06-20,2020-07-21T12:00:00Z
80,Richardson,Hazel,4.00,2026-06-21,2021-08-22T12:00:00Z
81,Watson,Joshua,2.10,2026-06-22,2022-09-23T12:00:00Z
82,Brooks,Violet,2.20,2026-06-23,2023-10-24T12:00:00Z
83,Chavez,Ezra,2.30,2026-06-24,2024-11-25T12:00:00Z
84,Wood,Aurora,2.40,2026-06-25,2025-12-26T12:00:00Z
85,James,Thomas,2.50,2026-06-26,2020-01-27T12:00:00Z
86,Bennett,Savannah,2.60,2026-06-27,2021-02-28T12:00:00Z
87,Gray,Charles,2.70,2026-06-28,2022-03-01T12:00:00Z
88,Mendoza,Audrey,2.80,2026-06-29,2023-04-02T12:00:00Z
89,Ruiz,Caleb,2.90,2026-06-30,2024-05-03T12:00:00Z
90,Hughes,Brooklyn,3.00,2026-06-01,2025-06-04T12:00:00Z
91,Price,Cooper,3.10,2026-06-02,2020-07-05T12:00:00Z
92,Alvarez,Bella,3.20,2026-06-03,2021-08-06T12:00:00Z
93,Castillo,Ryan,3.30,2026-06-04,2022-09-07T12:00:00Z
94,Sanders,Claire,3.40,2026-06-05,2023-10-08T12:00:00Z
95,Patel,Nathan,3.50,2026-06-06,2024-11-09T12:00:00Z
96,Myers,Skylar,3.60,2026-06-07,2025-12-10T12:00:00Z
97,Long,Adrian,3.70,2026-06-08,2020-01-11T12:00:00Z
98,Ross,Lucy,3.80,2026-06-09,2021-02-12T12:00:00Z
99,Foster,Christian,3.90,2026-06-10,2022-03-13T12:00:00Z
100,Jimenez,Paisley,4.00,2026-06-11,2023-04-14T12:00:00Z

101,Smith,Noah,2.10,2026-06-11,2024-05-17T12:00:00Z
102,Johnson,Olivia,2.20,2026-06-12,2025-06-18T12:00:00Z
103,Williams,Liam,2.30,2026-06-13,2020-07-19T12:00:00Z
104,Brown,Emma,2.40,2026-06-14,2021-08-20T12:00:00Z
105,Jones,Oliver,2.50,2026-06-15,2022-09-21T12:00:00Z
106,Garcia,Ava,2.60,2026-06-16,2023-10-22T12:00:00Z
107,Miller,Elijah,2.70,2026-06-17,2024-11-23T12:00:00Z
108,Davis,Sophia,2.80,2026-06-18,2025-12-24T12:00:00Z
109,Rodriguez,James,2.90,2026-06-19,2020-01-25T12:00:00Z
110,Martinez,Isabella,3.00,2026-06-20,2021-02-26T12:00:00Z
111,Hernandez,William,3.10,2026-06-21,2022-03-27T12:00:00Z
112,Lopez,Mia,3.20,2026-06-22,2023-04-28T12:00:00Z
113,Gonzalez,Benjamin,3.30,2026-06-23,2024-05-01T12:00:00Z
114,Wilson,Charlotte,3.40,2026-06-24,2025-06-02T12:00:00Z
115,Anderson,Lucas,3.50,2026-06-25,2020-07-03T12:00:00Z
116,Thomas,Amelia,3.60,2026-06-26,2021-08-04T12:00:00Z
117,Taylor,Henry,3.70,2026-06-27,2022-09-05T12:00:00Z
118,Moore,Harper,3.80,2026-06-28,2023-10-06T12:00:00Z
119,Jackson,Theodore,3.90,2026-06-29,2024-11-07T12:00:00Z
120,Martin,Evelyn,4.00,2026-06-30,2025-12-08T12:00:00Z
121,Lee,Jack,2.10,2026-06-01,2020-01-09T12:00:00Z
122,Perez,Abigail,2.20,2026-06-02,2021-02-10T12:00:00Z
123,Thompson,Levi,2.30,2026-06-03,2022-03-11T12:00:00Z
124,White,Emily,2.40,2026-06-04,2023-04-12T12:00:00Z
125,Harris,Alexander,2.50,2026-06-05,2024-05-13T12:00:00Z
126,Sanchez,Ella,2.60,2026-06-06,2025-06-14T12:00:00Z
127,Clark,Jackson,2.70,2026-06-07,2020-07-15T12:00:00Z
128,Ramirez,Avery,2.80,2026-06-08,2021-08-16T12:00:00Z
129,Lewis,Mateo,2.90,2026-06-09,2022-09-17T12:00:00Z
130,Robinson,Sofia,3.00,2026-06-10,2023-10-18T12:00:00Z
131,Walker,Daniel,3.10,2026-06-11,2024-11-19T12:00:00Z
132,Young,Camila,3.20,2026-06-12,2025-12-20T12:00:00Z
133,Allen,Michael,3.30,2026-06-13,2020-01-21T12:00:00Z
134,King,Aria,3.40,2026-06-14,2021-02-22T12:00:00Z
135,Wright,Mason,3.50,2026-06-15,2022-03-23T12:00:00Z
136,Scott,Scarlett,3.60,2026-06-16,2023-04-24T12:00:00Z
137,Torres,Sebastian,3.70,2026-06-17,2024-05-25T12:00:00Z
138,Nguyen,Victoria,3.80,2026-06-18,2025-06-26T12:00:00Z
139,Hill,Ethan,3.90,2026-06-19,2020-07-27T12:00:00Z
140,Flores,Madison,4.00,2026-06-20,2021-08-28T12:00:00Z
141,Green,Logan,2.10,2026-06-21,2022-09-01T12:00:00Z
142,Adams,Luna,2.20,2026-06-22,2023-10-02T12:00:00Z
143,Nelson,Owen,2.30,2026-06-23,2024-11-03T12:00:00Z
144,Baker,Grace,2.40,2026-06-24,2025-12-04T12:00:00Z
145,Hall,Samuel,2.50,2026-06-25,2020-01-05T12:00:00Z
146,Rivera,Chloe,2.60,2026-06-26,2021-02-06T12:00:00Z
147,Campbell,Jacob,2.70,2026-06-27,2022-03-07T12:00:00Z
148,Mitchell,Penelope,2.80,2026-06-28,2023-04-08T12:00:00Z
149,Carter,Asher,2.90,2026-06-29,2024-05-09T12:00:00Z
150,Roberts,Layla,3.00,2026-06-30,2025-06-10T12:00:00Z
151,Smith,Noah,3.10,2026-06-01,2020-07-11T12:00:00Z
152,Johnson,Olivia,3.20,2026-06-02,2021-08-12T12:00:00Z
153,Williams,Liam,3.30,2026-06-03,2022-09-13T12:00:00Z
154,Brown,Emma,3.40,2026-06-04,2023-10-14T12:00:00Z
155,Jones,Oliver,3.50,2026-06-05,2024-11-15T12:00:00Z
156,Garcia,Ava,3.60,2026-06-06,2025-12-16T12:00:00Z
157,Miller,Elijah,3.70,2026-06-07,2020-01-17T12:00:00Z
158,Davis,Sophia,3.80,2026-06-08,2021-02-18T12:00:00Z
159,Rodriguez,James,3.90,2026-06-09,2022-03-19T12:00:00Z
160,Martinez,Isabella,4.00,2026-06-10,2023-04-20T12:00:00Z
161,Hernandez,William,2.10,2026-06-11,2024-05-21T12:00:00Z
162,Lopez,Mia,2.20,2026-06-12,2025-06-22T12:00:00Z
163,Gonzalez,Benjamin,2.30,2026-06-13,2020-07-23T12:00:00Z
164,Wilson,Charlotte,2.40,2026-06-14,2021-08-24T12:00:00Z
165,Anderson,Lucas,2.50,2026-06-15,2022-09-25T12:00:00Z
166,Thomas,Amelia,2.60,2026-06-16,2023-10-26T12:00:00Z
167,Taylor,Henry,2.70,2026-06-17,2024-11-27T12:00:00Z
168,Moore,Harper,2.80,2026-06-18,2025-12-28T12:00:00Z
169,Jackson,Theodore,2.90,2026-06-19,2020-01-01T12:00:00Z
170,Martin,Evelyn,3.00,2026-06-20,2021-02-02T12:00:00Z
171,Lee,Jack,3.10,2026-06-21,2022-03-03T12:00:00Z
172,Perez,Abigail,3.20,2026-06-22,2023-04-04T12:00:00Z
173,Thompson,Levi,3.30,2026-06-23,2024-05-05T12:00:00Z
174,White,Emily,3.40,2026-06-24,2025-06-06T12:00:00Z
175,Harris,Alexander,3.50,2026-06-25,2020-07-07T12:00:00Z
176,Sanchez,Ella,3.60,2026-06-26,2021-08-08T12:00:00Z
177,Clark,Jackson,3.70,2026-06-27,2022-09-09T12:00:00Z
178,Ramirez,Avery,3.80,2026-06-28,2023-10-10T12:00:00Z
179,Lewis,Mateo,3.90,2026-06-29,2024-11-11T12:00:00Z
180,Robinson,Sofia,4.00,2026-06-30,2025-12-12T12:00:00Z
181,Walker,Daniel,2.10,2026-06-01,2020-01-13T12:00:00Z
182,Young,Camila,2.20,2026-06-02,2021-02-14T12:00:00Z
183,Allen,Michael,2.30,2026-06-03,2022-03-15T12:00:00Z
184,King,Aria,2.40,2026-06-04,2023-04-16T12:00:00Z
185,Wright,Mason,2.50,2026-06-05,2024-05-17T12:00:00Z
186,Scott,Scarlett,2.60,2026-06-06,2025-06-18T12:00:00Z
187,Torres,Sebastian,2.70,2026-06-07,2020-07-19T12:00:00Z
188,Nguyen,Victoria,2.80,2026-06-08,2021-08-20T12:00:00Z
189,Hill,Ethan,2.90,2026-06-09,2022-09-21T12:00:00Z
190,Flores,Madison,3.00,2026-06-10,2023-10-22T12:00:00Z
191,Green,Logan,3.10,2026-06-11,2024-11-23T12:00:00Z
192,Adams,Luna,3.20,2026-06-12,2025-12-24T12:00:00Z
193,Nelson,Owen,3.30,2026-06-13,2020-01-25T12:00:00Z
194,Baker,Grace,3.40,2026-06-14,2021-02-26T12:00:00Z
195,Hall,Samuel,3.50,2026-06-15,2022-03-27T12:00:00Z
196,Rivera,Chloe,3.60,2026-06-16,2023-04-28T12:00:00Z
197,Campbell,Jacob,3.70,2026-06-17,2024-05-01T12:00:00Z
198,Mitchell,Penelope,3.80,2026-06-18,2025-06-02T12:00:00Z
199,Carter,Asher,3.90,2026-06-19,2020-07-03T12:00:00Z
200,Roberts,Layla,4.00,2026-06-20,2021-08-04T12:00:00Z
201,Smith,Noah,2.10,2026-06-21,2022-09-05T12:00:00Z
202,Johnson,Olivia,2.20,2026-06-22,2023-10-06T12:00:00Z
203,Williams,Liam,2.30,2026-06-23,2024-11-07T12:00:00Z
204,Brown,Emma,2.40,2026-06-24,2025-12-08T12:00:00Z
205,Jones,Oliver,2.50,2026-06-25,2020-01-09T12:00:00Z
206,Garcia,Ava,2.60,2026-06-26,2021-02-10T12:00:00Z
207,Miller,Elijah,2.70,2026-06-27,2022-03-11T12:00:00Z
208,Davis,Sophia,2.80,2026-06-28,2023-04-12T12:00:00Z
209,Rodriguez,James,2.90,2026-06-29,2024-05-13T12:00:00Z
210,Martinez,Isabella,3.00,2026-06-30,2025-06-14T12:00:00Z
211,Hernandez,William,3.10,2026-06-01,2020-07-15T12:00:00Z
212,Lopez,Mia,3.20,2026-06-02,2021-08-16T12:00:00Z
213,Gonzalez,Benjamin,3.30,2026-06-03,2022-09-17T12:00:00Z
214,Wilson,Charlotte,3.40,2026-06-04,2023-10-18T12:00:00Z
215,Anderson,Lucas,3.50,2026-06-05,2024-11-19T12:00:00Z
216,Thomas,Amelia,3.60,2026-06-06,2025-12-20T12:00:00Z
217,Taylor,Henry,3.70,2026-06-07,2020-01-21T12:00:00Z
218,Moore,Harper,3.80,2026-06-08,2021-02-22T12:00:00Z
219,Jackson,Theodore,3.90,2026-06-09,2022-03-23T12:00:00Z
220,Martin,Evelyn,4.00,2026-06-10,2023-04-24T12:00:00Z
221,Lee,Jack,2.10,2026-06-11,2024-05-25T12:00:00Z
222,Perez,Abigail,2.20,2026-06-12,2025-06-26T12:00:00Z
223,Thompson,Levi,2.30,2026-06-13,2020-07-27T12:00:00Z
224,White,Emily,2.40,2026-06-14,2021-08-28T12:00:00Z
225,Harris,Alexander,2.50,2026-06-15,2022-09-01T12:00:00Z
226,Sanchez,Ella,2.60,2026-06-16,2023-10-02T12:00:00Z
227,Clark,Jackson,2.70,2026-06-17,2024-11-03T12:00:00Z
228,Ramirez,Avery,2.80,2026-06-18,2025-12-04T12:00:00Z
229,Lewis,Mateo,2.90,2026-06-19,2020-01-05T12:00:00Z
230,Robinson,Sofia,3.00,2026-06-20,2021-02-06T12:00:00Z
231,Walker,Daniel,3.10,2026-06-21,2022-03-07T12:00:00Z
232,Young,Camila,3.20,2026-06-22,2023-04-08T12:00:00Z
233,Allen,Michael,3.30,2026-06-23,2024-05-09T12:00:00Z
234,King,Aria,3.40,2026-06-24,2025-06-10T12:00:00Z
235,Wright,Mason,3.50,2026-06-25,2020-07-11T12:00:00Z
236,Scott,Scarlett,3.60,2026-06-26,2021-08-12T12:00:00Z
237,Torres,Sebastian,3.70,2026-06-27,2022-09-13T12:00:00Z
238,Nguyen,Victoria,3.80,2026-06-28,2023-10-14T12:00:00Z
239,Hill,Ethan,3.90,2026-06-29,2024-11-15T12:00:00Z
240,Flores,Madison,4.00,2026-06-30,2025-12-16T12:00:00Z
241,Green,Logan,2.10,2026-06-01,2020-01-17T12:00:00Z
242,Adams,Luna,2.20,2026-06-02,2021-02-18T12:00:00Z
243,Nelson,Owen,2.30,2026-06-03,2022-03-19T12:00:00Z
244,Baker,Grace,2.40,2026-06-04,2023-04-20T12:00:00Z
245,Hall,Samuel,2.50,2026-06-05,2024-05-21T12:00:00Z
246,Rivera,Chloe,2.60,2026-06-06,2025-06-22T12:00:00Z
247,Campbell,Jacob,2.70,2026-06-07,2020-07-23T12:00:00Z
248,Mitchell,Penelope,2.80,2026-06-08,2021-08-24T12:00:00Z
249,Carter,Asher,2.90,2026-06-09,2022-09-25T12:00:00Z
250,Roberts,Layla,3.00,2026-06-10,2023-10-26T12:00:00Z
251,Smith,Noah,3.10,2026-06-11,2024-11-27T12:00:00Z
252,Johnson,Olivia,3.20,2026-06-12,2025-12-28T12:00:00Z
253,Williams,Liam,3.30,2026-06-13,2020-01-01T12:00:00Z
254,Brown,Emma,3.40,2026-06-14,2021-02-02T12:00:00Z
255,Jones,Oliver,3.50,2026-06-15,2022-03-03T12:00:00Z
256,Garcia,Ava,3.60,2026-06-16,2023-04-04T12:00:00Z
257,Miller,Elijah,3.70,2026-06-17,2024-05-05T12:00:00Z
258,Davis,Sophia,3.80,2026-06-18,2025-06-06T12:00:00Z
259,Rodriguez,James,3.90,2026-06-19,2020-07-07T12:00:00Z
260,Martinez,Isabella,4.00,2026-06-20,2021-08-08T12:00:00Z
261,Hernandez,William,2.10,2026-06-21,2022-09-09T12:00:00Z
262,Lopez,Mia,2.20,2026-06-22,2023-10-10T12:00:00Z
263,Gonzalez,Benjamin,2.30,2026-06-23,2024-11-11T12:00:00Z
264,Wilson,Charlotte,2.40,2026-06-24,2025-12-12T12:00:00Z
265,Anderson,Lucas,2.50,2026-06-25,2020-01-13T12:00:00Z
266,Thomas,Amelia,2.60,2026-06-26,2021-02-14T12:00:00Z
267,Taylor,Henry,2.70,2026-06-27,2022-03-15T12:00:00Z
268,Moore,Harper,2.80,2026-06-28,2023-04-16T12:00:00Z
269,Jackson,Theodore,2.90,2026-06-29,2024-05-17T12:00:00Z
270,Martin,Evelyn,3.00,2026-06-30,2025-06-18T12:00:00Z
271,Lee,Jack,3.10,2026-06-01,2020-07-19T12:00:00Z
272,Perez,Abigail,3.20,2026-06-02,2021-08-20T12:00:00Z
273,Thompson,Levi,3.30,2026-06-03,2022-09-21T12:00:00Z
274,White,Emily,3.40,2026-06-04,2023-10-22T12:00:00Z
275,Harris,Alexander,3.50,2026-06-05,2024-11-23T12:00:00Z
276,Sanchez,Ella,3.60,2026-06-06,2025-12-24T12:00:00Z
277,Clark,Jackson,3.70,2026-06-07,2020-01-25T12:00:00Z
278,Ramirez,Avery,3.80,2026-06-08,2021-02-26T12:00:00Z
279,Lewis,Mateo,3.90,2026-06-09,2022-03-27T12:00:00Z
280,Robinson,Sofia,4.00,2026-06-10,2023-04-28T12:00:00Z
281,Walker,Daniel,2.10,2026-06-11,2024-05-01T12:00:00Z
282,Young,Camila,2.20,2026-06-12,2025-06-02T12:00:00Z
283,Allen,Michael,2.30,2026-06-13,2020-07-03T12:00:00Z
284,King,Aria,2.40,2026-06-14,2021-08-04T12:00:00Z
285,Wright,Mason,2.50,2026-06-15,2022-09-05T12:00:00Z
286,Scott,Scarlett,2.60,2026-06-16,2023-10-06T12:00:00Z
287,Torres,Sebastian,2.70,2026-06-17,2024-11-07T12:00:00Z
288,Nguyen,Victoria,2.80,2026-06-18,2025-12-08T12:00:00Z
289,Hill,Ethan,2.90,2026-06-19,2020-01-09T12:00:00Z
290,Flores,Madison,3.00,2026-06-20,2021-02-10T12:00:00Z
291,Green,Logan,3.10,2026-06-21,2022-03-11T12:00:00Z
292,Adams,Luna,3.20,2026-06-22,2023-04-12T12:00:00Z
293,Nelson,Owen,3.30,2026-06-23,2024-05-13T12:00:00Z
294,Baker,Grace,3.40,2026-06-24,2025-06-14T12:00:00Z
295,Hall,Samuel,3.50,2026-06-25,2020-07-15T12:00:00Z
296,Rivera,Chloe,3.60,2026-06-26,2021-08-16T12:00:00Z
297,Campbell,Jacob,3.70,2026-06-27,2022-09-17T12:00:00Z
298,Mitchell,Penelope,3.80,2026-06-28,2023-10-18T12:00:00Z
299,Carter,Asher,3.90,2026-06-29,2024-11-19T12:00:00Z
300,Roberts,Layla,4.00,2026-06-30,2025-12-20T12:00:00Z
301,Smith,Noah,2.10,2026-06-01,2020-01-21T12:00:00Z
302,Johnson,Olivia,2.20,2026-06-02,2021-02-22T12:00:00Z
303,Williams,Liam,2.30,2026-06-03,2022-03-23T12:00:00Z
304,Brown,Emma,2.40,2026-06-04,2023-04-24T12:00:00Z
305,Jones,Oliver,2.50,2026-06-05,2024-05-25T12:00:00Z
306,Garcia,Ava,2.60,2026-06-06,2025-06-26T12:00:00Z
307,Miller,Elijah,2.70,2026-06-07,2020-07-27T12:00:00Z
308,Davis,Sophia,2.80,2026-06-08,2021-08-28T12:00:00Z
309,Rodriguez,James,2.90,2026-06-09,2022-09-01T12:00:00Z
310,Martinez,Isabella,3.00,2026-06-10,2023-10-02T12:00:00Z
311,Hernandez,William,3.10,2026-06-11,2024-11-03T12:00:00Z
312,Lopez,Mia,3.20,2026-06-12,2025-12-04T12:00:00Z
313,Gonzalez,Benjamin,3.30,2026-06-13,2020-01-05T12:00:00Z
314,Wilson,Charlotte,3.40,2026-06-14,2021-02-06T12:00:00Z
315,Anderson,Lucas,3.50,2026-06-15,2022-03-07T12:00:00Z
316,Thomas,Amelia,3.60,2026-06-16,2023-04-08T12:00:00Z
317,Taylor,Henry,3.70,2026-06-17,2024-05-09T12:00:00Z
318,Moore,Harper,3.80,2026-06-18,2025-06-10T12:00:00Z
319,Jackson,Theodore,3.90,2026-06-19,2020-07-11T12:00:00Z
320,Martin,Evelyn,4.00,2026-06-20,2021-08-12T12:00:00Z
321,Lee,Jack,2.10,2026-06-21,2022-09-13T12:00:00Z
322,Perez,Abigail,2.20,2026-06-22,2023-10-14T12:00:00Z
323,Thompson,Levi,2.30,2026-06-23,2024-11-15T12:00:00Z
324,White,Emily,2.40,2026-06-24,2025-12-16T12:00:00Z
325,Harris,Alexander,2.50,2026-06-25,2020-01-17T12:00:00Z
326,Sanchez,Ella,2.60,2026-06-26,2021-02-18T12:00:00Z
327,Clark,Jackson,2.70,2026-06-27,2022-03-19T12:00:00Z
328,Ramirez,Avery,2.80,2026-06-28,2023-04-20T12:00:00Z
329,Lewis,Mateo,2.90,2026-06-29,2024-05-21T12:00:00Z
330,Robinson,Sofia,3.00,2026-06-30,2025-06-22T12:00:00Z
331,Walker,Daniel,3.10,2026-06-01,2020-07-23T12:00:00Z
332,Young,Camila,3.20,2026-06-02,2021-08-24T12:00:00Z
333,Allen,Michael,3.30,2026-06-03,2022-09-25T12:00:00Z
334,King,Aria,3.40,2026-06-04,2023-10-26T12:00:00Z
335,Wright,Mason,3.50,2026-06-05,2024-11-27T12:00:00Z
336,Scott,Scarlett,3.60,2026-06-06,2025-12-28T12:00:00Z
337,Torres,Sebastian,3.70,2026-06-07,2020-01-01T12:00:00Z
338,Nguyen,Victoria,3.80,2026-06-08,2021-02-02T12:00:00Z
339,Hill,Ethan,3.90,2026-06-09,2022-03-03T12:00:00Z
340,Flores,Madison,4.00,2026-06-10,2023-04-04T12:00:00Z
341,Green,Logan,2.10,2026-06-11,2024-05-05T12:00:00Z
342,Adams,Luna,2.20,2026-06-12,2025-06-06T12:00:00Z
343,Nelson,Owen,2.30,2026-06-13,2020-07-07T12:00:00Z
344,Baker,Grace,2.40,2026-06-14,2021-08-08T12:00:00Z
345,Hall,Samuel,2.50,2026-06-15,2022-09-09T12:00:00Z
346,Rivera,Chloe,2.60,2026-06-16,2023-10-10T12:00:00Z
347,Campbell,Jacob,2.70,2026-06-17,2024-11-11T12:00:00Z
348,Mitchell,Penelope,2.80,2026-06-18,2025-12-12T12:00:00Z
349,Carter,Asher,2.90,2026-06-19,2020-01-13T12:00:00Z
350,Roberts,Layla,3.00,2026-06-20,2021-02-14T12:00:00Z
351,Smith,Noah,3.10,2026-06-21,2022-03-15T12:00:00Z
352,Johnson,Olivia,3.20,2026-06-22,2023-04-16T12:00:00Z
353,Williams,Liam,3.30,2026-06-23,2024-05-17T12:00:00Z
354,Brown,Emma,3.40,2026-06-24,2025-06-18T12:00:00Z
355,Jones,Oliver,3.50,2026-06-25,2020-07-19T12:00:00Z
356,Garcia,Ava,3.60,2026-06-26,2021-08-20T12:00:00Z
357,Miller,Elijah,3.70,2026-06-27,2022-09-21T12:00:00Z
358,Davis,Sophia,3.80,2026-06-28,2023-10-22T12:00:00Z
359,Rodriguez,James,3.90,2026-06-29,2024-11-23T12:00:00Z
360,Martinez,Isabella,4.00,2026-06-30,2025-12-24T12:00:00Z
361,Hernandez,William,2.10,2026-06-01,2020-01-25T12:00:00Z
362,Lopez,Mia,2.20,2026-06-02,2021-02-26T12:00:00Z
363,Gonzalez,Benjamin,2.30,2026-06-03,2022-03-27T12:00:00Z
364,Wilson,Charlotte,2.40,2026-06-04,2023-04-28T12:00:00Z
365,Anderson,Lucas,2.50,2026-06-05,2024-05-01T12:00:00Z
366,Thomas,Amelia,2.60,2026-06-06,2025-06-02T12:00:00Z
367,Taylor,Henry,2.70,2026-06-07,2020-07-03T12:00:00Z
368,Moore,Harper,2.80,2026-06-08,2021-08-04T12:00:00Z
369,Jackson,Theodore,2.90,2026-06-09,2022-09-05T12:00:00Z
370,Martin,Evelyn,3.00,2026-06-10,2023-10-06T12:00:00Z
371,Lee,Jack,3.10,2026-06-11,2024-11-07T12:00:00Z
372,Perez,Abigail,3.20,2026-06-12,2025-12-08T12:00:00Z
373,Thompson,Levi,3.30,2026-06-13,2020-01-09T12:00:00Z
374,White,Emily,3.40,2026-06-14,2021-02-10T12:00:00Z
375,Harris,Alexander,3.50,2026-06-15,2022-03-11T12:00:00Z
376,Sanchez,Ella,3.60,2026-06-16,2023-04-12T12:00:00Z
377,Clark,Jackson,3.70,2026-06-17,2024-05-13T12:00:00Z
378,Ramirez,Avery,3.80,2026-06-18,2025-06-14T12:00:00Z
379,Lewis,Mateo,3.90,2026-06-19,2020-07-15T12:00:00Z
380,Robinson,Sofia,4.00,2026-06-20,2021-08-16T12:00:00Z
381,Walker,Daniel,2.10,2026-06-21,2022-09-17T12:00:00Z
382,Young,Camila,2.20,2026-06-22,2023-10-18T12:00:00Z
383,Allen,Michael,2.30,2026-06-23,2024-11-19T12:00:00Z
384,King,Aria,2.40,2026-06-24,2025-12-20T12:00:00Z
385,Wright,Mason,2.50,2026-06-25,2020-01-21T12:00:00Z
386,Scott,Scarlett,2.60,2026-06-26,2021-02-22T12:00:00Z
387,Torres,Sebastian,2.70,2026-06-27,2022-03-23T12:00:00Z
388,Nguyen,Victoria,2.80,2026-06-28,2023-04-24T12:00:00Z
389,Hill,Ethan,2.90,2026-06-29,2024-05-25T12:00:00Z
390,Flores,Madison,3.00,2026-06-30,2025-06-26T12:00:00Z
391,Green,Logan,3.10,2026-06-01,2020-07-27T12:00:00Z
392,Adams,Luna,3.20,2026-06-02,2021-08-28T12:00:00Z
393,Nelson,Owen,3.30,2026-06-03,2022-09-01T12:00:00Z
394,Baker,Grace,3.40,2026-06-04,2023-10-02T12:00:00Z
395,Hall,Samuel,3.50,2026-06-05,2024-11-03T12:00:00Z
396,Rivera,Chloe,3.60,2026-06-06,2025-12-04T12:00:00Z
397,Campbell,Jacob,3.70,2026-06-07,2020-01-05T12:00:00Z
398,Mitchell,Penelope,3.80,2026-06-08,2021-02-06T12:00:00Z
399,Carter,Asher,3.90,2026-06-09,2022-03-07T12:00:00Z
400,Roberts,Layla,4.00,2026-06-10,2023-04-08T12:00:00Z
401,Smith,Noah,2.10,2026-06-11,2024-05-09T12:00:00Z
402,Johnson,Olivia,2.20,2026-06-12,2025-06-10T12:00:00Z
403,Williams,Liam,2.30,2026-06-13,2020-07-11T12:00:00Z
404,Brown,Emma,2.40,2026-06-14,2021-08-12T12:00:00Z
405,Jones,Oliver,2.50,2026-06-15,2022-09-13T12:00:00Z
406,Garcia,Ava,2.60,2026-06-16,2023-10-14T12:00:00Z
407,Miller,Elijah,2.70,2026-06-17,2024-11-15T12:00:00Z
408,Davis,Sophia,2.80,2026-06-18,2025-12-16T12:00:00Z
409,Rodriguez,James,2.90,2026-06-19,2020-01-17T12:00:00Z
410,Martinez,Isabella,3.00,2026-06-20,2021-02-18T12:00:00Z
411,Hernandez,William,3.10,2026-06-21,2022-03-19T12:00:00Z
412,Lopez,Mia,3.20,2026-06-22,2023-04-20T12:00:00Z
413,Gonzalez,Benjamin,3.30,2026-06-23,2024-05-21T12:00:00Z
414,Wilson,Charlotte,3.40,2026-06-24,2025-06-22T12:00:00Z
415,Anderson,Lucas,3.50,2026-06-25,2020-07-23T12:00:00Z
416,Thomas,Amelia,3.60,2026-06-26,2021-08-24T12:00:00Z
417,Taylor,Henry,3.70,2026-06-27,2022-09-25T12:00:00Z
418,Moore,Harper,3.80,2026-06-28,2023-10-26T12:00:00Z
419,Jackson,Theodore,3.90,2026-06-29,2024-11-27T12:00:00Z
420,Martin,Evelyn,4.00,2026-06-30,2025-12-28T12:00:00Z
421,Lee,Jack,2.10,2026-06-01,2020-01-01T12:00:00Z
422,Perez,Abigail,2.20,2026-06-02,2021-02-02T12:00:00Z
423,Thompson,Levi,2.30,2026-06-03,2022-03-03T12:00:00Z
424,White,Emily,2.40,2026-06-04,2023-04-04T12:00:00Z
425,Harris,Alexander,2.50,2026-06-05,2024-05-05T12:00:00Z
426,Sanchez,Ella,2.60,2026-06-06,2025-06-06T12:00:00Z
427,Clark,Jackson,2.70,2026-06-07,2020-07-07T12:00:00Z
428,Ramirez,Avery,2.80,2026-06-08,2021-08-08T12:00:00Z
429,Lewis,Mateo,2.90,2026-06-09,2022-09-09T12:00:00Z
430,Robinson,Sofia,3.00,2026-06-10,2023-10-10T12:00:00Z
431,Walker,Daniel,3.10,2026-06-11,2024-11-11T12:00:00Z
432,Young,Camila,3.20,2026-06-12,2025-12-12T12:00:00Z
433,Allen,Michael,3.30,2026-06-13,2020-01-13T12:00:00Z
434,King,Aria,3.40,2026-06-14,2021-02-14T12:00:00Z
435,Wright,Mason,3.50,2026-06-15,2022-03-15T12:00:00Z
436,Scott,Scarlett,3.60,2026-06-16,2023-04-16T12:00:00Z
437,Torres,Sebastian,3.70,2026-06-17,2024-05-17T12:00:00Z
438,Nguyen,Victoria,3.80,2026-06-18,2025-06-18T12:00:00Z
439,Hill,Ethan,3.90,2026-06-19,2020-07-19T12:00:00Z
440,Flores,Madison,4.00,2026-06-20,2021-08-20T12:00:00Z
441,Green,Logan,2.10,2026-06-21,2022-09-21T12:00:00Z
442,Adams,Luna,2.20,2026-06-22,2023-10-22T12:00:00Z
443,Nelson,Owen,2.30,2026-06-23,2024-11-23T12:00:00Z
444,Baker,Grace,2.40,2026-06-24,2025-12-24T12:00:00Z
445,Hall,Samuel,2.50,2026-06-25,2020-01-25T12:00:00Z
446,Rivera,Chloe,2.60,2026-06-26,2021-02-26T12:00:00Z
447,Campbell,Jacob,2.70,2026-06-27,2022-03-27T12:00:00Z
448,Mitchell,Penelope,2.80,2026-06-28,2023-04-28T12:00:00Z
449,Carter,Asher,2.90,2026-06-29,2024-05-01T12:00:00Z
450,Roberts,Layla,3.00,2026-06-30,2025-06-02T12:00:00Z
451,Smith,Noah,3.10,2026-06-01,2020-07-03T12:00:00Z
452,Johnson,Olivia,3.20,2026-06-02,2021-08-04T12:00:00Z
453,Williams,Liam,3.30,2026-06-03,2022-09-05T12:00:00Z
454,Brown,Emma,3.40,2026-06-04,2023-10-06T12:00:00Z
455,Jones,Oliver,3.50,2026-06-05,2024-11-07T12:00:00Z
456,Garcia,Ava,3.60,2026-06-06,2025-12-08T12:00:00Z
457,Miller,Elijah,3.70,2026-06-07,2020-01-09T12:00:00Z
458,Davis,Sophia,3.80,2026-06-08,2021-02-10T12:00:00Z
459,Rodriguez,James,3.90,2026-06-09,2022-03-11T12:00:00Z
460,Martinez,Isabella,4.00,2026-06-10,2023-04-12T12:00:00Z
461,Hernandez,William,2.10,2026-06-11,2024-05-13T12:00:00Z
462,Lopez,Mia,2.20,2026-06-12,2025-06-14T12:00:00Z
463,Gonzalez,Benjamin,2.30,2026-06-13,2020-07-15T12:00:00Z
464,Wilson,Charlotte,2.40,2026-06-14,2021-08-16T12:00:00Z
465,Anderson,Lucas,2.50,2026-06-15,2022-09-17T12:00:00Z
466,Thomas,Amelia,2.60,2026-06-16,2023-10-18T12:00:00Z
467,Taylor,Henry,2.70,2026-06-17,2024-11-19T12:00:00Z
468,Moore,Harper,2.80,2026-06-18,2025-12-20T12:00:00Z
469,Jackson,Theodore,2.90,2026-06-19,2020-01-21T12:00:00Z
470,Martin,Evelyn,3.00,2026-06-20,2021-02-22T12:00:00Z
471,Lee,Jack,3.10,2026-06-21,2022-03-23T12:00:00Z
472,Perez,Abigail,3.20,2026-06-22,2023-04-24T12:00:00Z
473,Thompson,Levi,3.30,2026-06-23,2024-05-25T12:00:00Z
474,White,Emily,3.40,2026-06-24,2025-06-26T12:00:00Z
475,Harris,Alexander,3.50,2026-06-25,2020-07-27T12:00:00Z
476,Sanchez,Ella,3.60,2026-06-26,2021-08-28T12:00:00Z
477,Clark,Jackson,3.70,2026-06-27,2022-09-01T12:00:00Z
478,Ramirez,Avery,3.80,2026-06-28,2023-10-02T12:00:00Z
479,Lewis,Mateo,3.90,2026-06-29,2024-11-03T12:00:00Z
480,Robinson,Sofia,4.00,2026-06-30,2025-12-04T12:00:00Z
481,Walker,Daniel,2.10,2026-06-01,2020-01-05T12:00:00Z
482,Young,Camila,2.20,2026-06-02,2021-02-06T12:00:00Z
483,Allen,Michael,2.30,2026-06-03,2022-03-07T12:00:00Z
484,King,Aria,2.40,2026-06-04,2023-04-08T12:00:00Z
485,Wright,Mason,2.50,2026-06-05,2024-05-09T12:00:00Z
486,Scott,Scarlett,2.60,2026-06-06,2025-06-10T12:00:00Z
487,Torres,Sebastian,2.70,2026-06-07,2020-07-11T12:00:00Z
488,Nguyen,Victoria,2.80,2026-06-08,2021-08-12T12:00:00Z
489,Hill,Ethan,2.90,2026-06-09,2022-09-13T12:00:00Z
490,Flores,Madison,3.00,2026-06-10,2023-10-14T12:00:00Z
491,Green,Logan,3.10,2026-06-11,2024-11-15T12:00:00Z
492,Adams,Luna,3.20,2026-06-12,2025-12-16T12:00:00Z
493,Nelson,Owen,3.30,2026-06-13,2020-01-17T12:00:00Z
494,Baker,Grace,3.40,2026-06-14,2021-02-18T12:00:00Z
495,Hall,Samuel,3.50,2026-06-15,2022-03-19T12:00:00Z
496,Rivera,Chloe,3.60,2026-06-16,2023-04-20T12:00:00Z
497,Campbell,Jacob,3.70,2026-06-17,2024-05-21T12:00:00Z
498,Mitchell,Penelope,3.80,2026-06-18,2025-06-22T12:00:00Z
499,Carter,Asher,3.90,2026-06-19,2020-07-23T12:00:00Z
500,Roberts,Layla,4.00,2026-06-20,2021-08-24T12:00:00Z
501,Smith,Noah,2.10,2026-06-21,2022-09-25T12:00:00Z
502,Johnson,Olivia,2.20,2026-06-22,2023-10-26T12:00:00Z
503,Williams,Liam,2.30,2026-06-23,2024-11-27T12:00:00Z
504,Brown,Emma,2.40,2026-06-24,2025-12-28T12:00:00Z
505,Jones,Oliver,2.50,2026-06-25,2020-01-01T12:00:00Z
506,Garcia,Ava,2.60,2026-06-26,2021-02-02T12:00:00Z
507,Miller,Elijah,2.70,2026-06-27,2022-03-03T12:00:00Z
508,Davis,Sophia,2.80,2026-06-28,2023-04-04T12:00:00Z
509,Rodriguez,James,2.90,2026-06-29,2024-05-05T12:00:00Z
510,Martinez,Isabella,3.00,2026-06-30,2025-06-06T12:00:00Z
511,Hernandez,William,3.10,2026-06-01,2020-07-07T12:00:00Z
512,Lopez,Mia,3.20,2026-06-02,2021-08-08T12:00:00Z
513,Gonzalez,Benjamin,3.30,2026-06-03,2022-09-09T12:00:00Z
514,Wilson,Charlotte,3.40,2026-06-04,2023-10-10T12:00:00Z
515,Anderson,Lucas,3.50,2026-06-05,2024-11-11T12:00:00Z
516,Thomas,Amelia,3.60,2026-06-06,2025-12-12T12:00:00Z
517,Taylor,Henry,3.70,2026-06-07,2020-01-13T12:00:00Z
518,Moore,Harper,3.80,2026-06-08,2021-02-14T12:00:00Z
519,Jackson,Theodore,3.90,2026-06-09,2022-03-15T12:00:00Z
520,Martin,Evelyn,4.00,2026-06-10,2023-04-16T12:00:00Z
521,Lee,Jack,2.10,2026-06-11,2024-05-17T12:00:00Z
522,Perez,Abigail,2.20,2026-06-12,2025-06-18T12:00:00Z
523,Thompson,Levi,2.30,2026-06-13,2020-07-19T12:00:00Z
524,White,Emily,2.40,2026-06-14,2021-08-20T12:00:00Z
525,Harris,Alexander,2.50,2026-06-15,2022-09-21T12:00:00Z
526,Sanchez,Ella,2.60,2026-06-16,2023-10-22T12:00:00Z
527,Clark,Jackson,2.70,2026-06-17,2024-11-23T12:00:00Z
528,Ramirez,Avery,2.80,2026-06-18,2025-12-24T12:00:00Z
529,Lewis,Mateo,2.90,2026-06-19,2020-01-25T12:00:00Z
530,Robinson,Sofia,3.00,2026-06-20,2021-02-26T12:00:00Z
531,Walker,Daniel,3.10,2026-06-21,2022-03-27T12:00:00Z
532,Young,Camila,3.20,2026-06-22,2023-04-28T12:00:00Z
533,Allen,Michael,3.30,2026-06-23,2024-05-01T12:00:00Z
534,King,Aria,3.40,2026-06-24,2025-06-02T12:00:00Z
535,Wright,Mason,3.50,2026-06-25,2020-07-03T12:00:00Z
536,Scott,Scarlett,3.60,2026-06-26,2021-08-04T12:00:00Z
537,Torres,Sebastian,3.70,2026-06-27,2022-09-05T12:00:00Z
538,Nguyen,Victoria,3.80,2026-06-28,2023-10-06T12:00:00Z
539,Hill,Ethan,3.90,2026-06-29,2024-11-07T12:00:00Z
540,Flores,Madison,4.00,2026-06-30,2025-12-08T12:00:00Z
541,Green,Logan,2.10,2026-06-01,2020-01-09T12:00:00Z
542,Adams,Luna,2.20,2026-06-02,2021-02-10T12:00:00Z
543,Nelson,Owen,2.30,2026-06-03,2022-03-11T12:00:00Z
544,Baker,Grace,2.40,2026-06-04,2023-04-12T12:00:00Z
545,Hall,Samuel,2.50,2026-06-05,2024-05-13T12:00:00Z
546,Rivera,Chloe,2.60,2026-06-06,2025-06-14T12:00:00Z
547,Campbell,Jacob,2.70,2026-06-07,2020-07-15T12:00:00Z
548,Mitchell,Penelope,2.80,2026-06-08,2021-08-16T12:00:00Z
549,Carter,Asher,2.90,2026-06-09,2022-09-17T12:00:00Z
550,Roberts,Layla,3.00,2026-06-10,2023-10-18T12:00:00Z
551,Smith,Noah,3.10,2026-06-11,2024-11-19T12:00:00Z
552,Johnson,Olivia,3.20,2026-06-12,2025-12-20T12:00:00Z
553,Williams,Liam,3.30,2026-06-13,2020-01-21T12:00:00Z
554,Brown,Emma,3.40,2026-06-14,2021-02-22T12:00:00Z
555,Jones,Oliver,3.50,2026-06-15,2022-03-23T12:00:00Z
556,Garcia,Ava,3.60,2026-06-16,2023-04-24T12:00:00Z
557,Miller,Elijah,3.70,2026-06-17,2024-05-25T12:00:00Z
558,Davis,Sophia,3.80,2026-06-18,2025-06-26T12:00:00Z
559,Rodriguez,James,3.90,2026-06-19,2020-07-27T12:00:00Z
560,Martinez,Isabella,4.00,2026-06-20,2021-08-28T12:00:00Z
561,Hernandez,William,2.10,2026-06-21,2022-09-01T12:00:00Z
562,Lopez,Mia,2.20,2026-06-22,2023-10-02T12:00:00Z
563,Gonzalez,Benjamin,2.30,2026-06-23,2024-11-03T12:00:00Z
564,Wilson,Charlotte,2.40,2026-06-24,2025-12-04T12:00:00Z
565,Anderson,Lucas,2.50,2026-06-25,2020-01-05T12:00:00Z
566,Thomas,Amelia,2.60,2026-06-26,2021-02-06T12:00:00Z
567,Taylor,Henry,2.70,2026-06-27,2022-03-07T12:00:00Z
568,Moore,Harper,2.80,2026-06-28,2023-04-08T12:00:00Z
569,Jackson,Theodore,2.90,2026-06-29,2024-05-09T12:00:00Z
570,Martin,Evelyn,3.00,2026-06-30,2025-06-10T12:00:00Z
571,Lee,Jack,3.10,2026-06-01,2020-07-11T12:00:00Z
572,Perez,Abigail,3.20,2026-06-02,2021-08-12T12:00:00Z
573,Thompson,Levi,3.30,2026-06-03,2022-09-13T12:00:00Z
574,White,Emily,3.40,2026-06-04,2023-10-14T12:00:00Z
575,Harris,Alexander,3.50,2026-06-05,2024-11-15T12:00:00Z
576,Sanchez,Ella,3.60,2026-06-06,2025-12-16T12:00:00Z
577,Clark,Jackson,3.70,2026-06-07,2020-01-17T12:00:00Z
578,Ramirez,Avery,3.80,2026-06-08,2021-02-18T12:00:00Z
579,Lewis,Mateo,3.90,2026-06-09,2022-03-19T12:00:00Z
580,Robinson,Sofia,4.00,2026-06-10,2023-04-20T12:00:00Z
581,Walker,Daniel,2.10,2026-06-11,2024-05-21T12:00:00Z
582,Young,Camila,2.20,2026-06-12,2025-06-22T12:00:00Z
583,Allen,Michael,2.30,2026-06-13,2020-07-23T12:00:00Z
584,King,Aria,2.40,2026-06-14,2021-08-24T12:00:00Z
585,Wright,Mason,2.50,2026-06-15,2022-09-25T12:00:00Z
586,Scott,Scarlett,2.60,2026-06-16,2023-10-26T12:00:00Z
587,Torres,Sebastian,2.70,2026-06-17,2024-11-27T12:00:00Z
588,Nguyen,Victoria,2.80,2026-06-18,2025-12-28T12:00:00Z
589,Hill,Ethan,2.90,2026-06-19,2020-01-01T12:00:00Z
590,Flores,Madison,3.00,2026-06-20,2021-02-02T12:00:00Z
591,Green,Logan,3.10,2026-06-21,2022-03-03T12:00:00Z
592,Adams,Luna,3.20,2026-06-22,2023-04-04T12:00:00Z
593,Nelson,Owen,3.30,2026-06-23,2024-05-05T12:00:00Z
594,Baker,Grace,3.40,2026-06-24,2025-06-06T12:00:00Z
595,Hall,Samuel,3.50,2026-06-25,2020-07-07T12:00:00Z
596,Rivera,Chloe,3.60,2026-06-26,2021-08-08T12:00:00Z
597,Campbell,Jacob,3.70,2026-06-27,2022-09-09T12:00:00Z
598,Mitchell,Penelope,3.80,2026-06-28,2023-10-10T12:00:00Z
599,Carter,Asher,3.90,2026-06-29,2024-11-11T12:00:00Z
600,Roberts,Layla,4.00,2026-06-30,2025-12-12T12:00:00Z
601,Smith,Noah,2.10,2026-06-01,2020-01-13T12:00:00Z
602,Johnson,Olivia,2.20,2026-06-02,2021-02-14T12:00:00Z
603,Williams,Liam,2.30,2026-06-03,2022-03-15T12:00:00Z
604,Brown,Emma,2.40,2026-06-04,2023-04-16T12:00:00Z
605,Jones,Oliver,2.50,2026-06-05,2024-05-17T12:00:00Z
606,Garcia,Ava,2.60,2026-06-06,2025-06-18T12:00:00Z
607,Miller,Elijah,2.70,2026-06-07,2020-07-19T12:00:00Z
608,Davis,Sophia,2.80,2026-06-08,2021-08-20T12:00:00Z
609,Rodriguez,James,2.90,2026-06-09,2022-09-21T12:00:00Z
610,Martinez,Isabella,3.00,2026-06-10,2023-10-22T12:00:00Z
611,Hernandez,William,3.10,2026-06-11,2024-11-23T12:00:00Z
612,Lopez,Mia,3.20,2026-06-12,2025-12-24T12:00:00Z
613,Gonzalez,Benjamin,3.30,2026-06-13,2020-01-25T12:00:00Z
614,Wilson,Charlotte,3.40,2026-06-14,2021-02-26T12:00:00Z
615,Anderson,Lucas,3.50,2026-06-15,2022-03-27T12:00:00Z
616,Thomas,Amelia,3.60,2026-06-16,2023-04-28T12:00:00Z
617,Taylor,Henry,3.70,2026-06-17,2024-05-01T12:00:00Z
618,Moore,Harper,3.80,2026-06-18,2025-06-02T12:00:00Z
619,Jackson,Theodore,3.90,2026-06-19,2020-07-03T12:00:00Z
620,Martin,Evelyn,4.00,2026-06-20,2021-08-04T12:00:00Z
621,Lee,Jack,2.10,2026-06-21,2022-09-05T12:00:00Z
622,Perez,Abigail,2.20,2026-06-22,2023-10-06T12:00:00Z
623,Thompson,Levi,2.30,2026-06-23,2024-11-07T12:00:00Z
624,White,Emily,2.40,2026-06-24,2025-12-08T12:00:00Z
625,Harris,Alexander,2.50,2026-06-25,2020-01-09T12:00:00Z
626,Sanchez,Ella,2.60,2026-06-26,2021-02-10T12:00:00Z
627,Clark,Jackson,2.70,2026-06-27,2022-03-11T12:00:00Z
628,Ramirez,Avery,2.80,2026-06-28,2023-04-12T12:00:00Z
629,Lewis,Mateo,2.90,2026-06-29,2024-05-13T12:00:00Z
630,Robinson,Sofia,3.00,2026-06-30,2025-06-14T12:00:00Z
631,Walker,Daniel,3.10,2026-06-01,2020-07-15T12:00:00Z
632,Young,Camila,3.20,2026-06-02,2021-08-16T12:00:00Z
633,Allen,Michael,3.30,2026-06-03,2022-09-17T12:00:00Z
634,King,Aria,3.40,2026-06-04,2023-10-18T12:00:00Z
635,Wright,Mason,3.50,2026-06-05,2024-11-19T12:00:00Z
636,Scott,Scarlett,3.60,2026-06-06,2025-12-20T12:00:00Z
637,Torres,Sebastian,3.70,2026-06-07,2020-01-21T12:00:00Z
638,Nguyen,Victoria,3.80,2026-06-08,2021-02-22T12:00:00Z
639,Hill,Ethan,3.90,2026-06-09,2022-03-23T12:00:00Z
640,Flores,Madison,4.00,2026-06-10,2023-04-24T12:00:00Z
641,Green,Logan,2.10,2026-06-11,2024-05-25T12:00:00Z
642,Adams,Luna,2.20,2026-06-12,2025-06-26T12:00:00Z
643,Nelson,Owen,2.30,2026-06-13,2020-07-27T12:00:00Z
644,Baker,Grace,2.40,2026-06-14,2021-08-28T12:00:00Z
645,Hall,Samuel,2.50,2026-06-15,2022-09-01T12:00:00Z
646,Rivera,Chloe,2.60,2026-06-16,2023-10-02T12:00:00Z
647,Campbell,Jacob,2.70,2026-06-17,2024-11-03T12:00:00Z
648,Mitchell,Penelope,2.80,2026-06-18,2025-12-04T12:00:00Z
649,Carter,Asher,2.90,2026-06-19,2020-01-05T12:00:00Z
650,Roberts,Layla,3.00,2026-06-20,2021-02-06T12:00:00Z
651,Smith,Noah,3.10,2026-06-21,2022-03-07T12:00:00Z
652,Johnson,Olivia,3.20,2026-06-22,2023-04-08T12:00:00Z
653,Williams,Liam,3.30,2026-06-23,2024-05-09T12:00:00Z
654,Brown,Emma,3.40,2026-06-24,2025-06-10T12:00:00Z
655,Jones,Oliver,3.50,2026-06-25,2020-07-11T12:00:00Z
656,Garcia,Ava,3.60,2026-06-26,2021-08-12T12:00:00Z
657,Miller,Elijah,3.70,2026-06-27,2022-09-13T12:00:00Z
658,Davis,Sophia,3.80,2026-06-28,2023-10-14T12:00:00Z
659,Rodriguez,James,3.90,2026-06-29,2024-11-15T12:00:00Z
660,Martinez,Isabella,4.00,2026-06-30,2025-12-16T12:00:00Z
661,Hernandez,William,2.10,2026-06-01,2020-01-17T12:00:00Z
662,Lopez,Mia,2.20,2026-06-02,2021-02-18T12:00:00Z
663,Gonzalez,Benjamin,2.30,2026-06-03,2022-03-19T12:00:00Z
664,Wilson,Charlotte,2.40,2026-06-04,2023-04-20T12:00:00Z
665,Anderson,Lucas,2.50,2026-06-05,2024-05-21T12:00:00Z
666,Thomas,Amelia,2.60,2026-06-06,2025-06-22T12:00:00Z
667,Taylor,Henry,2.70,2026-06-07,2020-07-23T12:00:00Z
668,Moore,Harper,2.80,2026-06-08,2021-08-24T12:00:00Z
669,Jackson,Theodore,2.90,2026-06-09,2022-09-25T12:00:00Z
670,Martin,Evelyn,3.00,2026-06-10,2023-10-26T12:00:00Z
671,Lee,Jack,3.10,2026-06-11,2024-11-27T12:00:00Z
672,Perez,Abigail,3.20,2026-06-12,2025-12-28T12:00:00Z
673,Thompson,Levi,3.30,2026-06-13,2020-01-01T12:00:00Z
674,White,Emily,3.40,2026-06-14,2021-02-02T12:00:00Z
675,Harris,Alexander,3.50,2026-06-15,2022-03-03T12:00:00Z
676,Sanchez,Ella,3.60,2026-06-16,2023-04-04T12:00:00Z
677,Clark,Jackson,3.70,2026-06-17,2024-05-05T12:00:00Z
678,Ramirez,Avery,3.80,2026-06-18,2025-06-06T12:00:00Z
679,Lewis,Mateo,3.90,2026-06-19,2020-07-07T12:00:00Z
680,Robinson,Sofia,4.00,2026-06-20,2021-08-08T12:00:00Z
681,Walker,Daniel,2.10,2026-06-21,2022-09-09T12:00:00Z
682,Young,Camila,2.20,2026-06-22,2023-10-10T12:00:00Z
683,Allen,Michael,2.30,2026-06-23,2024-11-11T12:00:00Z
684,King,Aria,2.40,2026-06-24,2025-12-12T12:00:00Z
685,Wright,Mason,2.50,2026-06-25,2020-01-13T12:00:00Z
686,Scott,Scarlett,2.60,2026-06-26,2021-02-14T12:00:00Z
687,Torres,Sebastian,2.70,2026-06-27,2022-03-15T12:00:00Z
688,Nguyen,Victoria,2.80,2026-06-28,2023-04-16T12:00:00Z
689,Hill,Ethan,2.90,2026-06-29,2024-05-17T12:00:00Z
690,Flores,Madison,3.00,2026-06-30,2025-06-18T12:00:00Z
691,Green,Logan,3.10,2026-06-01,2020-07-19T12:00:00Z
692,Adams,Luna,3.20,2026-06-02,2021-08-20T12:00:00Z
693,Nelson,Owen,3.30,2026-06-03,2022-09-21T12:00:00Z
694,Baker,Grace,3.40,2026-06-04,2023-10-22T12:00:00Z
695,Hall,Samuel,3.50,2026-06-05,2024-11-23T12:00:00Z
696,Rivera,Chloe,3.60,2026-06-06,2025-12-24T12:00:00Z
697,Campbell,Jacob,3.70,2026-06-07,2020-01-25T12:00:00Z
698,Mitchell,Penelope,3.80,2026-06-08,2021-02-26T12:00:00Z
699,Carter,Asher,3.90,2026-06-09,2022-03-27T12:00:00Z
700,Roberts,Layla,4.00,2026-06-10,2023-04-28T12:00:00Z
701,Smith,Noah,2.10,2026-06-11,2024-05-01T12:00:00Z
702,Johnson,Olivia,2.20,2026-06-12,2025-06-02T12:00:00Z
703,Williams,Liam,2.30,2026-06-13,2020-07-03T12:00:00Z
704,Brown,Emma,2.40,2026-06-14,2021-08-04T12:00:00Z
705,Jones,Oliver,2.50,2026-06-15,2022-09-05T12:00:00Z
706,Garcia,Ava,2.60,2026-06-16,2023-10-06T12:00:00Z
707,Miller,Elijah,2.70,2026-06-17,2024-11-07T12:00:00Z
708,Davis,Sophia,2.80,2026-06-18,2025-12-08T12:00:00Z
709,Rodriguez,James,2.90,2026-06-19,2020-01-09T12:00:00Z
710,Martinez,Isabella,3.00,2026-06-20,2021-02-10T12:00:00Z
711,Hernandez,William,3.10,2026-06-21,2022-03-11T12:00:00Z
712,Lopez,Mia,3.20,2026-06-22,2023-04-12T12:00:00Z
713,Gonzalez,Benjamin,3.30,2026-06-23,2024-05-13T12:00:00Z
714,Wilson,Charlotte,3.40,2026-06-24,2025-06-14T12:00:00Z
715,Anderson,Lucas,3.50,2026-06-25,2020-07-15T12:00:00Z
716,Thomas,Amelia,3.60,2026-06-26,2021-08-16T12:00:00Z
717,Taylor,Henry,3.70,2026-06-27,2022-09-17T12:00:00Z
718,Moore,Harper,3.80,2026-06-28,2023-10-18T12:00:00Z
719,Jackson,Theodore,3.90,2026-06-29,2024-11-19T12:00:00Z
720,Martin,Evelyn,4.00,2026-06-30,2025-12-20T12:00:00Z
721,Lee,Jack,2.10,2026-06-01,2020-01-21T12:00:00Z
722,Perez,Abigail,2.20,2026-06-02,2021-02-22T12:00:00Z
723,Thompson,Levi,2.30,2026-06-03,2022-03-23T12:00:00Z
724,White,Emily,2.40,2026-06-04,2023-04-24T12:00:00Z
725,Harris,Alexander,2.50,2026-06-05,2024-05-25T12:00:00Z
726,Sanchez,Ella,2.60,2026-06-06,2025-06-26T12:00:00Z
727,Clark,Jackson,2.70,2026-06-07,2020-07-27T12:00:00Z
728,Ramirez,Avery,2.80,2026-06-08,2021-08-28T12:00:00Z
729,Lewis,Mateo,2.90,2026-06-09,2022-09-01T12:00:00Z
730,Robinson,Sofia,3.00,2026-06-10,2023-10-02T12:00:00Z
731,Walker,Daniel,3.10,2026-06-11,2024-11-03T12:00:00Z
732,Young,Camila,3.20,2026-06-12,2025-12-04T12:00:00Z
733,Allen,Michael,3.30,2026-06-13,2020-01-05T12:00:00Z
734,King,Aria,3.40,2026-06-14,2021-02-06T12:00:00Z
735,Wright,Mason,3.50,2026-06-15,2022-03-07T12:00:00Z
736,Scott,Scarlett,3.60,2026-06-16,2023-04-08T12:00:00Z
737,Torres,Sebastian,3.70,2026-06-17,2024-05-09T12:00:00Z
738,Nguyen,Victoria,3.80,2026-06-18,2025-06-10T12:00:00Z
739,Hill,Ethan,3.90,2026-06-19,2020-07-11T12:00:00Z
740,Flores,Madison,4.00,2026-06-20,2021-08-12T12:00:00Z
741,Green,Logan,2.10,2026-06-21,2022-09-13T12:00:00Z
742,Adams,Luna,2.20,2026-06-22,2023-10-14T12:00:00Z
743,Nelson,Owen,2.30,2026-06-23,2024-11-15T12:00:00Z
744,Baker,Grace,2.40,2026-06-24,2025-12-16T12:00:00Z
745,Hall,Samuel,2.50,2026-06-25,2020-01-17T12:00:00Z
746,Rivera,Chloe,2.60,2026-06-26,2021-02-18T12:00:00Z
747,Campbell,Jacob,2.70,2026-06-27,2022-03-19T12:00:00Z
748,Mitchell,Penelope,2.80,2026-06-28,2023-04-20T12:00:00Z
749,Carter,Asher,2.90,2026-06-29,2024-05-21T12:00:00Z
750,Roberts,Layla,3.00,2026-06-30,2025-06-22T12:00:00Z
751,Smith,Noah,3.10,2026-06-01,2020-07-23T12:00:00Z
752,Johnson,Olivia,3.20,2026-06-02,2021-08-24T12:00:00Z
753,Williams,Liam,3.30,2026-06-03,2022-09-25T12:00:00Z
754,Brown,Emma,3.40,2026-06-04,2023-10-26T12:00:00Z
755,Jones,Oliver,3.50,2026-06-05,2024-11-27T12:00:00Z
756,Garcia,Ava,3.60,2026-06-06,2025-12-28T12:00:00Z
757,Miller,Elijah,3.70,2026-06-07,2020-01-01T12:00:00Z
758,Davis,Sophia,3.80,2026-06-08,2021-02-02T12:00:00Z
759,Rodriguez,James,3.90,2026-06-09,2022-03-03T12:00:00Z
760,Martinez,Isabella,4.00,2026-06-10,2023-04-04T12:00:00Z
761,Hernandez,William,2.10,2026-06-11,2024-05-05T12:00:00Z
762,Lopez,Mia,2.20,2026-06-12,2025-06-06T12:00:00Z
763,Gonzalez,Benjamin,2.30,2026-06-13,2020-07-07T12:00:00Z
764,Wilson,Charlotte,2.40,2026-06-14,2021-08-08T12:00:00Z
765,Anderson,Lucas,2.50,2026-06-15,2022-09-09T12:00:00Z
766,Thomas,Amelia,2.60,2026-06-16,2023-10-10T12:00:00Z
767,Taylor,Henry,2.70,2026-06-17,2024-11-11T12:00:00Z
768,Moore,Harper,2.80,2026-06-18,2025-12-12T12:00:00Z
769,Jackson,Theodore,2.90,2026-06-19,2020-01-13T12:00:00Z
770,Martin,Evelyn,3.00,2026-06-20,2021-02-14T12:00:00Z
771,Lee,Jack,3.10,2026-06-21,2022-03-15T12:00:00Z
772,Perez,Abigail,3.20,2026-06-22,2023-04-16T12:00:00Z
773,Thompson,Levi,3.30,2026-06-23,2024-05-17T12:00:00Z
774,White,Emily,3.40,2026-06-24,2025-06-18T12:00:00Z
775,Harris,Alexander,3.50,2026-06-25,2020-07-19T12:00:00Z
776,Sanchez,Ella,3.60,2026-06-26,2021-08-20T12:00:00Z
777,Clark,Jackson,3.70,2026-06-27,2022-09-21T12:00:00Z
778,Ramirez,Avery,3.80,2026-06-28,2023-10-22T12:00:00Z
779,Lewis,Mateo,3.90,2026-06-29,2024-11-23T12:00:00Z
780,Robinson,Sofia,4.00,2026-06-30,2025-12-24T12:00:00Z
781,Walker,Daniel,2.10,2026-06-01,2020-01-25T12:00:00Z
782,Young,Camila,2.20,2026-06-02,2021-02-26T12:00:00Z
783,Allen,Michael,2.30,2026-06-03,2022-03-27T12:00:00Z
784,King,Aria,2.40,2026-06-04,2023-04-28T12:00:00Z
785,Wright,Mason,2.50,2026-06-05,2024-05-01T12:00:00Z
786,Scott,Scarlett,2.60,2026-06-06,2025-06-02T12:00:00Z
787,Torres,Sebastian,2.70,2026-06-07,2020-07-03T12:00:00Z
788,Nguyen,Victoria,2.80,2026-06-08,2021-08-04T12:00:00Z
789,Hill,Ethan,2.90,2026-06-09,2022-09-05T12:00:00Z
790,Flores,Madison,3.00,2026-06-10,2023-10-06T12:00:00Z
791,Green,Logan,3.10,2026-06-11,2024-11-07T12:00:00Z
792,Adams,Luna,3.20,2026-06-12,2025-12-08T12:00:00Z
793,Nelson,Owen,3.30,2026-06-13,2020-01-09T12:00:00Z
794,Baker,Grace,3.40,2026-06-14,2021-02-10T12:00:00Z
795,Hall,Samuel,3.50,2026-06-15,2022-03-11T12:00:00Z
796,Rivera,Chloe,3.60,2026-06-16,2023-04-12T12:00:00Z
797,Campbell,Jacob,3.70,2026-06-17,2024-05-13T12:00:00Z
798,Mitchell,Penelope,3.80,2026-06-18,2025-06-14T12:00:00Z
799,Carter,Asher,3.90,2026-06-19,2020-07-15T12:00:00Z
800,Roberts,Layla,4.00,2026-06-20,2021-08-16T12:00:00Z
801,Smith,Noah,2.10,2026-06-21,2022-09-17T12:00:00Z
802,Johnson,Olivia,2.20,2026-06-22,2023-10-18T12:00:00Z
803,Williams,Liam,2.30,2026-06-23,2024-11-19T12:00:00Z
804,Brown,Emma,2.40,2026-06-24,2025-12-20T12:00:00Z
805,Jones,Oliver,2.50,2026-06-25,2020-01-21T12:00:00Z
806,Garcia,Ava,2.60,2026-06-26,2021-02-22T12:00:00Z
807,Miller,Elijah,2.70,2026-06-27,2022-03-23T12:00:00Z
808,Davis,Sophia,2.80,2026-06-28,2023-04-24T12:00:00Z
809,Rodriguez,James,2.90,2026-06-29,2024-05-25T12:00:00Z
810,Martinez,Isabella,3.00,2026-06-30,2025-06-26T12:00:00Z
811,Hernandez,William,3.10,2026-06-01,2020-07-27T12:00:00Z
812,Lopez,Mia,3.20,2026-06-02,2021-08-28T12:00:00Z
813,Gonzalez,Benjamin,3.30,2026-06-03,2022-09-01T12:00:00Z
814,Wilson,Charlotte,3.40,2026-06-04,2023-10-02T12:00:00Z
815,Anderson,Lucas,3.50,2026-06-05,2024-11-03T12:00:00Z
816,Thomas,Amelia,3.60,2026-06-06,2025-12-04T12:00:00Z
817,Taylor,Henry,3.70,2026-06-07,2020-01-05T12:00:00Z
818,Moore,Harper,3.80,2026-06-08,2021-02-06T12:00:00Z
819,Jackson,Theodore,3.90,2026-06-09,2022-03-07T12:00:00Z
820,Martin,Evelyn,4.00,2026-06-10,2023-04-08T12:00:00Z
821,Lee,Jack,2.10,2026-06-11,2024-05-09T12:00:00Z
822,Perez,Abigail,2.20,2026-06-12,2025-06-10T12:00:00Z
823,Thompson,Levi,2.30,2026-06-13,2020-07-11T12:00:00Z
824,White,Emily,2.40,2026-06-14,2021-08-12T12:00:00Z
825,Harris,Alexander,2.50,2026-06-15,2022-09-13T12:00:00Z
826,Sanchez,Ella,2.60,2026-06-16,2023-10-14T12:00:00Z
827,Clark,Jackson,2.70,2026-06-17,2024-11-15T12:00:00Z
828,Ramirez,Avery,2.80,2026-06-18,2025-12-16T12:00:00Z
829,Lewis,Mateo,2.90,2026-06-19,2020-01-17T12:00:00Z
830,Robinson,Sofia,3.00,2026-06-20,2021-02-18T12:00:00Z
831,Walker,Daniel,3.10,2026-06-21,2022-03-19T12:00:00Z
832,Young,Camila,3.20,2026-06-22,2023-04-20T12:00:00Z
833,Allen,Michael,3.30,2026-06-23,2024-05-21T12:00:00Z
834,King,Aria,3.40,2026-06-24,2025-06-22T12:00:00Z
835,Wright,Mason,3.50,2026-06-25,2020-07-23T12:00:00Z
836,Scott,Scarlett,3.60,2026-06-26,2021-08-24T12:00:00Z
837,Torres,Sebastian,3.70,2026-06-27,2022-09-25T12:00:00Z
838,Nguyen,Victoria,3.80,2026-06-28,2023-10-26T12:00:00Z
839,Hill,Ethan,3.90,2026-06-29,2024-11-27T12:00:00Z
840,Flores,Madison,4.00,2026-06-30,2025-12-28T12:00:00Z
841,Green,Logan,2.10,2026-06-01,2020-01-01T12:00:00Z
842,Adams,Luna,2.20,2026-06-02,2021-02-02T12:00:00Z
843,Nelson,Owen,2.30,2026-06-03,2022-03-03T12:00:00Z
844,Baker,Grace,2.40,2026-06-04,2023-04-04T12:00:00Z
845,Hall,Samuel,2.50,2026-06-05,2024-05-05T12:00:00Z
846,Rivera,Chloe,2.60,2026-06-06,2025-06-06T12:00:00Z
847,Campbell,Jacob,2.70,2026-06-07,2020-07-07T12:00:00Z
848,Mitchell,Penelope,2.80,2026-06-08,2021-08-08T12:00:00Z
849,Carter,Asher,2.90,2026-06-09,2022-09-09T12:00:00Z
850,Roberts,Layla,3.00,2026-06-10,2023-10-10T12:00:00Z
851,Smith,Noah,3.10,2026-06-11,2024-11-11T12:00:00Z
852,Johnson,Olivia,3.20,2026-06-12,2025-12-12T12:00:00Z
853,Williams,Liam,3.30,2026-06-13,2020-01-13T12:00:00Z
854,Brown,Emma,3.40,2026-06-14,2021-02-14T12:00:00Z
855,Jones,Oliver,3.50,2026-06-15,2022-03-15T12:00:00Z
856,Garcia,Ava,3.60,2026-06-16,2023-04-16T12:00:00Z
857,Miller,Elijah,3.70,2026-06-17,2024-05-17T12:00:00Z
858,Davis,Sophia,3.80,2026-06-18,2025-06-18T12:00:00Z
859,Rodriguez,James,3.90,2026-06-19,2020-07-19T12:00:00Z
860,Martinez,Isabella,4.00,2026-06-20,2021-08-20T12:00:00Z
861,Hernandez,William,2.10,2026-06-21,2022-09-21T12:00:00Z
862,Lopez,Mia,2.20,2026-06-22,2023-10-22T12:00:00Z
863,Gonzalez,Benjamin,2.30,2026-06-23,2024-11-23T12:00:00Z
864,Wilson,Charlotte,2.40,2026-06-24,2025-12-24T12:00:00Z
865,Anderson,Lucas,2.50,2026-06-25,2020-01-25T12:00:00Z
866,Thomas,Amelia,2.60,2026-06-26,2021-02-26T12:00:00Z
867,Taylor,Henry,2.70,2026-06-27,2022-03-27T12:00:00Z
868,Moore,Harper,2.80,2026-06-28,2023-04-28T12:00:00Z
869,Jackson,Theodore,2.90,2026-06-29,2024-05-01T12:00:00Z
870,Martin,Evelyn,3.00,2026-06-30,2025-06-02T12:00:00Z
871,Lee,Jack,3.10,2026-06-01,2020-07-03T12:00:00Z
872,Perez,Abigail,3.20,2026-06-02,2021-08-04T12:00:00Z
873,Thompson,Levi,3.30,2026-06-03,2022-09-05T12:00:00Z
874,White,Emily,3.40,2026-06-04,2023-10-06T12:00:00Z
875,Harris,Alexander,3.50,2026-06-05,2024-11-07T12:00:00Z
876,Sanchez,Ella,3.60,2026-06-06,2025-12-08T12:00:00Z
877,Clark,Jackson,3.70,2026-06-07,2020-01-09T12:00:00Z
878,Ramirez,Avery,3.80,2026-06-08,2021-02-10T12:00:00Z
879,Lewis,Mateo,3.90,2026-06-09,2022-03-11T12:00:00Z
880,Robinson,Sofia,4.00,2026-06-10,2023-04-12T12:00:00Z
881,Walker,Daniel,2.10,2026-06-11,2024-05-13T12:00:00Z
882,Young,Camila,2.20,2026-06-12,2025-06-14T12:00:00Z
883,Allen,Michael,2.30,2026-06-13,2020-07-15T12:00:00Z
884,King,Aria,2.40,2026-06-14,2021-08-16T12:00:00Z
885,Wright,Mason,2.50,2026-06-15,2022-09-17T12:00:00Z
886,Scott,Scarlett,2.60,2026-06-16,2023-10-18T12:00:00Z
887,Torres,Sebastian,2.70,2026-06-17,2024-11-19T12:00:00Z
888,Nguyen,Victoria,2.80,2026-06-18,2025-12-20T12:00:00Z
889,Hill,Ethan,2.90,2026-06-19,2020-01-21T12:00:00Z
890,Flores,Madison,3.00,2026-06-20,2021-02-22T12:00:00Z
891,Green,Logan,3.10,2026-06-21,2022-03-23T12:00:00Z
892,Adams,Luna,3.20,2026-06-22,2023-04-24T12:00:00Z
893,Nelson,Owen,3.30,2026-06-23,2024-05-25T12:00:00Z
894,Baker,Grace,3.40,2026-06-24,2025-06-26T12:00:00Z
895,Hall,Samuel,3.50,2026-06-25,2020-07-27T12:00:00Z
896,Rivera,Chloe,3.60,2026-06-26,2021-08-28T12:00:00Z
897,Campbell,Jacob,3.70,2026-06-27,2022-09-01T12:00:00Z
898,Mitchell,Penelope,3.80,2026-06-28,2023-10-02T12:00:00Z
899,Carter,Asher,3.90,2026-06-29,2024-11-03T12:00:00Z
900,Roberts,Layla,4.00,2026-06-30,2025-12-04T12:00:00Z
901,Smith,Noah,2.10,2026-06-01,2020-01-05T12:00:00Z
902,Johnson,Olivia,2.20,2026-06-02,2021-02-06T12:00:00Z
903,Williams,Liam,2.30,2026-06-03,2022-03-07T12:00:00Z
904,Brown,Emma,2.40,2026-06-04,2023-04-08T12:00:00Z
905,Jones,Oliver,2.50,2026-06-05,2024-05-09T12:00:00Z
906,Garcia,Ava,2.60,2026-06-06,2025-06-10T12:00:00Z
907,Miller,Elijah,2.70,2026-06-07,2020-07-11T12:00:00Z
908,Davis,Sophia,2.80,2026-06-08,2021-08-12T12:00:00Z
909,Rodriguez,James,2.90,2026-06-09,2022-09-13T12:00:00Z
910,Martinez,Isabella,3.00,2026-06-10,2023-10-14T12:00:00Z
911,Hernandez,William,3.10,2026-06-11,2024-11-15T12:00:00Z
912,Lopez,Mia,3.20,2026-06-12,2025-12-16T12:00:00Z
913,Gonzalez,Benjamin,3.30,2026-06-13,2020-01-17T12:00:00Z
914,Wilson,Charlotte,3.40,2026-06-14,2021-02-18T12:00:00Z
915,Anderson,Lucas,3.50,2026-06-15,2022-03-19T12:00:00Z
916,Thomas,Amelia,3.60,2026-06-16,2023-04-20T12:00:00Z
917,Taylor,Henry,3.70,2026-06-17,2024-05-21T12:00:00Z
918,Moore,Harper,3.80,2026-06-18,2025-06-22T12:00:00Z
919,Jackson,Theodore,3.90,2026-06-19,2020-07-23T12:00:00Z
920,Martin,Evelyn,4.00,2026-06-20,2021-08-24T12:00:00Z
921,Lee,Jack,2.10,2026-06-21,2022-09-25T12:00:00Z
922,Perez,Abigail,2.20,2026-06-22,2023-10-26T12:00:00Z
923,Thompson,Levi,2.30,2026-06-23,2024-11-27T12:00:00Z
924,White,Emily,2.40,2026-06-24,2025-12-28T12:00:00Z
925,Harris,Alexander,2.50,2026-06-25,2020-01-01T12:00:00Z
926,Sanchez,Ella,2.60,2026-06-26,2021-02-02T12:00:00Z
927,Clark,Jackson,2.70,2026-06-27,2022-03-03T12:00:00Z
928,Ramirez,Avery,2.80,2026-06-28,2023-04-04T12:00:00Z
929,Lewis,Mateo,2.90,2026-06-29,2024-05-05T12:00:00Z
930,Robinson,Sofia,3.00,2026-06-30,2025-06-06T12:00:00Z
931,Walker,Daniel,3.10,2026-06-01,2020-07-07T12:00:00Z
932,Young,Camila,3.20,2026-06-02,2021-08-08T12:00:00Z
933,Allen,Michael,3.30,2026-06-03,2022-09-09T12:00:00Z
934,King,Aria,3.40,2026-06-04,2023-10-10T12:00:00Z
935,Wright,Mason,3.50,2026-06-05,2024-11-11T12:00:00Z
936,Scott,Scarlett,3.60,2026-06-06,2025-12-12T12:00:00Z
937,Torres,Sebastian,3.70,2026-06-07,2020-01-13T12:00:00Z
938,Nguyen,Victoria,3.80,2026-06-08,2021-02-14T12:00:00Z
939,Hill,Ethan,3.90,2026-06-09,2022-03-15T12:00:00Z
940,Flores,Madison,4.00,2026-06-10,2023-04-16T12:00:00Z
941,Green,Logan,2.10,2026-06-11,2024-05-17T12:00:00Z
942,Adams,Luna,2.20,2026-06-12,2025-06-18T12:00:00Z
943,Nelson,Owen,2.30,2026-06-13,2020-07-19T12:00:00Z
944,Baker,Grace,2.40,2026-06-14,2021-08-20T12:00:00Z
945,Hall,Samuel,2.50,2026-06-15,2022-09-21T12:00:00Z
946,Rivera,Chloe,2.60,2026-06-16,2023-10-22T12:00:00Z
947,Campbell,Jacob,2.70,2026-06-17,2024-11-23T12:00:00Z
948,Mitchell,Penelope,2.80,2026-06-18,2025-12-24T12:00:00Z
949,Carter,Asher,2.90,2026-06-19,2020-01-25T12:00:00Z
950,Roberts,Layla,3.00,2026-06-20,2021-02-26T12:00:00Z
951,Smith,Noah,3.10,2026-06-21,2022-03-27T12:00:00Z
952,Johnson,Olivia,3.20,2026-06-22,2023-04-28T12:00:00Z
953,Williams,Liam,3.30,2026-06-23,2024-05-01T12:00:00Z
954,Brown,Emma,3.40,2026-06-24,2025-06-02T12:00:00Z
955,Jones,Oliver,3.50,2026-06-25,2020-07-03T12:00:00Z
956,Garcia,Ava,3.60,2026-06-26,2021-08-04T12:00:00Z
957,Miller,Elijah,3.70,2026-06-27,2022-09-05T12:00:00Z
958,Davis,Sophia,3.80,2026-06-28,2023-10-06T12:00:00Z
959,Rodriguez,James,3.90,2026-06-29,2024-11-07T12:00:00Z
960,Martinez,Isabella,4.00,2026-06-30,2025-12-08T12:00:00Z
961,Hernandez,William,2.10,2026-06-01,2020-01-09T12:00:00Z
962,Lopez,Mia,2.20,2026-06-02,2021-02-10T12:00:00Z
963,Gonzalez,Benjamin,2.30,2026-06-03,2022-03-11T12:00:00Z
964,Wilson,Charlotte,2.40,2026-06-04,2023-04-12T12:00:00Z
965,Anderson,Lucas,2.50,2026-06-05,2024-05-13T12:00:00Z
966,Thomas,Amelia,2.60,2026-06-06,2025-06-14T12:00:00Z
967,Taylor,Henry,2.70,2026-06-07,2020-07-15T12:00:00Z
968,Moore,Harper,2.80,2026-06-08,2021-08-16T12:00:00Z
969,Jackson,Theodore,2.90,2026-06-09,2022-09-17T12:00:00Z
970,Martin,Evelyn,3.00,2026-06-10,2023-10-18T12:00:00Z
971,Lee,Jack,3.10,2026-06-11,2024-11-19T12:00:00Z
972,Perez,Abigail,3.20,2026-06-12,2025-12-20T12:00:00Z
973,Thompson,Levi,3.30,2026-06-13,2020-01-21T12:00:00Z
974,White,Emily,3.40,2026-06-14,2021-02-22T12:00:00Z
975,Harris,Alexander,3.50,2026-06-15,2022-03-23T12:00:00Z
976,Sanchez,Ella,3.60,2026-06-16,2023-04-24T12:00:00Z
977,Clark,Jackson,3.70,2026-06-17,2024-05-25T12:00:00Z
978,Ramirez,Avery,3.80,2026-06-18,2025-06-26T12:00:00Z
979,Lewis,Mateo,3.90,2026-06-19,2020-07-27T12:00:00Z
980,Robinson,Sofia,4.00,2026-06-20,2021-08-28T12:00:00Z
981,Walker,Daniel,2.10,2026-06-21,2022-09-01T12:00:00Z
982,Young,Camila,2.20,2026-06-22,2023-10-02T12:00:00Z
983,Allen,Michael,2.30,2026-06-23,2024-11-03T12:00:00Z
984,King,Aria,2.40,2026-06-24,2025-12-04T12:00:00Z
985,Wright,Mason,2.50,2026-06-25,2020-01-05T12:00:00Z
986,Scott,Scarlett,2.60,2026-06-26,2021-02-06T12:00:00Z
987,Torres,Sebastian,2.70,2026-06-27,2022-03-07T12:00:00Z
988,Nguyen,Victoria,2.80,2026-06-28,2023-04-08T12:00:00Z
989,Hill,Ethan,2.90,2026-06-29,2024-05-09T12:00:00Z
990,Flores,Madison,3.00,2026-06-30,2025-06-10T12:00:00Z
991,Green,Logan,3.10,2026-06-01,2020-07-11T12:00:00Z
992,Adams,Luna,3.20,2026-06-02,2021-08-12T12:00:00Z
993,Nelson,Owen,3.30,2026-06-03,2022-09-13T12:00:00Z
994,Baker,Grace,3.40,2026-06-04,2023-10-14T12:00:00Z
995,Hall,Samuel,3.50,2026-06-05,2024-11-15T12:00:00Z
996,Rivera,Chloe,3.60,2026-06-06,2025-12-16T12:00:00Z
997,Campbell,Jacob,3.70,2026-06-07,2020-01-17T12:00:00Z
998,Mitchell,Penelope,3.80,2026-06-08,2021-02-18T12:00:00Z
999,Carter,Asher,3.90,2026-06-09,2022-03-19T12:00:00Z
1000,Roberts,Layla,4.00,2026-06-10,2023-04-20T12:00:00Z
1001,Smith,Noah,2.10,2026-06-11,2024-05-21T12:00:00Z
1002,Johnson,Olivia,2.20,2026-06-12,2025-06-22T12:00:00Z
1003,Williams,Liam,2.30,2026-06-13,2020-07-23T12:00:00Z
1004,Brown,Emma,2.40,2026-06-14,2021-08-24T12:00:00Z
1005,Jones,Oliver,2.50,2026-06-15,2022-09-25T12:00:00Z
1006,Garcia,Ava,2.60,2026-06-16,2023-10-26T12:00:00Z
1007,Miller,Elijah,2.70,2026-06-17,2024-11-27T12:00:00Z
1008,Davis,Sophia,2.80,2026-06-18,2025-12-28T12:00:00Z
1009,Rodriguez,James,2.90,2026-06-19,2020-01-01T12:00:00Z
1010,Martinez,Isabella,3.00,2026-06-20,2021-02-02T12:00:00Z
1011,Hernandez,William,3.10,2026-06-21,2022-03-03T12:00:00Z
1012,Lopez,Mia,3.20,2026-06-22,2023-04-04T12:00:00Z
1013,Gonzalez,Benjamin,3.30,2026-06-23,2024-05-05T12:00:00Z
1014,Wilson,Charlotte,3.40,2026-06-24,2025-06-06T12:00:00Z
1015,Anderson,Lucas,3.50,2026-06-25,2020-07-07T12:00:00Z
1016,Thomas,Amelia,3.60,2026-06-26,2021-08-08T12:00:00Z
1017,Taylor,Henry,3.70,2026-06-27,2022-09-09T12:00:00Z
1018,Moore,Harper,3.80,2026-06-28,2023-10-10T12:00:00Z
1019,Jackson,Theodore,3.90,2026-06-29,2024-11-11T12:00:00Z
1020,Martin,Evelyn,4.00,2026-06-30,2025-12-12T12:00:00Z
1021,Lee,Jack,2.10,2026-06-01,2020-01-13T12:00:00Z
1022,Perez,Abigail,2.20,2026-06-02,2021-02-14T12:00:00Z
1023,Thompson,Levi,2.30,2026-06-03,2022-03-15T12:00:00Z
1024,White,Emily,2.40,2026-06-04,2023-04-16T12:00:00Z
1025,Harris,Alexander,2.50,2026-06-05,2024-05-17T12:00:00Z
1026,Sanchez,Ella,2.60,2026-06-06,2025-06-18T12:00:00Z
1027,Clark,Jackson,2.70,2026-06-07,2020-07-19T12:00:00Z
1028,Ramirez,Avery,2.80,2026-06-08,2021-08-20T12:00:00Z
1029,Lewis,Mateo,2.90,2026-06-09,2022-09-21T12:00:00Z
1030,Robinson,Sofia,3.00,2026-06-10,2023-10-22T12:00:00Z
1031,Walker,Daniel,3.10,2026-06-11,2024-11-23T12:00:00Z
1032,Young,Camila,3.20,2026-06-12,2025-12-24T12:00:00Z
1033,Allen,Michael,3.30,2026-06-13,2020-01-25T12:00:00Z
1034,King,Aria,3.40,2026-06-14,2021-02-26T12:00:00Z
1035,Wright,Mason,3.50,2026-06-15,2022-03-27T12:00:00Z
1036,Scott,Scarlett,3.60,2026-06-16,2023-04-28T12:00:00Z
1037,Torres,Sebastian,3.70,2026-06-17,2024-05-01T12:00:00Z
1038,Nguyen,Victoria,3.80,2026-06-18,2025-06-02T12:00:00Z
1039,Hill,Ethan,3.90,2026-06-19,2020-07-03T12:00:00Z
1040,Flores,Madison,4.00,2026-06-20,2021-08-04T12:00:00Z
1041,Green,Logan,2.10,2026-06-21,2022-09-05T12:00:00Z
1042,Adams,Luna,2.20,2026-06-22,2023-10-06T12:00:00Z
1043,Nelson,Owen,2.30,2026-06-23,2024-11-07T12:00:00Z
1044,Baker,Grace,2.40,2026-06-24,2025-12-08T12:00:00Z
1045,Hall,Samuel,2.50,2026-06-25,2020-01-09T12:00:00Z
1046,Rivera,Chloe,2.60,2026-06-26,2021-02-10T12:00:00Z
1047,Campbell,Jacob,2.70,2026-06-27,2022-03-11T12:00:00Z
1048,Mitchell,Penelope,2.80,2026-06-28,2023-04-12T12:00:00Z
1049,Carter,Asher,2.90,2026-06-29,2024-05-13T12:00:00Z
1050,Roberts,Layla,3.00,2026-06-30,2025-06-14T12:00:00Z
1051,Smith,Noah,3.10,2026-06-01,2020-07-15T12:00:00Z
1052,Johnson,Olivia,3.20,2026-06-02,2021-08-16T12:00:00Z
1053,Williams,Liam,3.30,2026-06-03,2022-09-17T12:00:00Z
1054,Brown,Emma,3.40,2026-06-04,2023-10-18T12:00:00Z
1055,Jones,Oliver,3.50,2026-06-05,2024-11-19T12:00:00Z
1056,Garcia,Ava,3.60,2026-06-06,2025-12-20T12:00:00Z
1057,Miller,Elijah,3.70,2026-06-07,2020-01-21T12:00:00Z
1058,Davis,Sophia,3.80,2026-06-08,2021-02-22T12:00:00Z
1059,Rodriguez,James,3.90,2026-06-09,2022-03-23T12:00:00Z
1060,Martinez,Isabella,4.00,2026-06-10,2023-04-24T12:00:00Z
1061,Hernandez,William,2.10,2026-06-11,2024-05-25T12:00:00Z
1062,Lopez,Mia,2.20,2026-06-12,2025-06-26T12:00:00Z
1063,Gonzalez,Benjamin,2.30,2026-06-13,2020-07-27T12:00:00Z
1064,Wilson,Charlotte,2.40,2026-06-14,2021-08-28T12:00:00Z
1065,Anderson,Lucas,2.50,2026-06-15,2022-09-01T12:00:00Z
1066,Thomas,Amelia,2.60,2026-06-16,2023-10-02T12:00:00Z
1067,Taylor,Henry,2.70,2026-06-17,2024-11-03T12:00:00Z
1068,Moore,Harper,2.80,2026-06-18,2025-12-04T12:00:00Z
1069,Jackson,Theodore,2.90,2026-06-19,2020-01-05T12:00:00Z
1070,Martin,Evelyn,3.00,2026-06-20,2021-02-06T12:00:00Z
1071,Lee,Jack,3.10,2026-06-21,2022-03-07T12:00:00Z
1072,Perez,Abigail,3.20,2026-06-22,2023-04-08T12:00:00Z
1073,Thompson,Levi,3.30,2026-06-23,2024-05-09T12:00:00Z
1074,White,Emily,3.40,2026-06-24,2025-06-10T12:00:00Z
1075,Harris,Alexander,3.50,2026-06-25,2020-07-11T12:00:00Z
1076,Sanchez,Ella,3.60,2026-06-26,2021-08-12T12:00:00Z
1077,Clark,Jackson,3.70,2026-06-27,2022-09-13T12:00:00Z
1078,Ramirez,Avery,3.80,2026-06-28,2023-10-14T12:00:00Z
1079,Lewis,Mateo,3.90,2026-06-29,2024-11-15T12:00:00Z
1080,Robinson,Sofia,4.00,2026-06-30,2025-12-16T12:00:00Z
1081,Walker,Daniel,2.10,2026-06-01,2020-01-17T12:00:00Z
1082,Young,Camila,2.20,2026-06-02,2021-02-18T12:00:00Z
1083,Allen,Michael,2.30,2026-06-03,2022-03-19T12:00:00Z
1084,King,Aria,2.40,2026-06-04,2023-04-20T12:00:00Z
1085,Wright,Mason,2.50,2026-06-05,2024-05-21T12:00:00Z
1086,Scott,Scarlett,2.60,2026-06-06,2025-06-22T12:00:00Z
1087,Torres,Sebastian,2.70,2026-06-07,2020-07-23T12:00:00Z
1088,Nguyen,Victoria,2.80,2026-06-08,2021-08-24T12:00:00Z
1089,Hill,Ethan,2.90,2026-06-09,2022-09-25T12:00:00Z
1090,Flores,Madison,3.00,2026-06-10,2023-10-26T12:00:00Z
1091,Green,Logan,3.10,2026-06-11,2024-11-27T12:00:00Z
1092,Adams,Luna,3.20,2026-06-12,2025-12-28T12:00:00Z
1093,Nelson,Owen,3.30,2026-06-13,2020-01-01T12:00:00Z
1094,Baker,Grace,3.40,2026-06-14,2021-02-02T12:00:00Z
1095,Hall,Samuel,3.50,2026-06-15,2022-03-03T12:00:00Z
1096,Rivera,Chloe,3.60,2026-06-16,2023-04-04T12:00:00Z
1097,Campbell,Jacob,3.70,2026-06-17,2024-05-05T12:00:00Z
1098,Mitchell,Penelope,3.80,2026-06-18,2025-06-06T12:00:00Z
1099,Carter,Asher,3.90,2026-06-19,2020-07-07T12:00:00Z
1100,Roberts,Layla,4.00,2026-06-20,2021-08-08T12:00:00Z
1101,Smith,Noah,2.10,2026-06-21,2022-09-09T12:00:00Z
1102,Johnson,Olivia,2.20,2026-06-22,2023-10-10T12:00:00Z
1103,Williams,Liam,2.30,2026-06-23,2024-11-11T12:00:00Z
1104,Brown,Emma,2.40,2026-06-24,2025-12-12T12:00:00Z
1105,Jones,Oliver,2.50,2026-06-25,2020-01-13T12:00:00Z
1106,Garcia,Ava,2.60,2026-06-26,2021-02-14T12:00:00Z
1107,Miller,Elijah,2.70,2026-06-27,2022-03-15T12:00:00Z
1108,Davis,Sophia,2.80,2026-06-28,2023-04-16T12:00:00Z
1109,Rodriguez,James,2.90,2026-06-29,2024-05-17T12:00:00Z
1110,Martinez,Isabella,3.00,2026-06-30,2025-06-18T12:00:00Z
1111,Hernandez,William,3.10,2026-06-01,2020-07-19T12:00:00Z
1112,Lopez,Mia,3.20,2026-06-02,2021-08-20T12:00:00Z
1113,Gonzalez,Benjamin,3.30,2026-06-03,2022-09-21T12:00:00Z
1114,Wilson,Charlotte,3.40,2026-06-04,2023-10-22T12:00:00Z
1115,Anderson,Lucas,3.50,2026-06-05,2024-11-23T12:00:00Z
1116,Thomas,Amelia,3.60,2026-06-06,2025-12-24T12:00:00Z
1117,Taylor,Henry,3.70,2026-06-07,2020-01-25T12:00:00Z
1118,Moore,Harper,3.80,2026-06-08,2021-02-26T12:00:00Z
1119,Jackson,Theodore,3.90,2026-06-09,2022-03-27T12:00:00Z
1120,Martin,Evelyn,4.00,2026-06-10,2023-04-28T12:00:00Z
1121,Lee,Jack,2.10,2026-06-11,2024-05-01T12:00:00Z
1122,Perez,Abigail,2.20,2026-06-12,2025-06-02T12:00:00Z
1123,Thompson,Levi,2.30,2026-06-13,2020-07-03T12:00:00Z
1124,White,Emily,2.40,2026-06-14,2021-08-04T12:00:00Z
1125,Harris,Alexander,2.50,2026-06-15,2022-09-05T12:00:00Z
1126,Sanchez,Ella,2.60,2026-06-16,2023-10-06T12:00:00Z
1127,Clark,Jackson,2.70,2026-06-17,2024-11-07T12:00:00Z
1128,Ramirez,Avery,2.80,2026-06-18,2025-12-08T12:00:00Z
1129,Lewis,Mateo,2.90,2026-06-19,2020-01-09T12:00:00Z
1130,Robinson,Sofia,3.00,2026-06-20,2021-02-10T12:00:00Z
1131,Walker,Daniel,3.10,2026-06-21,2022-03-11T12:00:00Z
1132,Young,Camila,3.20,2026-06-22,2023-04-12T12:00:00Z
1133,Allen,Michael,3.30,2026-06-23,2024-05-13T12:00:00Z
1134,King,Aria,3.40,2026-06-24,2025-06-14T12:00:00Z
1135,Wright,Mason,3.50,2026-06-25,2020-07-15T12:00:00Z
1136,Scott,Scarlett,3.60,2026-06-26,2021-08-16T12:00:00Z
1137,Torres,Sebastian,3.70,2026-06-27,2022-09-17T12:00:00Z
1138,Nguyen,Victoria,3.80,2026-06-28,2023-10-18T12:00:00Z
1139,Hill,Ethan,3.90,2026-06-29,2024-11-19T12:00:00Z
1140,Flores,Madison,4.00,2026-06-30,2025-12-20T12:00:00Z
1141,Green,Logan,2.10,2026-06-01,2020-01-21T12:00:00Z
1142,Adams,Luna,2.20,2026-06-02,2021-02-22T12:00:00Z
1143,Nelson,Owen,2.30,2026-06-03,2022-03-23T12:00:00Z
1144,Baker,Grace,2.40,2026-06-04,2023-04-24T12:00:00Z
1145,Hall,Samuel,2.50,2026-06-05,2024-05-25T12:00:00Z
1146,Rivera,Chloe,2.60,2026-06-06,2025-06-26T12:00:00Z
1147,Campbell,Jacob,2.70,2026-06-07,2020-07-27T12:00:00Z
1148,Mitchell,Penelope,2.80,2026-06-08,2021-08-28T12:00:00Z
1149,Carter,Asher,2.90,2026-06-09,2022-09-01T12:00:00Z
1150,Roberts,Layla,3.00,2026-06-10,2023-10-02T12:00:00Z
1151,Smith,Noah,3.10,2026-06-11,2024-11-03T12:00:00Z
1152,Johnson,Olivia,3.20,2026-06-12,2025-12-04T12:00:00Z
1153,Williams,Liam,3.30,2026-06-13,2020-01-05T12:00:00Z
1154,Brown,Emma,3.40,2026-06-14,2021-02-06T12:00:00Z
1155,Jones,Oliver,3.50,2026-06-15,2022-03-07T12:00:00Z
1156,Garcia,Ava,3.60,2026-06-16,2023-04-08T12:00:00Z
1157,Miller,Elijah,3.70,2026-06-17,2024-05-09T12:00:00Z
1158,Davis,Sophia,3.80,2026-06-18,2025-06-10T12:00:00Z
1159,Rodriguez,James,3.90,2026-06-19,2020-07-11T12:00:00Z
1160,Martinez,Isabella,4.00,2026-06-20,2021-08-12T12:00:00Z
1161,Hernandez,William,2.10,2026-06-21,2022-09-13T12:00:00Z
1162,Lopez,Mia,2.20,2026-06-22,2023-10-14T12:00:00Z
1163,Gonzalez,Benjamin,2.30,2026-06-23,2024-11-15T12:00:00Z
1164,Wilson,Charlotte,2.40,2026-06-24,2025-12-16T12:00:00Z
1165,Anderson,Lucas,2.50,2026-06-25,2020-01-17T12:00:00Z
1166,Thomas,Amelia,2.60,2026-06-26,2021-02-18T12:00:00Z
1167,Taylor,Henry,2.70,2026-06-27,2022-03-19T12:00:00Z
1168,Moore,Harper,2.80,2026-06-28,2023-04-20T12:00:00Z
1169,Jackson,Theodore,2.90,2026-06-29,2024-05-21T12:00:00Z
1170,Martin,Evelyn,3.00,2026-06-30,2025-06-22T12:00:00Z
1171,Lee,Jack,3.10,2026-06-01,2020-07-23T12:00:00Z
1172,Perez,Abigail,3.20,2026-06-02,2021-08-24T12:00:00Z
1173,Thompson,Levi,3.30,2026-06-03,2022-09-25T12:00:00Z
1174,White,Emily,3.40,2026-06-04,2023-10-26T12:00:00Z
1175,Harris,Alexander,3.50,2026-06-05,2024-11-27T12:00:00Z
1176,Sanchez,Ella,3.60,2026-06-06,2025-12-28T12:00:00Z
1177,Clark,Jackson,3.70,2026-06-07,2020-01-01T12:00:00Z
1178,Ramirez,Avery,3.80,2026-06-08,2021-02-02T12:00:00Z
1179,Lewis,Mateo,3.90,2026-06-09,2022-03-03T12:00:00Z
1180,Robinson,Sofia,4.00,2026-06-10,2023-04-04T12:00:00Z
1181,Walker,Daniel,2.10,2026-06-11,2024-05-05T12:00:00Z
1182,Young,Camila,2.20,2026-06-12,2025-06-06T12:00:00Z
1183,Allen,Michael,2.30,2026-06-13,2020-07-07T12:00:00Z
1184,King,Aria,2.40,2026-06-14,2021-08-08T12:00:00Z
1185,Wright,Mason,2.50,2026-06-15,2022-09-09T12:00:00Z
1186,Scott,Scarlett,2.60,2026-06-16,2023-10-10T12:00:00Z
1187,Torres,Sebastian,2.70,2026-06-17,2024-11-11T12:00:00Z
1188,Nguyen,Victoria,2.80,2026-06-18,2025-12-12T12:00:00Z
1189,Hill,Ethan,2.90,2026-06-19,2020-01-13T12:00:00Z
1190,Flores,Madison,3.00,2026-06-20,2021-02-14T12:00:00Z
1191,Green,Logan,3.10,2026-06-21,2022-03-15T12:00:00Z
1192,Adams,Luna,3.20,2026-06-22,2023-04-16T12:00:00Z
1193,Nelson,Owen,3.30,2026-06-23,2024-05-17T12:00:00Z
1194,Baker,Grace,3.40,2026-06-24,2025-06-18T12:00:00Z
1195,Hall,Samuel,3.50,2026-06-25,2020-07-19T12:00:00Z
1196,Rivera,Chloe,3.60,2026-06-26,2021-08-20T12:00:00Z
1197,Campbell,Jacob,3.70,2026-06-27,2022-09-21T12:00:00Z
1198,Mitchell,Penelope,3.80,2026-06-28,2023-10-22T12:00:00Z
1199,Carter,Asher,3.90,2026-06-29,2024-11-23T12:00:00Z
1200,Roberts,Layla,4.00,2026-06-30,2025-12-24T12:00:00Z
1201,Smith,Noah,2.10,2026-06-01,2020-01-25T12:00:00Z
1202,Johnson,Olivia,2.20,2026-06-02,2021-02-26T12:00:00Z
1203,Williams,Liam,2.30,2026-06-03,2022-03-27T12:00:00Z
1204,Brown,Emma,2.40,2026-06-04,2023-04-28T12:00:00Z
1205,Jones,Oliver,2.50,2026-06-05,2024-05-01T12:00:00Z
1206,Garcia,Ava,2.60,2026-06-06,2025-06-02T12:00:00Z
1207,Miller,Elijah,2.70,2026-06-07,2020-07-03T12:00:00Z
1208,Davis,Sophia,2.80,2026-06-08,2021-08-04T12:00:00Z
1209,Rodriguez,James,2.90,2026-06-09,2022-09-05T12:00:00Z
1210,Martinez,Isabella,3.00,2026-06-10,2023-10-06T12:00:00Z
1211,Hernandez,William,3.10,2026-06-11,2024-11-07T12:00:00Z
1212,Lopez,Mia,3.20,2026-06-12,2025-12-08T12:00:00Z
1213,Gonzalez,Benjamin,3.30,2026-06-13,2020-01-09T12:00:00Z
1214,Wilson,Charlotte,3.40,2026-06-14,2021-02-10T12:00:00Z
1215,Anderson,Lucas,3.50,2026-06-15,2022-03-11T12:00:00Z
1216,Thomas,Amelia,3.60,2026-06-16,2023-04-12T12:00:00Z
1217,Taylor,Henry,3.70,2026-06-17,2024-05-13T12:00:00Z
1218,Moore,Harper,3.80,2026-06-18,2025-06-14T12:00:00Z
1219,Jackson,Theodore,3.90,2026-06-19,2020-07-15T12:00:00Z
1220,Martin,Evelyn,4.00,2026-06-20,2021-08-16T12:00:00Z
1221,Lee,Jack,2.10,2026-06-21,2022-09-17T12:00:00Z
1222,Perez,Abigail,2.20,2026-06-22,2023-10-18T12:00:00Z
1223,Thompson,Levi,2.30,2026-06-23,2024-11-19T12:00:00Z
1224,White,Emily,2.40,2026-06-24,2025-12-20T12:00:00Z
1225,Harris,Alexander,2.50,2026-06-25,2020-01-21T12:00:00Z
1226,Sanchez,Ella,2.60,2026-06-26,2021-02-22T12:00:00Z
1227,Clark,Jackson,2.70,2026-06-27,2022-03-23T12:00:00Z
1228,Ramirez,Avery,2.80,2026-06-28,2023-04-24T12:00:00Z
1229,Lewis,Mateo,2.90,2026-06-29,2024-05-25T12:00:00Z
1230,Robinson,Sofia,3.00,2026-06-30,2025-06-26T12:00:00Z
1231,Walker,Daniel,3.10,2026-06-01,2020-07-27T12:00:00Z
1232,Young,Camila,3.20,2026-06-02,2021-08-28T12:00:00Z
1233,Allen,Michael,3.30,2026-06-03,2022-09-01T12:00:00Z
1234,King,Aria,3.40,2026-06-04,2023-10-02T12:00:00Z
1235,Wright,Mason,3.50,2026-06-05,2024-11-03T12:00:00Z
1236,Scott,Scarlett,3.60,2026-06-06,2025-12-04T12:00:00Z
1237,Torres,Sebastian,3.70,2026-06-07,2020-01-05T12:00:00Z
1238,Nguyen,Victoria,3.80,2026-06-08,2021-02-06T12:00:00Z
1239,Hill,Ethan,3.90,2026-06-09,2022-03-07T12:00:00Z
1240,Flores,Madison,4.00,2026-06-10,2023-04-08T12:00:00Z
1241,Green,Logan,2.10,2026-06-11,2024-05-09T12:00:00Z
1242,Adams,Luna,2.20,2026-06-12,2025-06-10T12:00:00Z
1243,Nelson,Owen,2.30,2026-06-13,2020-07-11T12:00:00Z
1244,Baker,Grace,2.40,2026-06-14,2021-08-12T12:00:00Z
1245,Hall,Samuel,2.50,2026-06-15,2022-09-13T12:00:00Z
1246,Rivera,Chloe,2.60,2026-06-16,2023-10-14T12:00:00Z
1247,Campbell,Jacob,2.70,2026-06-17,2024-11-15T12:00:00Z
1248,Mitchell,Penelope,2.80,2026-06-18,2025-12-16T12:00:00Z
1249,Carter,Asher,2.90,2026-06-19,2020-01-17T12:00:00Z
1250,Roberts,Layla,3.00,2026-06-20,2021-02-18T12:00:00Z
1251,Smith,Noah,3.10,2026-06-21,2022-03-19T12:00:00Z
1252,Johnson,Olivia,3.20,2026-06-22,2023-04-20T12:00:00Z
1253,Williams,Liam,3.30,2026-06-23,2024-05-21T12:00:00Z
1254,Brown,Emma,3.40,2026-06-24,2025-06-22T12:00:00Z
1255,Jones,Oliver,3.50,2026-06-25,2020-07-23T12:00:00Z
1256,Garcia,Ava,3.60,2026-06-26,2021-08-24T12:00:00Z
1257,Miller,Elijah,3.70,2026-06-27,2022-09-25T12:00:00Z
1258,Davis,Sophia,3.80,2026-06-28,2023-10-26T12:00:00Z
1259,Rodriguez,James,3.90,2026-06-29,2024-11-27T12:00:00Z
1260,Martinez,Isabella,4.00,2026-06-30,2025-12-28T12:00:00Z
1261,Hernandez,William,2.10,2026-06-01,2020-01-01T12:00:00Z
1262,Lopez,Mia,2.20,2026-06-02,2021-02-02T12:00:00Z
1263,Gonzalez,Benjamin,2.30,2026-06-03,2022-03-03T12:00:00Z
1264,Wilson,Charlotte,2.40,2026-06-04,2023-04-04T12:00:00Z
1265,Anderson,Lucas,2.50,2026-06-05,2024-05-05T12:00:00Z
1266,Thomas,Amelia,2.60,2026-06-06,2025-06-06T12:00:00Z
1267,Taylor,Henry,2.70,2026-06-07,2020-07-07T12:00:00Z
1268,Moore,Harper,2.80,2026-06-08,2021-08-08T12:00:00Z
1269,Jackson,Theodore,2.90,2026-06-09,2022-09-09T12:00:00Z
1270,Martin,Evelyn,3.00,2026-06-10,2023-10-10T12:00:00Z
1271,Lee,Jack,3.10,2026-06-11,2024-11-11T12:00:00Z
1272,Perez,Abigail,3.20,2026-06-12,2025-12-12T12:00:00Z
1273,Thompson,Levi,3.30,2026-06-13,2020-01-13T12:00:00Z
1274,White,Emily,3.40,2026-06-14,2021-02-14T12:00:00Z
1275,Harris,Alexander,3.50,2026-06-15,2022-03-15T12:00:00Z
1276,Sanchez,Ella,3.60,2026-06-16,2023-04-16T12:00:00Z
1277,Clark,Jackson,3.70,2026-06-17,2024-05-17T12:00:00Z
1278,Ramirez,Avery,3.80,2026-06-18,2025-06-18T12:00:00Z
1279,Lewis,Mateo,3.90,2026-06-19,2020-07-19T12:00:00Z
1280,Robinson,Sofia,4.00,2026-06-20,2021-08-20T12:00:00Z
1281,Walker,Daniel,2.10,2026-06-21,2022-09-21T12:00:00Z
1282,Young,Camila,2.20,2026-06-22,2023-10-22T12:00:00Z
1283,Allen,Michael,2.30,2026-06-23,2024-11-23T12:00:00Z
1284,King,Aria,2.40,2026-06-24,2025-12-24T12:00:00Z
1285,Wright,Mason,2.50,2026-06-25,2020-01-25T12:00:00Z
1286,Scott,Scarlett,2.60,2026-06-26,2021-02-26T12:00:00Z
1287,Torres,Sebastian,2.70,2026-06-27,2022-03-27T12:00:00Z
1288,Nguyen,Victoria,2.80,2026-06-28,2023-04-28T12:00:00Z
1289,Hill,Ethan,2.90,2026-06-29,2024-05-01T12:00:00Z
1290,Flores,Madison,3.00,2026-06-30,2025-06-02T12:00:00Z
1291,Green,Logan,3.10,2026-06-01,2020-07-03T12:00:00Z
1292,Adams,Luna,3.20,2026-06-02,2021-08-04T12:00:00Z
1293,Nelson,Owen,3.30,2026-06-03,2022-09-05T12:00:00Z
1294,Baker,Grace,3.40,2026-06-04,2023-10-06T12:00:00Z
1295,Hall,Samuel,3.50,2026-06-05,2024-11-07T12:00:00Z
1296,Rivera,Chloe,3.60,2026-06-06,2025-12-08T12:00:00Z
1297,Campbell,Jacob,3.70,2026-06-07,2020-01-09T12:00:00Z
1298,Mitchell,Penelope,3.80,2026-06-08,2021-02-10T12:00:00Z
1299,Carter,Asher,3.90,2026-06-09,2022-03-11T12:00:00Z
1300,Roberts,Layla,4.00,2026-06-10,2023-04-12T12:00:00Z
1301,Smith,Noah,2.10,2026-06-11,2024-05-13T12:00:00Z
1302,Johnson,Olivia,2.20,2026-06-12,2025-06-14T12:00:00Z
1303,Williams,Liam,2.30,2026-06-13,2020-07-15T12:00:00Z
1304,Brown,Emma,2.40,2026-06-14,2021-08-16T12:00:00Z
1305,Jones,Oliver,2.50,2026-06-15,2022-09-17T12:00:00Z
1306,Garcia,Ava,2.60,2026-06-16,2023-10-18T12:00:00Z
1307,Miller,Elijah,2.70,2026-06-17,2024-11-19T12:00:00Z
1308,Davis,Sophia,2.80,2026-06-18,2025-12-20T12:00:00Z
1309,Rodriguez,James,2.90,2026-06-19,2020-01-21T12:00:00Z
1310,Martinez,Isabella,3.00,2026-06-20,2021-02-22T12:00:00Z
1311,Hernandez,William,3.10,2026-06-21,2022-03-23T12:00:00Z
1312,Lopez,Mia,3.20,2026-06-22,2023-04-24T12:00:00Z
1313,Gonzalez,Benjamin,3.30,2026-06-23,2024-05-25T12:00:00Z
1314,Wilson,Charlotte,3.40,2026-06-24,2025-06-26T12:00:00Z
1315,Anderson,Lucas,3.50,2026-06-25,2020-07-27T12:00:00Z
1316,Thomas,Amelia,3.60,2026-06-26,2021-08-28T12:00:00Z
1317,Taylor,Henry,3.70,2026-06-27,2022-09-01T12:00:00Z
1318,Moore,Harper,3.80,2026-06-28,2023-10-02T12:00:00Z
1319,Jackson,Theodore,3.90,2026-06-29,2024-11-03T12:00:00Z
1320,Martin,Evelyn,4.00,2026-06-30,2025-12-04T12:00:00Z
1321,Lee,Jack,2.10,2026-06-01,2020-01-05T12:00:00Z
1322,Perez,Abigail,2.20,2026-06-02,2021-02-06T12:00:00Z
1323,Thompson,Levi,2.30,2026-06-03,2022-03-07T12:00:00Z
1324,White,Emily,2.40,2026-06-04,2023-04-08T12:00:00Z
1325,Harris,Alexander,2.50,2026-06-05,2024-05-09T12:00:00Z
1326,Sanchez,Ella,2.60,2026-06-06,2025-06-10T12:00:00Z
1327,Clark,Jackson,2.70,2026-06-07,2020-07-11T12:00:00Z
1328,Ramirez,Avery,2.80,2026-06-08,2021-08-12T12:00:00Z
1329,Lewis,Mateo,2.90,2026-06-09,2022-09-13T12:00:00Z
1330,Robinson,Sofia,3.00,2026-06-10,2023-10-14T12:00:00Z
1331,Walker,Daniel,3.10,2026-06-11,2024-11-15T12:00:00Z
1332,Young,Camila,3.20,2026-06-12,2025-12-16T12:00:00Z
1333,Allen,Michael,3.30,2026-06-13,2020-01-17T12:00:00Z
1334,King,Aria,3.40,2026-06-14,2021-02-18T12:00:00Z
1335,Wright,Mason,3.50,2026-06-15,2022-03-19T12:00:00Z
1336,Scott,Scarlett,3.60,2026-06-16,2023-04-20T12:00:00Z
1337,Torres,Sebastian,3.70,2026-06-17,2024-05-21T12:00:00Z
1338,Nguyen,Victoria,3.80,2026-06-18,2025-06-22T12:00:00Z
1339,Hill,Ethan,3.90,2026-06-19,2020-07-23T12:00:00Z
1340,Flores,Madison,4.00,2026-06-20,2021-08-24T12:00:00Z
1341,Green,Logan,2.10,2026-06-21,2022-09-25T12:00:00Z
1342,Adams,Luna,2.20,2026-06-22,2023-10-26T12:00:00Z
1343,Nelson,Owen,2.30,2026-06-23,2024-11-27T12:00:00Z
1344,Baker,Grace,2.40,2026-06-24,2025-12-28T12:00:00Z
1345,Hall,Samuel,2.50,2026-06-25,2020-01-01T12:00:00Z
1346,Rivera,Chloe,2.60,2026-06-26,2021-02-02T12:00:00Z
1347,Campbell,Jacob,2.70,2026-06-27,2022-03-03T12:00:00Z
1348,Mitchell,Penelope,2.80,2026-06-28,2023-04-04T12:00:00Z
1349,Carter,Asher,2.90,2026-06-29,2024-05-05T12:00:00Z
1350,Roberts,Layla,3.00,2026-06-30,2025-06-06T12:00:00Z
1351,Smith,Noah,3.10,2026-06-01,2020-07-07T12:00:00Z
1352,Johnson,Olivia,3.20,2026-06-02,2021-08-08T12:00:00Z
1353,Williams,Liam,3.30,2026-06-03,2022-09-09T12:00:00Z
1354,Brown,Emma,3.40,2026-06-04,2023-10-10T12:00:00Z
1355,Jones,Oliver,3.50,2026-06-05,2024-11-11T12:00:00Z
1356,Garcia,Ava,3.60,2026-06-06,2025-12-12T12:00:00Z
1357,Miller,Elijah,3.70,2026-06-07,2020-01-13T12:00:00Z
1358,Davis,Sophia,3.80,2026-06-08,2021-02-14T12:00:00Z
1359,Rodriguez,James,3.90,2026-06-09,2022-03-15T12:00:00Z
1360,Martinez,Isabella,4.00,2026-06-10,2023-04-16T12:00:00Z
1361,Hernandez,William,2.10,2026-06-11,2024-05-17T12:00:00Z
1362,Lopez,Mia,2.20,2026-06-12,2025-06-18T12:00:00Z
1363,Gonzalez,Benjamin,2.30,2026-06-13,2020-07-19T12:00:00Z
1364,Wilson,Charlotte,2.40,2026-06-14,2021-08-20T12:00:00Z
1365,Anderson,Lucas,2.50,2026-06-15,2022-09-21T12:00:00Z
1366,Thomas,Amelia,2.60,2026-06-16,2023-10-22T12:00:00Z
1367,Taylor,Henry,2.70,2026-06-17,2024-11-23T12:00:00Z
1368,Moore,Harper,2.80,2026-06-18,2025-12-24T12:00:00Z
1369,Jackson,Theodore,2.90,2026-06-19,2020-01-25T12:00:00Z
1370,Martin,Evelyn,3.00,2026-06-20,2021-02-26T12:00:00Z
1371,Lee,Jack,3.10,2026-06-21,2022-03-27T12:00:00Z
1372,Perez,Abigail,3.20,2026-06-22,2023-04-28T12:00:00Z
1373,Thompson,Levi,3.30,2026-06-23,2024-05-01T12:00:00Z
1374,White,Emily,3.40,2026-06-24,2025-06-02T12:00:00Z
1375,Harris,Alexander,3.50,2026-06-25,2020-07-03T12:00:00Z
1376,Sanchez,Ella,3.60,2026-06-26,2021-08-04T12:00:00Z
1377,Clark,Jackson,3.70,2026-06-27,2022-09-05T12:00:00Z
1378,Ramirez,Avery,3.80,2026-06-28,2023-10-06T12:00:00Z
1379,Lewis,Mateo,3.90,2026-06-29,2024-11-07T12:00:00Z
1380,Robinson,Sofia,4.00,2026-06-30,2025-12-08T12:00:00Z
1381,Walker,Daniel,2.10,2026-06-01,2020-01-09T12:00:00Z
1382,Young,Camila,2.20,2026-06-02,2021-02-10T12:00:00Z
1383,Allen,Michael,2.30,2026-06-03,2022-03-11T12:00:00Z
1384,King,Aria,2.40,2026-06-04,2023-04-12T12:00:00Z
1385,Wright,Mason,2.50,2026-06-05,2024-05-13T12:00:00Z
1386,Scott,Scarlett,2.60,2026-06-06,2025-06-14T12:00:00Z
1387,Torres,Sebastian,2.70,2026-06-07,2020-07-15T12:00:00Z
1388,Nguyen,Victoria,2.80,2026-06-08,2021-08-16T12:00:00Z
1389,Hill,Ethan,2.90,2026-06-09,2022-09-17T12:00:00Z
1390,Flores,Madison,3.00,2026-06-10,2023-10-18T12:00:00Z
1391,Green,Logan,3.10,2026-06-11,2024-11-19T12:00:00Z
1392,Adams,Luna,3.20,2026-06-12,2025-12-20T12:00:00Z
1393,Nelson,Owen,3.30,2026-06-13,2020-01-21T12:00:00Z
1394,Baker,Grace,3.40,2026-06-14,2021-02-22T12:00:00Z
1395,Hall,Samuel,3.50,2026-06-15,2022-03-23T12:00:00Z
1396,Rivera,Chloe,3.60,2026-06-16,2023-04-24T12:00:00Z
1397,Campbell,Jacob,3.70,2026-06-17,2024-05-25T12:00:00Z
1398,Mitchell,Penelope,3.80,2026-06-18,2025-06-26T12:00:00Z
1399,Carter,Asher,3.90,2026-06-19,2020-07-27T12:00:00Z
1400,Roberts,Layla,4.00,2026-06-20,2021-08-28T12:00:00Z
1401,Smith,Noah,2.10,2026-06-21,2022-09-01T12:00:00Z
1402,Johnson,Olivia,2.20,2026-06-22,2023-10-02T12:00:00Z
1403,Williams,Liam,2.30,2026-06-23,2024-11-03T12:00:00Z
1404,Brown,Emma,2.40,2026-06-24,2025-12-04T12:00:00Z
1405,Jones,Oliver,2.50,2026-06-25,2020-01-05T12:00:00Z
1406,Garcia,Ava,2.60,2026-06-26,2021-02-06T12:00:00Z
1407,Miller,Elijah,2.70,2026-06-27,2022-03-07T12:00:00Z
1408,Davis,Sophia,2.80,2026-06-28,2023-04-08T12:00:00Z
1409,Rodriguez,James,2.90,2026-06-29,2024-05-09T12:00:00Z
1410,Martinez,Isabella,3.00,2026-06-30,2025-06-10T12:00:00Z
1411,Hernandez,William,3.10,2026-06-01,2020-07-11T12:00:00Z
1412,Lopez,Mia,3.20,2026-06-02,2021-08-12T12:00:00Z
1413,Gonzalez,Benjamin,3.30,2026-06-03,2022-09-13T12:00:00Z
1414,Wilson,Charlotte,3.40,2026-06-04,2023-10-14T12:00:00Z
1415,Anderson,Lucas,3.50,2026-06-05,2024-11-15T12:00:00Z
1416,Thomas,Amelia,3.60,2026-06-06,2025-12-16T12:00:00Z
1417,Taylor,Henry,3.70,2026-06-07,2020-01-17T12:00:00Z
1418,Moore,Harper,3.80,2026-06-08,2021-02-18T12:00:00Z
1419,Jackson,Theodore,3.90,2026-06-09,2022-03-19T12:00:00Z
1420,Martin,Evelyn,4.00,2026-06-10,2023-04-20T12:00:00Z
1421,Lee,Jack,2.10,2026-06-11,2024-05-21T12:00:00Z
1422,Perez,Abigail,2.20,2026-06-12,2025-06-22T12:00:00Z
1423,Thompson,Levi,2.30,2026-06-13,2020-07-23T12:00:00Z
1424,White,Emily,2.40,2026-06-14,2021-08-24T12:00:00Z
1425,Harris,Alexander,2.50,2026-06-15,2022-09-25T12:00:00Z
1426,Sanchez,Ella,2.60,2026-06-16,2023-10-26T12:00:00Z
1427,Clark,Jackson,2.70,2026-06-17,2024-11-27T12:00:00Z
1428,Ramirez,Avery,2.80,2026-06-18,2025-12-28T12:00:00Z
1429,Lewis,Mateo,2.90,2026-06-19,2020-01-01T12:00:00Z
1430,Robinson,Sofia,3.00,2026-06-20,2021-02-02T12:00:00Z
1431,Walker,Daniel,3.10,2026-06-21,2022-03-03T12:00:00Z
1432,Young,Camila,3.20,2026-06-22,2023-04-04T12:00:00Z
1433,Allen,Michael,3.30,2026-06-23,2024-05-05T12:00:00Z
1434,King,Aria,3.40,2026-06-24,2025-06-06T12:00:00Z
1435,Wright,Mason,3.50,2026-06-25,2020-07-07T12:00:00Z
1436,Scott,Scarlett,3.60,2026-06-26,2021-08-08T12:00:00Z
1437,Torres,Sebastian,3.70,2026-06-27,2022-09-09T12:00:00Z
1438,Nguyen,Victoria,3.80,2026-06-28,2023-10-10T12:00:00Z
1439,Hill,Ethan,3.90,2026-06-29,2024-11-11T12:00:00Z
1440,Flores,Madison,4.00,2026-06-30,2025-12-12T12:00:00Z
1441,Green,Logan,2.10,2026-06-01,2020-01-13T12:00:00Z
1442,Adams,Luna,2.20,2026-06-02,2021-02-14T12:00:00Z
1443,Nelson,Owen,2.30,2026-06-03,2022-03-15T12:00:00Z
1444,Baker,Grace,2.40,2026-06-04,2023-04-16T12:00:00Z
1445,Hall,Samuel,2.50,2026-06-05,2024-05-17T12:00:00Z
1446,Rivera,Chloe,2.60,2026-06-06,2025-06-18T12:00:00Z
1447,Campbell,Jacob,2.70,2026-06-07,2020-07-19T12:00:00Z
1448,Mitchell,Penelope,2.80,2026-06-08,2021-08-20T12:00:00Z
1449,Carter,Asher,2.90,2026-06-09,2022-09-21T12:00:00Z
1450,Roberts,Layla,3.00,2026-06-10,2023-10-22T12:00:00Z
1451,Smith,Noah,3.10,2026-06-11,2024-11-23T12:00:00Z
1452,Johnson,Olivia,3.20,2026-06-12,2025-12-24T12:00:00Z
1453,Williams,Liam,3.30,2026-06-13,2020-01-25T12:00:00Z
1454,Brown,Emma,3.40,2026-06-14,2021-02-26T12:00:00Z
1455,Jones,Oliver,3.50,2026-06-15,2022-03-27T12:00:00Z
1456,Garcia,Ava,3.60,2026-06-16,2023-04-28T12:00:00Z
1457,Miller,Elijah,3.70,2026-06-17,2024-05-01T12:00:00Z
1458,Davis,Sophia,3.80,2026-06-18,2025-06-02T12:00:00Z
1459,Rodriguez,James,3.90,2026-06-19,2020-07-03T12:00:00Z
1460,Martinez,Isabella,4.00,2026-06-20,2021-08-04T12:00:00Z
1461,Hernandez,William,2.10,2026-06-21,2022-09-05T12:00:00Z
1462,Lopez,Mia,2.20,2026-06-22,2023-10-06T12:00:00Z
1463,Gonzalez,Benjamin,2.30,2026-06-23,2024-11-07T12:00:00Z
1464,Wilson,Charlotte,2.40,2026-06-24,2025-12-08T12:00:00Z
1465,Anderson,Lucas,2.50,2026-06-25,2020-01-09T12:00:00Z
1466,Thomas,Amelia,2.60,2026-06-26,2021-02-10T12:00:00Z
1467,Taylor,Henry,2.70,2026-06-27,2022-03-11T12:00:00Z
1468,Moore,Harper,2.80,2026-06-28,2023-04-12T12:00:00Z
1469,Jackson,Theodore,2.90,2026-06-29,2024-05-13T12:00:00Z
1470,Martin,Evelyn,3.00,2026-06-30,2025-06-14T12:00:00Z
1471,Lee,Jack,3.10,2026-06-01,2020-07-15T12:00:00Z
1472,Perez,Abigail,3.20,2026-06-02,2021-08-16T12:00:00Z
1473,Thompson,Levi,3.30,2026-06-03,2022-09-17T12:00:00Z
1474,White,Emily,3.40,2026-06-04,2023-10-18T12:00:00Z
1475,Harris,Alexander,3.50,2026-06-05,2024-11-19T12:00:00Z
1476,Sanchez,Ella,3.60,2026-06-06,2025-12-20T12:00:00Z
1477,Clark,Jackson,3.70,2026-06-07,2020-01-21T12:00:00Z
1478,Ramirez,Avery,3.80,2026-06-08,2021-02-22T12:00:00Z
1479,Lewis,Mateo,3.90,2026-06-09,2022-03-23T12:00:00Z
1480,Robinson,Sofia,4.00,2026-06-10,2023-04-24T12:00:00Z
1481,Walker,Daniel,2.10,2026-06-11,2024-05-25T12:00:00Z
1482,Young,Camila,2.20,2026-06-12,2025-06-26T12:00:00Z
1483,Allen,Michael,2.30,2026-06-13,2020-07-27T12:00:00Z
1484,King,Aria,2.40,2026-06-14,2021-08-28T12:00:00Z
1485,Wright,Mason,2.50,2026-06-15,2022-09-01T12:00:00Z
1486,Scott,Scarlett,2.60,2026-06-16,2023-10-02T12:00:00Z
1487,Torres,Sebastian,2.70,2026-06-17,2024-11-03T12:00:00Z
1488,Nguyen,Victoria,2.80,2026-06-18,2025-12-04T12:00:00Z
1489,Hill,Ethan,2.90,2026-06-19,2020-01-05T12:00:00Z
1490,Flores,Madison,3.00,2026-06-20,2021-02-06T12:00:00Z
1491,Green,Logan,3.10,2026-06-21,2022-03-07T12:00:00Z
1492,Adams,Luna,3.20,2026-06-22,2023-04-08T12:00:00Z
1493,Nelson,Owen,3.30,2026-06-23,2024-05-09T12:00:00Z
1494,Baker,Grace,3.40,2026-06-24,2025-06-10T12:00:00Z
1495,Hall,Samuel,3.50,2026-06-25,2020-07-11T12:00:00Z
1496,Rivera,Chloe,3.60,2026-06-26,2021-08-12T12:00:00Z
1497,Campbell,Jacob,3.70,2026-06-27,2022-09-13T12:00:00Z
1498,Mitchell,Penelope,3.80,2026-06-28,2023-10-14T12:00:00Z
1499,Carter,Asher,3.90,2026-06-29,2024-11-15T12:00:00Z
1500,Roberts,Layla,4.00,2026-06-30,2025-12-16T12:00:00Z
1501,Smith,Noah,2.10,2026-06-01,2020-01-17T12:00:00Z
1502,Johnson,Olivia,2.20,2026-06-02,2021-02-18T12:00:00Z
1503,Williams,Liam,2.30,2026-06-03,2022-03-19T12:00:00Z
1504,Brown,Emma,2.40,2026-06-04,2023-04-20T12:00:00Z
1505,Jones,Oliver,2.50,2026-06-05,2024-05-21T12:00:00Z
1506,Garcia,Ava,2.60,2026-06-06,2025-06-22T12:00:00Z
1507,Miller,Elijah,2.70,2026-06-07,2020-07-23T12:00:00Z
1508,Davis,Sophia,2.80,2026-06-08,2021-08-24T12:00:00Z
1509,Rodriguez,James,2.90,2026-06-09,2022-09-25T12:00:00Z
1510,Martinez,Isabella,3.00,2026-06-10,2023-10-26T12:00:00Z
1511,Hernandez,William,3.10,2026-06-11,2024-11-27T12:00:00Z
1512,Lopez,Mia,3.20,2026-06-12,2025-12-28T12:00:00Z
1513,Gonzalez,Benjamin,3.30,2026-06-13,2020-01-01T12:00:00Z
1514,Wilson,Charlotte,3.40,2026-06-14,2021-02-02T12:00:00Z
1515,Anderson,Lucas,3.50,2026-06-15,2022-03-03T12:00:00Z
1516,Thomas,Amelia,3.60,2026-06-16,2023-04-04T12:00:00Z
1517,Taylor,Henry,3.70,2026-06-17,2024-05-05T12:00:00Z
1518,Moore,Harper,3.80,2026-06-18,2025-06-06T12:00:00Z
1519,Jackson,Theodore,3.90,2026-06-19,2020-07-07T12:00:00Z
1520,Martin,Evelyn,4.00,2026-06-20,2021-08-08T12:00:00Z
1521,Lee,Jack,2.10,2026-06-21,2022-09-09T12:00:00Z
1522,Perez,Abigail,2.20,2026-06-22,2023-10-10T12:00:00Z
1523,Thompson,Levi,2.30,2026-06-23,2024-11-11T12:00:00Z
1524,White,Emily,2.40,2026-06-24,2025-12-12T12:00:00Z
1525,Harris,Alexander,2.50,2026-06-25,2020-01-13T12:00:00Z
1526,Sanchez,Ella,2.60,2026-06-26,2021-02-14T12:00:00Z
1527,Clark,Jackson,2.70,2026-06-27,2022-03-15T12:00:00Z
1528,Ramirez,Avery,2.80,2026-06-28,2023-04-16T12:00:00Z
1529,Lewis,Mateo,2.90,2026-06-29,2024-05-17T12:00:00Z
1530,Robinson,Sofia,3.00,2026-06-30,2025-06-18T12:00:00Z
1531,Walker,Daniel,3.10,2026-06-01,2020-07-19T12:00:00Z
1532,Young,Camila,3.20,2026-06-02,2021-08-20T12:00:00Z
1533,Allen,Michael,3.30,2026-06-03,2022-09-21T12:00:00Z
1534,King,Aria,3.40,2026-06-04,2023-10-22T12:00:00Z
1535,Wright,Mason,3.50,2026-06-05,2024-11-23T12:00:00Z
1536,Scott,Scarlett,3.60,2026-06-06,2025-12-24T12:00:00Z
1537,Torres,Sebastian,3.70,2026-06-07,2020-01-25T12:00:00Z
1538,Nguyen,Victoria,3.80,2026-06-08,2021-02-26T12:00:00Z
1539,Hill,Ethan,3.90,2026-06-09,2022-03-27T12:00:00Z
1540,Flores,Madison,4.00,2026-06-10,2023-04-28T12:00:00Z
1541,Green,Logan,2.10,2026-06-11,2024-05-01T12:00:00Z
1542,Adams,Luna,2.20,2026-06-12,2025-06-02T12:00:00Z
1543,Nelson,Owen,2.30,2026-06-13,2020-07-03T12:00:00Z
1544,Baker,Grace,2.40,2026-06-14,2021-08-04T12:00:00Z
1545,Hall,Samuel,2.50,2026-06-15,2022-09-05T12:00:00Z
1546,Rivera,Chloe,2.60,2026-06-16,2023-10-06T12:00:00Z
1547,Campbell,Jacob,2.70,2026-06-17,2024-11-07T12:00:00Z
1548,Mitchell,Penelope,2.80,2026-06-18,2025-12-08T12:00:00Z
1549,Carter,Asher,2.90,2026-06-19,2020-01-09T12:00:00Z
1550,Roberts,Layla,3.00,2026-06-20,2021-02-10T12:00:00Z
1551,Smith,Noah,3.10,2026-06-21,2022-03-11T12:00:00Z
1552,Johnson,Olivia,3.20,2026-06-22,2023-04-12T12:00:00Z
1553,Williams,Liam,3.30,2026-06-23,2024-05-13T12:00:00Z
1554,Brown,Emma,3.40,2026-06-24,2025-06-14T12:00:00Z
1555,Jones,Oliver,3.50,2026-06-25,2020-07-15T12:00:00Z
1556,Garcia,Ava,3.60,2026-06-26,2021-08-16T12:00:00Z
1557,Miller,Elijah,3.70,2026-06-27,2022-09-17T12:00:00Z
1558,Davis,Sophia,3.80,2026-06-28,2023-10-18T12:00:00Z
1559,Rodriguez,James,3.90,2026-06-29,2024-11-19T12:00:00Z
1560,Martinez,Isabella,4.00,2026-06-30,2025-12-20T12:00:00Z
1561,Hernandez,William,2.10,2026-06-01,2020-01-21T12:00:00Z
1562,Lopez,Mia,2.20,2026-06-02,2021-02-22T12:00:00Z
1563,Gonzalez,Benjamin,2.30,2026-06-03,2022-03-23T12:00:00Z
1564,Wilson,Charlotte,2.40,2026-06-04,2023-04-24T12:00:00Z
1565,Anderson,Lucas,2.50,2026-06-05,2024-05-25T12:00:00Z
1566,Thomas,Amelia,2.60,2026-06-06,2025-06-26T12:00:00Z
1567,Taylor,Henry,2.70,2026-06-07,2020-07-27T12:00:00Z
1568,Moore,Harper,2.80,2026-06-08,2021-08-28T12:00:00Z
1569,Jackson,Theodore,2.90,2026-06-09,2022-09-01T12:00:00Z
1570,Martin,Evelyn,3.00,2026-06-10,2023-10-02T12:00:00Z
1571,Lee,Jack,3.10,2026-06-11,2024-11-03T12:00:00Z
1572,Perez,Abigail,3.20,2026-06-12,2025-12-04T12:00:00Z
1573,Thompson,Levi,3.30,2026-06-13,2020-01-05T12:00:00Z
1574,White,Emily,3.40,2026-06-14,2021-02-06T12:00:00Z
1575,Harris,Alexander,3.50,2026-06-15,2022-03-07T12:00:00Z
1576,Sanchez,Ella,3.60,2026-06-16,2023-04-08T12:00:00Z
1577,Clark,Jackson,3.70,2026-06-17,2024-05-09T12:00:00Z
1578,Ramirez,Avery,3.80,2026-06-18,2025-06-10T12:00:00Z
1579,Lewis,Mateo,3.90,2026-06-19,2020-07-11T12:00:00Z
1580,Robinson,Sofia,4.00,2026-06-20,2021-08-12T12:00:00Z
1581,Walker,Daniel,2.10,2026-06-21,2022-09-13T12:00:00Z
1582,Young,Camila,2.20,2026-06-22,2023-10-14T12:00:00Z
1583,Allen,Michael,2.30,2026-06-23,2024-11-15T12:00:00Z
1584,King,Aria,2.40,2026-06-24,2025-12-16T12:00:00Z
1585,Wright,Mason,2.50,2026-06-25,2020-01-17T12:00:00Z
1586,Scott,Scarlett,2.60,2026-06-26,2021-02-18T12:00:00Z
1587,Torres,Sebastian,2.70,2026-06-27,2022-03-19T12:00:00Z
1588,Nguyen,Victoria,2.80,2026-06-28,2023-04-20T12:00:00Z
1589,Hill,Ethan,2.90,2026-06-29,2024-05-21T12:00:00Z
1590,Flores,Madison,3.00,2026-06-30,2025-06-22T12:00:00Z
1591,Green,Logan,3.10,2026-06-01,2020-07-23T12:00:00Z
1592,Adams,Luna,3.20,2026-06-02,2021-08-24T12:00:00Z
1593,Nelson,Owen,3.30,2026-06-03,2022-09-25T12:00:00Z
1594,Baker,Grace,3.40,2026-06-04,2023-10-26T12:00:00Z
1595,Hall,Samuel,3.50,2026-06-05,2024-11-27T12:00:00Z
1596,Rivera,Chloe,3.60,2026-06-06,2025-12-28T12:00:00Z
1597,Campbell,Jacob,3.70,2026-06-07,2020-01-01T12:00:00Z
1598,Mitchell,Penelope,3.80,2026-06-08,2021-02-02T12:00:00Z
1599,Carter,Asher,3.90,2026-06-09,2022-03-03T12:00:00Z
1600,Roberts,Layla,4.00,2026-06-10,2023-04-04T12:00:00Z
1601,Smith,Noah,2.10,2026-06-11,2024-05-05T12:00:00Z
1602,Johnson,Olivia,2.20,2026-06-12,2025-06-06T12:00:00Z
1603,Williams,Liam,2.30,2026-06-13,2020-07-07T12:00:00Z
1604,Brown,Emma,2.40,2026-06-14,2021-08-08T12:00:00Z
1605,Jones,Oliver,2.50,2026-06-15,2022-09-09T12:00:00Z
1606,Garcia,Ava,2.60,2026-06-16,2023-10-10T12:00:00Z
1607,Miller,Elijah,2.70,2026-06-17,2024-11-11T12:00:00Z
1608,Davis,Sophia,2.80,2026-06-18,2025-12-12T12:00:00Z
1609,Rodriguez,James,2.90,2026-06-19,2020-01-13T12:00:00Z
1610,Martinez,Isabella,3.00,2026-06-20,2021-02-14T12:00:00Z
1611,Hernandez,William,3.10,2026-06-21,2022-03-15T12:00:00Z
1612,Lopez,Mia,3.20,2026-06-22,2023-04-16T12:00:00Z
1613,Gonzalez,Benjamin,3.30,2026-06-23,2024-05-17T12:00:00Z
1614,Wilson,Charlotte,3.40,2026-06-24,2025-06-18T12:00:00Z
1615,Anderson,Lucas,3.50,2026-06-25,2020-07-19T12:00:00Z
1616,Thomas,Amelia,3.60,2026-06-26,2021-08-20T12:00:00Z
1617,Taylor,Henry,3.70,2026-06-27,2022-09-21T12:00:00Z
1618,Moore,Harper,3.80,2026-06-28,2023-10-22T12:00:00Z
1619,Jackson,Theodore,3.90,2026-06-29,2024-11-23T12:00:00Z
1620,Martin,Evelyn,4.00,2026-06-30,2025-12-24T12:00:00Z
1621,Lee,Jack,2.10,2026-06-01,2020-01-25T12:00:00Z
1622,Perez,Abigail,2.20,2026-06-02,2021-02-26T12:00:00Z
1623,Thompson,Levi,2.30,2026-06-03,2022-03-27T12:00:00Z
1624,White,Emily,2.40,2026-06-04,2023-04-28T12:00:00Z
1625,Harris,Alexander,2.50,2026-06-05,2024-05-01T12:00:00Z
1626,Sanchez,Ella,2.60,2026-06-06,2025-06-02T12:00:00Z
1627,Clark,Jackson,2.70,2026-06-07,2020-07-03T12:00:00Z
1628,Ramirez,Avery,2.80,2026-06-08,2021-08-04T12:00:00Z
1629,Lewis,Mateo,2.90,2026-06-09,2022-09-05T12:00:00Z
1630,Robinson,Sofia,3.00,2026-06-10,2023-10-06T12:00:00Z
1631,Walker,Daniel,3.10,2026-06-11,2024-11-07T12:00:00Z
1632,Young,Camila,3.20,2026-06-12,2025-12-08T12:00:00Z
1633,Allen,Michael,3.30,2026-06-13,2020-01-09T12:00:00Z
1634,King,Aria,3.40,2026-06-14,2021-02-10T12:00:00Z
1635,Wright,Mason,3.50,2026-06-15,2022-03-11T12:00:00Z
1636,Scott,Scarlett,3.60,2026-06-16,2023-04-12T12:00:00Z
1637,Torres,Sebastian,3.70,2026-06-17,2024-05-13T12:00:00Z
1638,Nguyen,Victoria,3.80,2026-06-18,2025-06-14T12:00:00Z
1639,Hill,Ethan,3.90,2026-06-19,2020-07-15T12:00:00Z
1640,Flores,Madison,4.00,2026-06-20,2021-08-16T12:00:00Z
1641,Green,Logan,2.10,2026-06-21,2022-09-17T12:00:00Z
1642,Adams,Luna,2.20,2026-06-22,2023-10-18T12:00:00Z
1643,Nelson,Owen,2.30,2026-06-23,2024-11-19T12:00:00Z
1644,Baker,Grace,2.40,2026-06-24,2025-12-20T12:00:00Z
1645,Hall,Samuel,2.50,2026-06-25,2020-01-21T12:00:00Z
1646,Rivera,Chloe,2.60,2026-06-26,2021-02-22T12:00:00Z
1647,Campbell,Jacob,2.70,2026-06-27,2022-03-23T12:00:00Z
1648,Mitchell,Penelope,2.80,2026-06-28,2023-04-24T12:00:00Z
1649,Carter,Asher,2.90,2026-06-29,2024-05-25T12:00:00Z
1650,Roberts,Layla,3.00,2026-06-30,2025-06-26T12:00:00Z
1651,Smith,Noah,3.10,2026-06-01,2020-07-27T12:00:00Z
1652,Johnson,Olivia,3.20,2026-06-02,2021-08-28T12:00:00Z
1653,Williams,Liam,3.30,2026-06-03,2022-09-01T12:00:00Z
1654,Brown,Emma,3.40,2026-06-04,2023-10-02T12:00:00Z
1655,Jones,Oliver,3.50,2026-06-05,2024-11-03T12:00:00Z
1656,Garcia,Ava,3.60,2026-06-06,2025-12-04T12:00:00Z
1657,Miller,Elijah,3.70,2026-06-07,2020-01-05T12:00:00Z
1658,Davis,Sophia,3.80,2026-06-08,2021-02-06T12:00:00Z
1659,Rodriguez,James,3.90,2026-06-09,2022-03-07T12:00:00Z
1660,Martinez,Isabella,4.00,2026-06-10,2023-04-08T12:00:00Z
1661,Hernandez,William,2.10,2026-06-11,2024-05-09T12:00:00Z
1662,Lopez,Mia,2.20,2026-06-12,2025-06-10T12:00:00Z
1663,Gonzalez,Benjamin,2.30,2026-06-13,2020-07-11T12:00:00Z
1664,Wilson,Charlotte,2.40,2026-06-14,2021-08-12T12:00:00Z
1665,Anderson,Lucas,2.50,2026-06-15,2022-09-13T12:00:00Z
1666,Thomas,Amelia,2.60,2026-06-16,2023-10-14T12:00:00Z
1667,Taylor,Henry,2.70,2026-06-17,2024-11-15T12:00:00Z
1668,Moore,Harper,2.80,2026-06-18,2025-12-16T12:00:00Z
1669,Jackson,Theodore,2.90,2026-06-19,2020-01-17T12:00:00Z
1670,Martin,Evelyn,3.00,2026-06-20,2021-02-18T12:00:00Z
1671,Lee,Jack,3.10,2026-06-21,2022-03-19T12:00:00Z
1672,Perez,Abigail,3.20,2026-06-22,2023-04-20T12:00:00Z
1673,Thompson,Levi,3.30,2026-06-23,2024-05-21T12:00:00Z
1674,White,Emily,3.40,2026-06-24,2025-06-22T12:00:00Z
1675,Harris,Alexander,3.50,2026-06-25,2020-07-23T12:00:00Z
1676,Sanchez,Ella,3.60,2026-06-26,2021-08-24T12:00:00Z
1677,Clark,Jackson,3.70,2026-06-27,2022-09-25T12:00:00Z
1678,Ramirez,Avery,3.80,2026-06-28,2023-10-26T12:00:00Z
1679,Lewis,Mateo,3.90,2026-06-29,2024-11-27T12:00:00Z
1680,Robinson,Sofia,4.00,2026-06-30,2025-12-28T12:00:00Z
1681,Walker,Daniel,2.10,2026-06-01,2020-01-01T12:00:00Z
1682,Young,Camila,2.20,2026-06-02,2021-02-02T12:00:00Z
1683,Allen,Michael,2.30,2026-06-03,2022-03-03T12:00:00Z
1684,King,Aria,2.40,2026-06-04,2023-04-04T12:00:00Z
1685,Wright,Mason,2.50,2026-06-05,2024-05-05T12:00:00Z
1686,Scott,Scarlett,2.60,2026-06-06,2025-06-06T12:00:00Z
1687,Torres,Sebastian,2.70,2026-06-07,2020-07-07T12:00:00Z
1688,Nguyen,Victoria,2.80,2026-06-08,2021-08-08T12:00:00Z
1689,Hill,Ethan,2.90,2026-06-09,2022-09-09T12:00:00Z
1690,Flores,Madison,3.00,2026-06-10,2023-10-10T12:00:00Z
1691,Green,Logan,3.10,2026-06-11,2024-11-11T12:00:00Z
1692,Adams,Luna,3.20,2026-06-12,2025-12-12T12:00:00Z
1693,Nelson,Owen,3.30,2026-06-13,2020-01-13T12:00:00Z
1694,Baker,Grace,3.40,2026-06-14,2021-02-14T12:00:00Z
1695,Hall,Samuel,3.50,2026-06-15,2022-03-15T12:00:00Z
1696,Rivera,Chloe,3.60,2026-06-16,2023-04-16T12:00:00Z
1697,Campbell,Jacob,3.70,2026-06-17,2024-05-17T12:00:00Z
1698,Mitchell,Penelope,3.80,2026-06-18,2025-06-18T12:00:00Z
1699,Carter,Asher,3.90,2026-06-19,2020-07-19T12:00:00Z
1700,Roberts,Layla,4.00,2026-06-20,2021-08-20T12:00:00Z
1701,Smith,Noah,2.10,2026-06-21,2022-09-21T12:00:00Z
1702,Johnson,Olivia,2.20,2026-06-22,2023-10-22T12:00:00Z
1703,Williams,Liam,2.30,2026-06-23,2024-11-23T12:00:00Z
1704,Brown,Emma,2.40,2026-06-24,2025-12-24T12:00:00Z
1705,Jones,Oliver,2.50,2026-06-25,2020-01-25T12:00:00Z
1706,Garcia,Ava,2.60,2026-06-26,2021-02-26T12:00:00Z
1707,Miller,Elijah,2.70,2026-06-27,2022-03-27T12:00:00Z
1708,Davis,Sophia,2.80,2026-06-28,2023-04-28T12:00:00Z
1709,Rodriguez,James,2.90,2026-06-29,2024-05-01T12:00:00Z
1710,Martinez,Isabella,3.00,2026-06-30,2025-06-02T12:00:00Z
1711,Hernandez,William,3.10,2026-06-01,2020-07-03T12:00:00Z
1712,Lopez,Mia,3.20,2026-06-02,2021-08-04T12:00:00Z
1713,Gonzalez,Benjamin,3.30,2026-06-03,2022-09-05T12:00:00Z
1714,Wilson,Charlotte,3.40,2026-06-04,2023-10-06T12:00:00Z
1715,Anderson,Lucas,3.50,2026-06-05,2024-11-07T12:00:00Z
1716,Thomas,Amelia,3.60,2026-06-06,2025-12-08T12:00:00Z
1717,Taylor,Henry,3.70,2026-06-07,2020-01-09T12:00:00Z
1718,Moore,Harper,3.80,2026-06-08,2021-02-10T12:00:00Z
1719,Jackson,Theodore,3.90,2026-06-09,2022-03-11T12:00:00Z
1720,Martin,Evelyn,4.00,2026-06-10,2023-04-12T12:00:00Z
1721,Lee,Jack,2.10,2026-06-11,2024-05-13T12:00:00Z
1722,Perez,Abigail,2.20,2026-06-12,2025-06-14T12:00:00Z
1723,Thompson,Levi,2.30,2026-06-13,2020-07-15T12:00:00Z
1724,White,Emily,2.40,2026-06-14,2021-08-16T12:00:00Z
1725,Harris,Alexander,2.50,2026-06-15,2022-09-17T12:00:00Z
1726,Sanchez,Ella,2.60,2026-06-16,2023-10-18T12:00:00Z
1727,Clark,Jackson,2.70,2026-06-17,2024-11-19T12:00:00Z
1728,Ramirez,Avery,2.80,2026-06-18,2025-12-20T12:00:00Z
1729,Lewis,Mateo,2.90,2026-06-19,2020-01-21T12:00:00Z
1730,Robinson,Sofia,3.00,2026-06-20,2021-02-22T12:00:00Z
1731,Walker,Daniel,3.10,2026-06-21,2022-03-23T12:00:00Z
1732,Young,Camila,3.20,2026-06-22,2023-04-24T12:00:00Z
1733,Allen,Michael,3.30,2026-06-23,2024-05-25T12:00:00Z
1734,King,Aria,3.40,2026-06-24,2025-06-26T12:00:00Z
1735,Wright,Mason,3.50,2026-06-25,2020-07-27T12:00:00Z
1736,Scott,Scarlett,3.60,2026-06-26,2021-08-28T12:00:00Z
1737,Torres,Sebastian,3.70,2026-06-27,2022-09-01T12:00:00Z
1738,Nguyen,Victoria,3.80,2026-06-28,2023-10-02T12:00:00Z
1739,Hill,Ethan,3.90,2026-06-29,2024-11-03T12:00:00Z
1740,Flores,Madison,4.00,2026-06-30,2025-12-04T12:00:00Z
1741,Green,Logan,2.10,2026-06-01,2020-01-05T12:00:00Z
1742,Adams,Luna,2.20,2026-06-02,2021-02-06T12:00:00Z
1743,Nelson,Owen,2.30,2026-06-03,2022-03-07T12:00:00Z
1744,Baker,Grace,2.40,2026-06-04,2023-04-08T12:00:00Z
1745,Hall,Samuel,2.50,2026-06-05,2024-05-09T12:00:00Z
1746,Rivera,Chloe,2.60,2026-06-06,2025-06-10T12:00:00Z
1747,Campbell,Jacob,2.70,2026-06-07,2020-07-11T12:00:00Z
1748,Mitchell,Penelope,2.80,2026-06-08,2021-08-12T12:00:00Z
1749,Carter,Asher,2.90,2026-06-09,2022-09-13T12:00:00Z
1750,Roberts,Layla,3.00,2026-06-10,2023-10-14T12:00:00Z
1751,Smith,Noah,3.10,2026-06-11,2024-11-15T12:00:00Z
1752,Johnson,Olivia,3.20,2026-06-12,2025-12-16T12:00:00Z
1753,Williams,Liam,3.30,2026-06-13,2020-01-17T12:00:00Z
1754,Brown,Emma,3.40,2026-06-14,2021-02-18T12:00:00Z
1755,Jones,Oliver,3.50,2026-06-15,2022-03-19T12:00:00Z
1756,Garcia,Ava,3.60,2026-06-16,2023-04-20T12:00:00Z
1757,Miller,Elijah,3.70,2026-06-17,2024-05-21T12:00:00Z
1758,Davis,Sophia,3.80,2026-06-18,2025-06-22T12:00:00Z
1759,Rodriguez,James,3.90,2026-06-19,2020-07-23T12:00:00Z
1760,Martinez,Isabella,4.00,2026-06-20,2021-08-24T12:00:00Z
1761,Hernandez,William,2.10,2026-06-21,2022-09-25T12:00:00Z
1762,Lopez,Mia,2.20,2026-06-22,2023-10-26T12:00:00Z
1763,Gonzalez,Benjamin,2.30,2026-06-23,2024-11-27T12:00:00Z
1764,Wilson,Charlotte,2.40,2026-06-24,2025-12-28T12:00:00Z
1765,Anderson,Lucas,2.50,2026-06-25,2020-01-01T12:00:00Z
1766,Thomas,Amelia,2.60,2026-06-26,2021-02-02T12:00:00Z
1767,Taylor,Henry,2.70,2026-06-27,2022-03-03T12:00:00Z
1768,Moore,Harper,2.80,2026-06-28,2023-04-04T12:00:00Z
1769,Jackson,Theodore,2.90,2026-06-29,2024-05-05T12:00:00Z
1770,Martin,Evelyn,3.00,2026-06-30,2025-06-06T12:00:00Z
1771,Lee,Jack,3.10,2026-06-01,2020-07-07T12:00:00Z
1772,Perez,Abigail,3.20,2026-06-02,2021-08-08T12:00:00Z
1773,Thompson,Levi,3.30,2026-06-03,2022-09-09T12:00:00Z
1774,White,Emily,3.40,2026-06-04,2023-10-10T12:00:00Z
1775,Harris,Alexander,3.50,2026-06-05,2024-11-11T12:00:00Z
1776,Sanchez,Ella,3.60,2026-06-06,2025-12-12T12:00:00Z
1777,Clark,Jackson,3.70,2026-06-07,2020-01-13T12:00:00Z
1778,Ramirez,Avery,3.80,2026-06-08,2021-02-14T12:00:00Z
1779,Lewis,Mateo,3.90,2026-06-09,2022-03-15T12:00:00Z
1780,Robinson,Sofia,4.00,2026-06-10,2023-04-16T12:00:00Z
1781,Walker,Daniel,2.10,2026-06-11,2024-05-17T12:00:00Z
1782,Young,Camila,2.20,2026-06-12,2025-06-18T12:00:00Z
1783,Allen,Michael,2.30,2026-06-13,2020-07-19T12:00:00Z
1784,King,Aria,2.40,2026-06-14,2021-08-20T12:00:00Z
1785,Wright,Mason,2.50,2026-06-15,2022-09-21T12:00:00Z
1786,Scott,Scarlett,2.60,2026-06-16,2023-10-22T12:00:00Z
1787,Torres,Sebastian,2.70,2026-06-17,2024-11-23T12:00:00Z
1788,Nguyen,Victoria,2.80,2026-06-18,2025-12-24T12:00:00Z
1789,Hill,Ethan,2.90,2026-06-19,2020-01-25T12:00:00Z
1790,Flores,Madison,3.00,2026-06-20,2021-02-26T12:00:00Z
1791,Green,Logan,3.10,2026-06-21,2022-03-27T12:00:00Z
1792,Adams,Luna,3.20,2026-06-22,2023-04-28T12:00:00Z
1793,Nelson,Owen,3.30,2026-06-23,2024-05-01T12:00:00Z
1794,Baker,Grace,3.40,2026-06-24,2025-06-02T12:00:00Z
1795,Hall,Samuel,3.50,2026-06-25,2020-07-03T12:00:00Z
1796,Rivera,Chloe,3.60,2026-06-26,2021-08-04T12:00:00Z
1797,Campbell,Jacob,3.70,2026-06-27,2022-09-05T12:00:00Z
1798,Mitchell,Penelope,3.80,2026-06-28,2023-10-06T12:00:00Z
1799,Carter,Asher,3.90,2026-06-29,2024-11-07T12:00:00Z
1800,Roberts,Layla,4.00,2026-06-30,2025-12-08T12:00:00Z
1801,Smith,Noah,2.10,2026-06-01,2020-01-09T12:00:00Z
1802,Johnson,Olivia,2.20,2026-06-02,2021-02-10T12:00:00Z
1803,Williams,Liam,2.30,2026-06-03,2022-03-11T12:00:00Z
1804,Brown,Emma,2.40,2026-06-04,2023-04-12T12:00:00Z
1805,Jones,Oliver,2.50,2026-06-05,2024-05-13T12:00:00Z
1806,Garcia,Ava,2.60,2026-06-06,2025-06-14T12:00:00Z
1807,Miller,Elijah,2.70,2026-06-07,2020-07-15T12:00:00Z
1808,Davis,Sophia,2.80,2026-06-08,2021-08-16T12:00:00Z
1809,Rodriguez,James,2.90,2026-06-09,2022-09-17T12:00:00Z
1810,Martinez,Isabella,3.00,2026-06-10,2023-10-18T12:00:00Z
1811,Hernandez,William,3.10,2026-06-11,2024-11-19T12:00:00Z
1812,Lopez,Mia,3.20,2026-06-12,2025-12-20T12:00:00Z
1813,Gonzalez,Benjamin,3.30,2026-06-13,2020-01-21T12:00:00Z
1814,Wilson,Charlotte,3.40,2026-06-14,2021-02-22T12:00:00Z
1815,Anderson,Lucas,3.50,2026-06-15,2022-03-23T12:00:00Z
1816,Thomas,Amelia,3.60,2026-06-16,2023-04-24T12:00:00Z
1817,Taylor,Henry,3.70,2026-06-17,2024-05-25T12:00:00Z
1818,Moore,Harper,3.80,2026-06-18,2025-06-26T12:00:00Z
1819,Jackson,Theodore,3.90,2026-06-19,2020-07-27T12:00:00Z
1820,Martin,Evelyn,4.00,2026-06-20,2021-08-28T12:00:00Z
1821,Lee,Jack,2.10,2026-06-21,2022-09-01T12:00:00Z
1822,Perez,Abigail,2.20,2026-06-22,2023-10-02T12:00:00Z
1823,Thompson,Levi,2.30,2026-06-23,2024-11-03T12:00:00Z
1824,White,Emily,2.40,2026-06-24,2025-12-04T12:00:00Z
1825,Harris,Alexander,2.50,2026-06-25,2020-01-05T12:00:00Z
1826,Sanchez,Ella,2.60,2026-06-26,2021-02-06T12:00:00Z
1827,Clark,Jackson,2.70,2026-06-27,2022-03-07T12:00:00Z
1828,Ramirez,Avery,2.80,2026-06-28,2023-04-08T12:00:00Z
1829,Lewis,Mateo,2.90,2026-06-29,2024-05-09T12:00:00Z
1830,Robinson,Sofia,3.00,2026-06-30,2025-06-10T12:00:00Z
1831,Walker,Daniel,3.10,2026-06-01,2020-07-11T12:00:00Z
1832,Young,Camila,3.20,2026-06-02,2021-08-12T12:00:00Z
1833,Allen,Michael,3.30,2026-06-03,2022-09-13T12:00:00Z
1834,King,Aria,3.40,2026-06-04,2023-10-14T12:00:00Z
1835,Wright,Mason,3.50,2026-06-05,2024-11-15T12:00:00Z
1836,Scott,Scarlett,3.60,2026-06-06,2025-12-16T12:00:00Z
1837,Torres,Sebastian,3.70,2026-06-07,2020-01-17T12:00:00Z
1838,Nguyen,Victoria,3.80,2026-06-08,2021-02-18T12:00:00Z
1839,Hill,Ethan,3.90,2026-06-09,2022-03-19T12:00:00Z
1840,Flores,Madison,4.00,2026-06-10,2023-04-20T12:00:00Z
1841,Green,Logan,2.10,2026-06-11,2024-05-21T12:00:00Z
1842,Adams,Luna,2.20,2026-06-12,2025-06-22T12:00:00Z
1843,Nelson,Owen,2.30,2026-06-13,2020-07-23T12:00:00Z
1844,Baker,Grace,2.40,2026-06-14,2021-08-24T12:00:00Z
1845,Hall,Samuel,2.50,2026-06-15,2022-09-25T12:00:00Z
1846,Rivera,Chloe,2.60,2026-06-16,2023-10-26T12:00:00Z
1847,Campbell,Jacob,2.70,2026-06-17,2024-11-27T12:00:00Z
1848,Mitchell,Penelope,2.80,2026-06-18,2025-12-28T12:00:00Z
1849,Carter,Asher,2.90,2026-06-19,2020-01-01T12:00:00Z
1850,Roberts,Layla,3.00,2026-06-20,2021-02-02T12:00:00Z
1851,Smith,Noah,3.10,2026-06-21,2022-03-03T12:00:00Z
1852,Johnson,Olivia,3.20,2026-06-22,2023-04-04T12:00:00Z
1853,Williams,Liam,3.30,2026-06-23,2024-05-05T12:00:00Z
1854,Brown,Emma,3.40,2026-06-24,2025-06-06T12:00:00Z
1855,Jones,Oliver,3.50,2026-06-25,2020-07-07T12:00:00Z
1856,Garcia,Ava,3.60,2026-06-26,2021-08-08T12:00:00Z
1857,Miller,Elijah,3.70,2026-06-27,2022-09-09T12:00:00Z
1858,Davis,Sophia,3.80,2026-06-28,2023-10-10T12:00:00Z
1859,Rodriguez,James,3.90,2026-06-29,2024-11-11T12:00:00Z
1860,Martinez,Isabella,4.00,2026-06-30,2025-12-12T12:00:00Z
1861,Hernandez,William,2.10,2026-06-01,2020-01-13T12:00:00Z
1862,Lopez,Mia,2.20,2026-06-02,2021-02-14T12:00:00Z
1863,Gonzalez,Benjamin,2.30,2026-06-03,2022-03-15T12:00:00Z
1864,Wilson,Charlotte,2.40,2026-06-04,2023-04-16T12:00:00Z
1865,Anderson,Lucas,2.50,2026-06-05,2024-05-17T12:00:00Z
1866,Thomas,Amelia,2.60,2026-06-06,2025-06-18T12:00:00Z
1867,Taylor,Henry,2.70,2026-06-07,2020-07-19T12:00:00Z
1868,Moore,Harper,2.80,2026-06-08,2021-08-20T12:00:00Z
1869,Jackson,Theodore,2.90,2026-06-09,2022-09-21T12:00:00Z
1870,Martin,Evelyn,3.00,2026-06-10,2023-10-22T12:00:00Z
1871,Lee,Jack,3.10,2026-06-11,2024-11-23T12:00:00Z
1872,Perez,Abigail,3.20,2026-06-12,2025-12-24T12:00:00Z
1873,Thompson,Levi,3.30,2026-06-13,2020-01-25T12:00:00Z
1874,White,Emily,3.40,2026-06-14,2021-02-26T12:00:00Z
1875,Harris,Alexander,3.50,2026-06-15,2022-03-27T12:00:00Z
1876,Sanchez,Ella,3.60,2026-06-16,2023-04-28T12:00:00Z
1877,Clark,Jackson,3.70,2026-06-17,2024-05-01T12:00:00Z
1878,Ramirez,Avery,3.80,2026-06-18,2025-06-02T12:00:00Z
1879,Lewis,Mateo,3.90,2026-06-19,2020-07-03T12:00:00Z
1880,Robinson,Sofia,4.00,2026-06-20,2021-08-04T12:00:00Z
1881,Walker,Daniel,2.10,2026-06-21,2022-09-05T12:00:00Z
1882,Young,Camila,2.20,2026-06-22,2023-10-06T12:00:00Z
1883,Allen,Michael,2.30,2026-06-23,2024-11-07T12:00:00Z
1884,King,Aria,2.40,2026-06-24,2025-12-08T12:00:00Z
1885,Wright,Mason,2.50,2026-06-25,2020-01-09T12:00:00Z
1886,Scott,Scarlett,2.60,2026-06-26,2021-02-10T12:00:00Z
1887,Torres,Sebastian,2.70,2026-06-27,2022-03-11T12:00:00Z
1888,Nguyen,Victoria,2.80,2026-06-28,2023-04-12T12:00:00Z
1889,Hill,Ethan,2.90,2026-06-29,2024-05-13T12:00:00Z
1890,Flores,Madison,3.00,2026-06-30,2025-06-14T12:00:00Z
1891,Green,Logan,3.10,2026-06-01,2020-07-15T12:00:00Z
1892,Adams,Luna,3.20,2026-06-02,2021-08-16T12:00:00Z
1893,Nelson,Owen,3.30,2026-06-03,2022-09-17T12:00:00Z
1894,Baker,Grace,3.40,2026-06-04,2023-10-18T12:00:00Z
1895,Hall,Samuel,3.50,2026-06-05,2024-11-19T12:00:00Z
1896,Rivera,Chloe,3.60,2026-06-06,2025-12-20T12:00:00Z
1897,Campbell,Jacob,3.70,2026-06-07,2020-01-21T12:00:00Z
1898,Mitchell,Penelope,3.80,2026-06-08,2021-02-22T12:00:00Z
1899,Carter,Asher,3.90,2026-06-09,2022-03-23T12:00:00Z
1900,Roberts,Layla,4.00,2026-06-10,2023-04-24T12:00:00Z
1901,Smith,Noah,2.10,2026-06-11,2024-05-25T12:00:00Z
1902,Johnson,Olivia,2.20,2026-06-12,2025-06-26T12:00:00Z
1903,Williams,Liam,2.30,2026-06-13,2020-07-27T12:00:00Z
1904,Brown,Emma,2.40,2026-06-14,2021-08-28T12:00:00Z
1905,Jones,Oliver,2.50,2026-06-15,2022-09-01T12:00:00Z
1906,Garcia,Ava,2.60,2026-06-16,2023-10-02T12:00:00Z
1907,Miller,Elijah,2.70,2026-06-17,2024-11-03T12:00:00Z
1908,Davis,Sophia,2.80,2026-06-18,2025-12-04T12:00:00Z
1909,Rodriguez,James,2.90,2026-06-19,2020-01-05T12:00:00Z
1910,Martinez,Isabella,3.00,2026-06-20,2021-02-06T12:00:00Z
1911,Hernandez,William,3.10,2026-06-21,2022-03-07T12:00:00Z
1912,Lopez,Mia,3.20,2026-06-22,2023-04-08T12:00:00Z
1913,Gonzalez,Benjamin,3.30,2026-06-23,2024-05-09T12:00:00Z
1914,Wilson,Charlotte,3.40,2026-06-24,2025-06-10T12:00:00Z
1915,Anderson,Lucas,3.50,2026-06-25,2020-07-11T12:00:00Z
1916,Thomas,Amelia,3.60,2026-06-26,2021-08-12T12:00:00Z
1917,Taylor,Henry,3.70,2026-06-27,2022-09-13T12:00:00Z
1918,Moore,Harper,3.80,2026-06-28,2023-10-14T12:00:00Z
1919,Jackson,Theodore,3.90,2026-06-29,2024-11-15T12:00:00Z
1920,Martin,Evelyn,4.00,2026-06-30,2025-12-16T12:00:00Z
1921,Lee,Jack,2.10,2026-06-01,2020-01-17T12:00:00Z
1922,Perez,Abigail,2.20,2026-06-02,2021-02-18T12:00:00Z
1923,Thompson,Levi,2.30,2026-06-03,2022-03-19T12:00:00Z
1924,White,Emily,2.40,2026-06-04,2023-04-20T12:00:00Z
1925,Harris,Alexander,2.50,2026-06-05,2024-05-21T12:00:00Z
1926,Sanchez,Ella,2.60,2026-06-06,2025-06-22T12:00:00Z
1927,Clark,Jackson,2.70,2026-06-07,2020-07-23T12:00:00Z
1928,Ramirez,Avery,2.80,2026-06-08,2021-08-24T12:00:00Z
1929,Lewis,Mateo,2.90,2026-06-09,2022-09-25T12:00:00Z
1930,Robinson,Sofia,3.00,2026-06-10,2023-10-26T12:00:00Z
1931,Walker,Daniel,3.10,2026-06-11,2024-11-27T12:00:00Z
1932,Young,Camila,3.20,2026-06-12,2025-12-28T12:00:00Z
1933,Allen,Michael,3.30,2026-06-13,2020-01-01T12:00:00Z
1934,King,Aria,3.40,2026-06-14,2021-02-02T12:00:00Z
1935,Wright,Mason,3.50,2026-06-15,2022-03-03T12:00:00Z
1936,Scott,Scarlett,3.60,2026-06-16,2023-04-04T12:00:00Z
1937,Torres,Sebastian,3.70,2026-06-17,2024-05-05T12:00:00Z
1938,Nguyen,Victoria,3.80,2026-06-18,2025-06-06T12:00:00Z
1939,Hill,Ethan,3.90,2026-06-19,2020-07-07T12:00:00Z
1940,Flores,Madison,4.00,2026-06-20,2021-08-08T12:00:00Z
1941,Green,Logan,2.10,2026-06-21,2022-09-09T12:00:00Z
1942,Adams,Luna,2.20,2026-06-22,2023-10-10T12:00:00Z
1943,Nelson,Owen,2.30,2026-06-23,2024-11-11T12:00:00Z
1944,Baker,Grace,2.40,2026-06-24,2025-12-12T12:00:00Z
1945,Hall,Samuel,2.50,2026-06-25,2020-01-13T12:00:00Z
1946,Rivera,Chloe,2.60,2026-06-26,2021-02-14T12:00:00Z
1947,Campbell,Jacob,2.70,2026-06-27,2022-03-15T12:00:00Z
1948,Mitchell,Penelope,2.80,2026-06-28,2023-04-16T12:00:00Z
1949,Carter,Asher,2.90,2026-06-29,2024-05-17T12:00:00Z
1950,Roberts,Layla,3.00,2026-06-30,2025-06-18T12:00:00Z
1951,Smith,Noah,3.10,2026-06-01,2020-07-19T12:00:00Z
1952,Johnson,Olivia,3.20,2026-06-02,2021-08-20T12:00:00Z
1953,Williams,Liam,3.30,2026-06-03,2022-09-21T12:00:00Z
1954,Brown,Emma,3.40,2026-06-04,2023-10-22T12:00:00Z
1955,Jones,Oliver,3.50,2026-06-05,2024-11-23T12:00:00Z
1956,Garcia,Ava,3.60,2026-06-06,2025-12-24T12:00:00Z
1957,Miller,Elijah,3.70,2026-06-07,2020-01-25T12:00:00Z
1958,Davis,Sophia,3.80,2026-06-08,2021-02-26T12:00:00Z
1959,Rodriguez,James,3.90,2026-06-09,2022-03-27T12:00:00Z
1960,Martinez,Isabella,4.00,2026-06-10,2023-04-28T12:00:00Z
1961,Hernandez,William,2.10,2026-06-11,2024-05-01T12:00:00Z
1962,Lopez,Mia,2.20,2026-06-12,2025-06-02T12:00:00Z
1963,Gonzalez,Benjamin,2.30,2026-06-13,2020-07-03T12:00:00Z
1964,Wilson,Charlotte,2.40,2026-06-14,2021-08-04T12:00:00Z
1965,Anderson,Lucas,2.50,2026-06-15,2022-09-05T12:00:00Z
1966,Thomas,Amelia,2.60,2026-06-16,2023-10-06T12:00:00Z
1967,Taylor,Henry,2.70,2026-06-17,2024-11-07T12:00:00Z
1968,Moore,Harper,2.80,2026-06-18,2025-12-08T12:00:00Z
1969,Jackson,Theodore,2.90,2026-06-19,2020-01-09T12:00:00Z
1970,Martin,Evelyn,3.00,2026-06-20,2021-02-10T12:00:00Z
1971,Lee,Jack,3.10,2026-06-21,2022-03-11T12:00:00Z
1972,Perez,Abigail,3.20,2026-06-22,2023-04-12T12:00:00Z
1973,Thompson,Levi,3.30,2026-06-23,2024-05-13T12:00:00Z
1974,White,Emily,3.40,2026-06-24,2025-06-14T12:00:00Z
1975,Harris,Alexander,3.50,2026-06-25,2020-07-15T12:00:00Z
1976,Sanchez,Ella,3.60,2026-06-26,2021-08-16T12:00:00Z
1977,Clark,Jackson,3.70,2026-06-27,2022-09-17T12:00:00Z
1978,Ramirez,Avery,3.80,2026-06-28,2023-10-18T12:00:00Z
1979,Lewis,Mateo,3.90,2026-06-29,2024-11-19T12:00:00Z
1980,Robinson,Sofia,4.00,2026-06-30,2025-12-20T12:00:00Z
1981,Walker,Daniel,2.10,2026-06-01,2020-01-21T12:00:00Z
1982,Young,Camila,2.20,2026-06-02,2021-02-22T12:00:00Z
1983,Allen,Michael,2.30,2026-06-03,2022-03-23T12:00:00Z
1984,King,Aria,2.40,2026-06-04,2023-04-24T12:00:00Z
1985,Wright,Mason,2.50,2026-06-05,2024-05-25T12:00:00Z
1986,Scott,Scarlett,2.60,2026-06-06,2025-06-26T12:00:00Z
1987,Torres,Sebastian,2.70,2026-06-07,2020-07-27T12:00:00Z
1988,Nguyen,Victoria,2.80,2026-06-08,2021-08-28T12:00:00Z
1989,Hill,Ethan,2.90,2026-06-09,2022-09-01T12:00:00Z
1990,Flores,Madison,3.00,2026-06-10,2023-10-02T12:00:00Z
1991,Green,Logan,3.10,2026-06-11,2024-11-03T12:00:00Z
1992,Adams,Luna,3.20,2026-06-12,2025-12-04T12:00:00Z
1993,Nelson,Owen,3.30,2026-06-13,2020-01-05T12:00:00Z
1994,Baker,Grace,3.40,2026-06-14,2021-02-06T12:00:00Z
1995,Hall,Samuel,3.50,2026-06-15,2022-03-07T12:00:00Z
1996,Rivera,Chloe,3.60,2026-06-16,2023-04-08T12:00:00Z
1997,Campbell,Jacob,3.70,2026-06-17,2024-05-09T12:00:00Z
1998,Mitchell,Penelope,3.80,2026-06-18,2025-06-10T12:00:00Z
1999,Carter,Asher,3.90,2026-06-19,2020-07-11T12:00:00Z
2000,Roberts,Layla,4.00,2026-06-20,2021-08-12T12:00:00Z
2001,Smith,Noah,2.10,2026-06-21,2022-09-13T12:00:00Z
2002,Johnson,Olivia,2.20,2026-06-22,2023-10-14T12:00:00Z
2003,Williams,Liam,2.30,2026-06-23,2024-11-15T12:00:00Z
2004,Brown,Emma,2.40,2026-06-24,2025-12-16T12:00:00Z
2005,Jones,Oliver,2.50,2026-06-25,2020-01-17T12:00:00Z
2006,Garcia,Ava,2.60,2026-06-26,2021-02-18T12:00:00Z
2007,Miller,Elijah,2.70,2026-06-27,2022-03-19T12:00:00Z
2008,Davis,Sophia,2.80,2026-06-28,2023-04-20T12:00:00Z
2009,Rodriguez,James,2.90,2026-06-29,2024-05-21T12:00:00Z
2010,Martinez,Isabella,3.00,2026-06-30,2025-06-22T12:00:00Z
2011,Hernandez,William,3.10,2026-06-01,2020-07-23T12:00:00Z
2012,Lopez,Mia,3.20,2026-06-02,2021-08-24T12:00:00Z
2013,Gonzalez,Benjamin,3.30,2026-06-03,2022-09-25T12:00:00Z
2014,Wilson,Charlotte,3.40,2026-06-04,2023-10-26T12:00:00Z
2015,Anderson,Lucas,3.50,2026-06-05,2024-11-27T12:00:00Z
2016,Thomas,Amelia,3.60,2026-06-06,2025-12-28T12:00:00Z
2017,Taylor,Henry,3.70,2026-06-07,2020-01-01T12:00:00Z
2018,Moore,Harper,3.80,2026-06-08,2021-02-02T12:00:00Z
2019,Jackson,Theodore,3.90,2026-06-09,2022-03-03T12:00:00Z
2020,Martin,Evelyn,4.00,2026-06-10,2023-04-04T12:00:00Z
2021,Lee,Jack,2.10,2026-06-11,2024-05-05T12:00:00Z
2022,Perez,Abigail,2.20,2026-06-12,2025-06-06T12:00:00Z
2023,Thompson,Levi,2.30,2026-06-13,2020-07-07T12:00:00Z
2024,White,Emily,2.40,2026-06-14,2021-08-08T12:00:00Z
2025,Harris,Alexander,2.50,2026-06-15,2022-09-09T12:00:00Z
2026,Sanchez,Ella,2.60,2026-06-16,2023-10-10T12:00:00Z
2027,Clark,Jackson,2.70,2026-06-17,2024-11-11T12:00:00Z
2028,Ramirez,Avery,2.80,2026-06-18,2025-12-12T12:00:00Z
2029,Lewis,Mateo,2.90,2026-06-19,2020-01-13T12:00:00Z
2030,Robinson,Sofia,3.00,2026-06-20,2021-02-14T12:00:00Z
2031,Walker,Daniel,3.10,2026-06-21,2022-03-15T12:00:00Z
2032,Young,Camila,3.20,2026-06-22,2023-04-16T12:00:00Z
2033,Allen,Michael,3.30,2026-06-23,2024-05-17T12:00:00Z
2034,King,Aria,3.40,2026-06-24,2025-06-18T12:00:00Z
2035,Wright,Mason,3.50,2026-06-25,2020-07-19T12:00:00Z
2036,Scott,Scarlett,3.60,2026-06-26,2021-08-20T12:00:00Z
2037,Torres,Sebastian,3.70,2026-06-27,2022-09-21T12:00:00Z
2038,Nguyen,Victoria,3.80,2026-06-28,2023-10-22T12:00:00Z
2039,Hill,Ethan,3.90,2026-06-29,2024-11-23T12:00:00Z
2040,Flores,Madison,4.00,2026-06-30,2025-12-24T12:00:00Z
2041,Green,Logan,2.10,2026-06-01,2020-01-25T12:00:00Z
2042,Adams,Luna,2.20,2026-06-02,2021-02-26T12:00:00Z
2043,Nelson,Owen,2.30,2026-06-03,2022-03-27T12:00:00Z
2044,Baker,Grace,2.40,2026-06-04,2023-04-28T12:00:00Z
2045,Hall,Samuel,2.50,2026-06-05,2024-05-01T12:00:00Z
2046,Rivera,Chloe,2.60,2026-06-06,2025-06-02T12:00:00Z
2047,Campbell,Jacob,2.70,2026-06-07,2020-07-03T12:00:00Z
2048,Mitchell,Penelope,2.80,2026-06-08,2021-08-04T12:00:00Z
2049,Carter,Asher,2.90,2026-06-09,2022-09-05T12:00:00Z
2050,Roberts,Layla,3.00,2026-06-10,2023-10-06T12:00:00Z
2051,Smith,Noah,3.10,2026-06-11,2024-11-07T12:00:00Z
2052,Johnson,Olivia,3.20,2026-06-12,2025-12-08T12:00:00Z
2053,Williams,Liam,3.30,2026-06-13,2020-01-09T12:00:00Z
2054,Brown,Emma,3.40,2026-06-14,2021-02-10T12:00:00Z
2055,Jones,Oliver,3.50,2026-06-15,2022-03-11T12:00:00Z
2056,Garcia,Ava,3.60,2026-06-16,2023-04-12T12:00:00Z
2057,Miller,Elijah,3.70,2026-06-17,2024-05-13T12:00:00Z
2058,Davis,Sophia,3.80,2026-06-18,2025-06-14T12:00:00Z
2059,Rodriguez,James,3.90,2026-06-19,2020-07-15T12:00:00Z
2060,Martinez,Isabella,4.00,2026-06-20,2021-08-16T12:00:00Z
2061,Hernandez,William,2.10,2026-06-21,2022-09-17T12:00:00Z
2062,Lopez,Mia,2.20,2026-06-22,2023-10-18T12:00:00Z
2063,Gonzalez,Benjamin,2.30,2026-06-23,2024-11-19T12:00:00Z
2064,Wilson,Charlotte,2.40,2026-06-24,2025-12-20T12:00:00Z
2065,Anderson,Lucas,2.50,2026-06-25,2020-01-21T12:00:00Z
2066,Thomas,Amelia,2.60,2026-06-26,2021-02-22T12:00:00Z
2067,Taylor,Henry,2.70,2026-06-27,2022-03-23T12:00:00Z
2068,Moore,Harper,2.80,2026-06-28,2023-04-24T12:00:00Z
2069,Jackson,Theodore,2.90,2026-06-29,2024-05-25T12:00:00Z
2070,Martin,Evelyn,3.00,2026-06-30,2025-06-26T12:00:00Z
2071,Lee,Jack,3.10,2026-06-01,2020-07-27T12:00:00Z
2072,Perez,Abigail,3.20,2026-06-02,2021-08-28T12:00:00Z
2073,Thompson,Levi,3.30,2026-06-03,2022-09-01T12:00:00Z
2074,White,Emily,3.40,2026-06-04,2023-10-02T12:00:00Z
2075,Harris,Alexander,3.50,2026-06-05,2024-11-03T12:00:00Z
2076,Sanchez,Ella,3.60,2026-06-06,2025-12-04T12:00:00Z
2077,Clark,Jackson,3.70,2026-06-07,2020-01-05T12:00:00Z
2078,Ramirez,Avery,3.80,2026-06-08,2021-02-06T12:00:00Z
2079,Lewis,Mateo,3.90,2026-06-09,2022-03-07T12:00:00Z
2080,Robinson,Sofia,4.00,2026-06-10,2023-04-08T12:00:00Z
2081,Walker,Daniel,2.10,2026-06-11,2024-05-09T12:00:00Z
2082,Young,Camila,2.20,2026-06-12,2025-06-10T12:00:00Z
2083,Allen,Michael,2.30,2026-06-13,2020-07-11T12:00:00Z
2084,King,Aria,2.40,2026-06-14,2021-08-12T12:00:00Z
2085,Wright,Mason,2.50,2026-06-15,2022-09-13T12:00:00Z
2086,Scott,Scarlett,2.60,2026-06-16,2023-10-14T12:00:00Z
2087,Torres,Sebastian,2.70,2026-06-17,2024-11-15T12:00:00Z
2088,Nguyen,Victoria,2.80,2026-06-18,2025-12-16T12:00:00Z
2089,Hill,Ethan,2.90,2026-06-19,2020-01-17T12:00:00Z
2090,Flores,Madison,3.00,2026-06-20,2021-02-18T12:00:00Z
2091,Green,Logan,3.10,2026-06-21,2022-03-19T12:00:00Z
2092,Adams,Luna,3.20,2026-06-22,2023-04-20T12:00:00Z
2093,Nelson,Owen,3.30,2026-06-23,2024-05-21T12:00:00Z
2094,Baker,Grace,3.40,2026-06-24,2025-06-22T12:00:00Z
2095,Hall,Samuel,3.50,2026-06-25,2020-07-23T12:00:00Z
2096,Rivera,Chloe,3.60,2026-06-26,2021-08-24T12:00:00Z
2097,Campbell,Jacob,3.70,2026-06-27,2022-09-25T12:00:00Z
2098,Mitchell,Penelope,3.80,2026-06-28,2023-10-26T12:00:00Z
2099,Carter,Asher,3.90,2026-06-29,2024-11-27T12:00:00Z
2100,Roberts,Layla,4.00,2026-06-30,2025-12-28T12:00:00Z
2101,Smith,Noah,2.10,2026-06-01,2020-01-01T12:00:00Z
2102,Johnson,Olivia,2.20,2026-06-02,2021-02-02T12:00:00Z
2103,Williams,Liam,2.30,2026-06-03,2022-03-03T12:00:00Z
2104,Brown,Emma,2.40,2026-06-04,2023-04-04T12:00:00Z
2105,Jones,Oliver,2.50,2026-06-05,2024-05-05T12:00:00Z
2106,Garcia,Ava,2.60,2026-06-06,2025-06-06T12:00:00Z
2107,Miller,Elijah,2.70,2026-06-07,2020-07-07T12:00:00Z
2108,Davis,Sophia,2.80,2026-06-08,2021-08-08T12:00:00Z
2109,Rodriguez,James,2.90,2026-06-09,2022-09-09T12:00:00Z
2110,Martinez,Isabella,3.00,2026-06-10,2023-10-10T12:00:00Z
2111,Hernandez,William,3.10,2026-06-11,2024-11-11T12:00:00Z
2112,Lopez,Mia,3.20,2026-06-12,2025-12-12T12:00:00Z
2113,Gonzalez,Benjamin,3.30,2026-06-13,2020-01-13T12:00:00Z
2114,Wilson,Charlotte,3.40,2026-06-14,2021-02-14T12:00:00Z
2115,Anderson,Lucas,3.50,2026-06-15,2022-03-15T12:00:00Z
2116,Thomas,Amelia,3.60,2026-06-16,2023-04-16T12:00:00Z
2117,Taylor,Henry,3.70,2026-06-17,2024-05-17T12:00:00Z
2118,Moore,Harper,3.80,2026-06-18,2025-06-18T12:00:00Z
2119,Jackson,Theodore,3.90,2026-06-19,2020-07-19T12:00:00Z
2120,Martin,Evelyn,4.00,2026-06-20,2021-08-20T12:00:00Z
2121,Lee,Jack,2.10,2026-06-21,2022-09-21T12:00:00Z
2122,Perez,Abigail,2.20,2026-06-22,2023-10-22T12:00:00Z
2123,Thompson,Levi,2.30,2026-06-23,2024-11-23T12:00:00Z
2124,White,Emily,2.40,2026-06-24,2025-12-24T12:00:00Z
2125,Harris,Alexander,2.50,2026-06-25,2020-01-25T12:00:00Z
2126,Sanchez,Ella,2.60,2026-06-26,2021-02-26T12:00:00Z
2127,Clark,Jackson,2.70,2026-06-27,2022-03-27T12:00:00Z
2128,Ramirez,Avery,2.80,2026-06-28,2023-04-28T12:00:00Z
2129,Lewis,Mateo,2.90,2026-06-29,2024-05-01T12:00:00Z
2130,Robinson,Sofia,3.00,2026-06-30,2025-06-02T12:00:00Z
2131,Walker,Daniel,3.10,2026-06-01,2020-07-03T12:00:00Z
2132,Young,Camila,3.20,2026-06-02,2021-08-04T12:00:00Z
2133,Allen,Michael,3.30,2026-06-03,2022-09-05T12:00:00Z
2134,King,Aria,3.40,2026-06-04,2023-10-06T12:00:00Z
2135,Wright,Mason,3.50,2026-06-05,2024-11-07T12:00:00Z
2136,Scott,Scarlett,3.60,2026-06-06,2025-12-08T12:00:00Z
2137,Torres,Sebastian,3.70,2026-06-07,2020-01-09T12:00:00Z
2138,Nguyen,Victoria,3.80,2026-06-08,2021-02-10T12:00:00Z
2139,Hill,Ethan,3.90,2026-06-09,2022-03-11T12:00:00Z
2140,Flores,Madison,4.00,2026-06-10,2023-04-12T12:00:00Z
2141,Green,Logan,2.10,2026-06-11,2024-05-13T12:00:00Z
2142,Adams,Luna,2.20,2026-06-12,2025-06-14T12:00:00Z
2143,Nelson,Owen,2.30,2026-06-13,2020-07-15T12:00:00Z
2144,Baker,Grace,2.40,2026-06-14,2021-08-16T12:00:00Z
2145,Hall,Samuel,2.50,2026-06-15,2022-09-17T12:00:00Z
2146,Rivera,Chloe,2.60,2026-06-16,2023-10-18T12:00:00Z
2147,Campbell,Jacob,2.70,2026-06-17,2024-11-19T12:00:00Z
2148,Mitchell,Penelope,2.80,2026-06-18,2025-12-20T12:00:00Z
2149,Carter,Asher,2.90,2026-06-19,2020-01-21T12:00:00Z
2150,Roberts,Layla,3.00,2026-06-20,2021-02-22T12:00:00Z
2151,Smith,Noah,3.10,2026-06-21,2022-03-23T12:00:00Z
2152,Johnson,Olivia,3.20,2026-06-22,2023-04-24T12:00:00Z
2153,Williams,Liam,3.30,2026-06-23,2024-05-25T12:00:00Z
2154,Brown,Emma,3.40,2026-06-24,2025-06-26T12:00:00Z
2155,Jones,Oliver,3.50,2026-06-25,2020-07-27T12:00:00Z
2156,Garcia,Ava,3.60,2026-06-26,2021-08-28T12:00:00Z
2157,Miller,Elijah,3.70,2026-06-27,2022-09-01T12:00:00Z
2158,Davis,Sophia,3.80,2026-06-28,2023-10-02T12:00:00Z
2159,Rodriguez,James,3.90,2026-06-29,2024-11-03T12:00:00Z
2160,Martinez,Isabella,4.00,2026-06-30,2025-12-04T12:00:00Z
2161,Hernandez,William,2.10,2026-06-01,2020-01-05T12:00:00Z
2162,Lopez,Mia,2.20,2026-06-02,2021-02-06T12:00:00Z
2163,Gonzalez,Benjamin,2.30,2026-06-03,2022-03-07T12:00:00Z
2164,Wilson,Charlotte,2.40,2026-06-04,2023-04-08T12:00:00Z
2165,Anderson,Lucas,2.50,2026-06-05,2024-05-09T12:00:00Z
2166,Thomas,Amelia,2.60,2026-06-06,2025-06-10T12:00:00Z
2167,Taylor,Henry,2.70,2026-06-07,2020-07-11T12:00:00Z
2168,Moore,Harper,2.80,2026-06-08,2021-08-12T12:00:00Z
2169,Jackson,Theodore,2.90,2026-06-09,2022-09-13T12:00:00Z
2170,Martin,Evelyn,3.00,2026-06-10,2023-10-14T12:00:00Z
2171,Lee,Jack,3.10,2026-06-11,2024-11-15T12:00:00Z
2172,Perez,Abigail,3.20,2026-06-12,2025-12-16T12:00:00Z
2173,Thompson,Levi,3.30,2026-06-13,2020-01-17T12:00:00Z
2174,White,Emily,3.40,2026-06-14,2021-02-18T12:00:00Z
2175,Harris,Alexander,3.50,2026-06-15,2022-03-19T12:00:00Z
2176,Sanchez,Ella,3.60,2026-06-16,2023-04-20T12:00:00Z
2177,Clark,Jackson,3.70,2026-06-17,2024-05-21T12:00:00Z
2178,Ramirez,Avery,3.80,2026-06-18,2025-06-22T12:00:00Z
2179,Lewis,Mateo,3.90,2026-06-19,2020-07-23T12:00:00Z
2180,Robinson,Sofia,4.00,2026-06-20,2021-08-24T12:00:00Z
2181,Walker,Daniel,2.10,2026-06-21,2022-09-25T12:00:00Z
2182,Young,Camila,2.20,2026-06-22,2023-10-26T12:00:00Z
2183,Allen,Michael,2.30,2026-06-23,2024-11-27T12:00:00Z
2184,King,Aria,2.40,2026-06-24,2025-12-28T12:00:00Z
2185,Wright,Mason,2.50,2026-06-25,2020-01-01T12:00:00Z
2186,Scott,Scarlett,2.60,2026-06-26,2021-02-02T12:00:00Z
2187,Torres,Sebastian,2.70,2026-06-27,2022-03-03T12:00:00Z
2188,Nguyen,Victoria,2.80,2026-06-28,2023-04-04T12:00:00Z
2189,Hill,Ethan,2.90,2026-06-29,2024-05-05T12:00:00Z
2190,Flores,Madison,3.00,2026-06-30,2025-06-06T12:00:00Z
2191,Green,Logan,3.10,2026-06-01,2020-07-07T12:00:00Z
2192,Adams,Luna,3.20,2026-06-02,2021-08-08T12:00:00Z
2193,Nelson,Owen,3.30,2026-06-03,2022-09-09T12:00:00Z
2194,Baker,Grace,3.40,2026-06-04,2023-10-10T12:00:00Z
2195,Hall,Samuel,3.50,2026-06-05,2024-11-11T12:00:00Z
2196,Rivera,Chloe,3.60,2026-06-06,2025-12-12T12:00:00Z
2197,Campbell,Jacob,3.70,2026-06-07,2020-01-13T12:00:00Z
2198,Mitchell,Penelope,3.80,2026-06-08,2021-02-14T12:00:00Z
2199,Carter,Asher,3.90,2026-06-09,2022-03-15T12:00:00Z
2200,Roberts,Layla,4.00,2026-06-10,2023-04-16T12:00:00Z
2201,Smith,Noah,2.10,2026-06-11,2024-05-17T12:00:00Z
2202,Johnson,Olivia,2.20,2026-06-12,2025-06-18T12:00:00Z
2203,Williams,Liam,2.30,2026-06-13,2020-07-19T12:00:00Z
2204,Brown,Emma,2.40,2026-06-14,2021-08-20T12:00:00Z
2205,Jones,Oliver,2.50,2026-06-15,2022-09-21T12:00:00Z
2206,Garcia,Ava,2.60,2026-06-16,2023-10-22T12:00:00Z
2207,Miller,Elijah,2.70,2026-06-17,2024-11-23T12:00:00Z
2208,Davis,Sophia,2.80,2026-06-18,2025-12-24T12:00:00Z
2209,Rodriguez,James,2.90,2026-06-19,2020-01-25T12:00:00Z
2210,Martinez,Isabella,3.00,2026-06-20,2021-02-26T12:00:00Z
2211,Hernandez,William,3.10,2026-06-21,2022-03-27T12:00:00Z
2212,Lopez,Mia,3.20,2026-06-22,2023-04-28T12:00:00Z
2213,Gonzalez,Benjamin,3.30,2026-06-23,2024-05-01T12:00:00Z
2214,Wilson,Charlotte,3.40,2026-06-24,2025-06-02T12:00:00Z
2215,Anderson,Lucas,3.50,2026-06-25,2020-07-03T12:00:00Z
2216,Thomas,Amelia,3.60,2026-06-26,2021-08-04T12:00:00Z
2217,Taylor,Henry,3.70,2026-06-27,2022-09-05T12:00:00Z
2218,Moore,Harper,3.80,2026-06-28,2023-10-06T12:00:00Z
2219,Jackson,Theodore,3.90,2026-06-29,2024-11-07T12:00:00Z
2220,Martin,Evelyn,4.00,2026-06-30,2025-12-08T12:00:00Z
2221,Lee,Jack,2.10,2026-06-01,2020-01-09T12:00:00Z
2222,Perez,Abigail,2.20,2026-06-02,2021-02-10T12:00:00Z
2223,Thompson,Levi,2.30,2026-06-03,2022-03-11T12:00:00Z
2224,White,Emily,2.40,2026-06-04,2023-04-12T12:00:00Z
2225,Harris,Alexander,2.50,2026-06-05,2024-05-13T12:00:00Z
2226,Sanchez,Ella,2.60,2026-06-06,2025-06-14T12:00:00Z
2227,Clark,Jackson,2.70,2026-06-07,2020-07-15T12:00:00Z
2228,Ramirez,Avery,2.80,2026-06-08,2021-08-16T12:00:00Z
2229,Lewis,Mateo,2.90,2026-06-09,2022-09-17T12:00:00Z
2230,Robinson,Sofia,3.00,2026-06-10,2023-10-18T12:00:00Z
2231,Walker,Daniel,3.10,2026-06-11,2024-11-19T12:00:00Z
2232,Young,Camila,3.20,2026-06-12,2025-12-20T12:00:00Z
2233,Allen,Michael,3.30,2026-06-13,2020-01-21T12:00:00Z
2234,King,Aria,3.40,2026-06-14,2021-02-22T12:00:00Z
2235,Wright,Mason,3.50,2026-06-15,2022-03-23T12:00:00Z
2236,Scott,Scarlett,3.60,2026-06-16,2023-04-24T12:00:00Z
2237,Torres,Sebastian,3.70,2026-06-17,2024-05-25T12:00:00Z
2238,Nguyen,Victoria,3.80,2026-06-18,2025-06-26T12:00:00Z
2239,Hill,Ethan,3.90,2026-06-19,2020-07-27T12:00:00Z
2240,Flores,Madison,4.00,2026-06-20,2021-08-28T12:00:00Z
2241,Green,Logan,2.10,2026-06-21,2022-09-01T12:00:00Z
2242,Adams,Luna,2.20,2026-06-22,2023-10-02T12:00:00Z
2243,Nelson,Owen,2.30,2026-06-23,2024-11-03T12:00:00Z
2244,Baker,Grace,2.40,2026-06-24,2025-12-04T12:00:00Z
2245,Hall,Samuel,2.50,2026-06-25,2020-01-05T12:00:00Z
2246,Rivera,Chloe,2.60,2026-06-26,2021-02-06T12:00:00Z
2247,Campbell,Jacob,2.70,2026-06-27,2022-03-07T12:00:00Z
2248,Mitchell,Penelope,2.80,2026-06-28,2023-04-08T12:00:00Z
2249,Carter,Asher,2.90,2026-06-29,2024-05-09T12:00:00Z
2250,Roberts,Layla,3.00,2026-06-30,2025-06-10T12:00:00Z
2251,Smith,Noah,3.10,2026-06-01,2020-07-11T12:00:00Z
2252,Johnson,Olivia,3.20,2026-06-02,2021-08-12T12:00:00Z
2253,Williams,Liam,3.30,2026-06-03,2022-09-13T12:00:00Z
2254,Brown,Emma,3.40,2026-06-04,2023-10-14T12:00:00Z
2255,Jones,Oliver,3.50,2026-06-05,2024-11-15T12:00:00Z
2256,Garcia,Ava,3.60,2026-06-06,2025-12-16T12:00:00Z
2257,Miller,Elijah,3.70,2026-06-07,2020-01-17T12:00:00Z
2258,Davis,Sophia,3.80,2026-06-08,2021-02-18T12:00:00Z
2259,Rodriguez,James,3.90,2026-06-09,2022-03-19T12:00:00Z
2260,Martinez,Isabella,4.00,2026-06-10,2023-04-20T12:00:00Z
2261,Hernandez,William,2.10,2026-06-11,2024-05-21T12:00:00Z
2262,Lopez,Mia,2.20,2026-06-12,2025-06-22T12:00:00Z
2263,Gonzalez,Benjamin,2.30,2026-06-13,2020-07-23T12:00:00Z
2264,Wilson,Charlotte,2.40,2026-06-14,2021-08-24T12:00:00Z
2265,Anderson,Lucas,2.50,2026-06-15,2022-09-25T12:00:00Z
2266,Thomas,Amelia,2.60,2026-06-16,2023-10-26T12:00:00Z
2267,Taylor,Henry,2.70,2026-06-17,2024-11-27T12:00:00Z
2268,Moore,Harper,2.80,2026-06-18,2025-12-28T12:00:00Z
2269,Jackson,Theodore,2.90,2026-06-19,2020-01-01T12:00:00Z
2270,Martin,Evelyn,3.00,2026-06-20,2021-02-02T12:00:00Z
2271,Lee,Jack,3.10,2026-06-21,2022-03-03T12:00:00Z
2272,Perez,Abigail,3.20,2026-06-22,2023-04-04T12:00:00Z
2273,Thompson,Levi,3.30,2026-06-23,2024-05-05T12:00:00Z
2274,White,Emily,3.40,2026-06-24,2025-06-06T12:00:00Z
2275,Harris,Alexander,3.50,2026-06-25,2020-07-07T12:00:00Z
2276,Sanchez,Ella,3.60,2026-06-26,2021-08-08T12:00:00Z
2277,Clark,Jackson,3.70,2026-06-27,2022-09-09T12:00:00Z
2278,Ramirez,Avery,3.80,2026-06-28,2023-10-10T12:00:00Z
2279,Lewis,Mateo,3.90,2026-06-29,2024-11-11T12:00:00Z
2280,Robinson,Sofia,4.00,2026-06-30,2025-12-12T12:00:00Z
2281,Walker,Daniel,2.10,2026-06-01,2020-01-13T12:00:00Z
2282,Young,Camila,2.20,2026-06-02,2021-02-14T12:00:00Z
2283,Allen,Michael,2.30,2026-06-03,2022-03-15T12:00:00Z
2284,King,Aria,2.40,2026-06-04,2023-04-16T12:00:00Z
2285,Wright,Mason,2.50,2026-06-05,2024-05-17T12:00:00Z
2286,Scott,Scarlett,2.60,2026-06-06,2025-06-18T12:00:00Z
2287,Torres,Sebastian,2.70,2026-06-07,2020-07-19T12:00:00Z
2288,Nguyen,Victoria,2.80,2026-06-08,2021-08-20T12:00:00Z
2289,Hill,Ethan,2.90,2026-06-09,2022-09-21T12:00:00Z
2290,Flores,Madison,3.00,2026-06-10,2023-10-22T12:00:00Z
2291,Green,Logan,3.10,2026-06-11,2024-11-23T12:00:00Z
2292,Adams,Luna,3.20,2026-06-12,2025-12-24T12:00:00Z
2293,Nelson,Owen,3.30,2026-06-13,2020-01-25T12:00:00Z
2294,Baker,Grace,3.40,2026-06-14,2021-02-26T12:00:00Z
2295,Hall,Samuel,3.50,2026-06-15,2022-03-27T12:00:00Z
2296,Rivera,Chloe,3.60,2026-06-16,2023-04-28T12:00:00Z
2297,Campbell,Jacob,3.70,2026-06-17,2024-05-01T12:00:00Z
2298,Mitchell,Penelope,3.80,2026-06-18,2025-06-02T12:00:00Z
2299,Carter,Asher,3.90,2026-06-19,2020-07-03T12:00:00Z
2300,Roberts,Layla,4.00,2026-06-20,2021-08-04T12:00:00Z
2301,Smith,Noah,2.10,2026-06-21,2022-09-05T12:00:00Z
2302,Johnson,Olivia,2.20,2026-06-22,2023-10-06T12:00:00Z
2303,Williams,Liam,2.30,2026-06-23,2024-11-07T12:00:00Z
2304,Brown,Emma,2.40,2026-06-24,2025-12-08T12:00:00Z
2305,Jones,Oliver,2.50,2026-06-25,2020-01-09T12:00:00Z
2306,Garcia,Ava,2.60,2026-06-26,2021-02-10T12:00:00Z
2307,Miller,Elijah,2.70,2026-06-27,2022-03-11T12:00:00Z
2308,Davis,Sophia,2.80,2026-06-28,2023-04-12T12:00:00Z
2309,Rodriguez,James,2.90,2026-06-29,2024-05-13T12:00:00Z
2310,Martinez,Isabella,3.00,2026-06-30,2025-06-14T12:00:00Z
2311,Hernandez,William,3.10,2026-06-01,2020-07-15T12:00:00Z
2312,Lopez,Mia,3.20,2026-06-02,2021-08-16T12:00:00Z
2313,Gonzalez,Benjamin,3.30,2026-06-03,2022-09-17T12:00:00Z
2314,Wilson,Charlotte,3.40,2026-06-04,2023-10-18T12:00:00Z
2315,Anderson,Lucas,3.50,2026-06-05,2024-11-19T12:00:00Z
2316,Thomas,Amelia,3.60,2026-06-06,2025-12-20T12:00:00Z
2317,Taylor,Henry,3.70,2026-06-07,2020-01-21T12:00:00Z
2318,Moore,Harper,3.80,2026-06-08,2021-02-22T12:00:00Z
2319,Jackson,Theodore,3.90,2026-06-09,2022-03-23T12:00:00Z
2320,Martin,Evelyn,4.00,2026-06-10,2023-04-24T12:00:00Z
2321,Lee,Jack,2.10,2026-06-11,2024-05-25T12:00:00Z
2322,Perez,Abigail,2.20,2026-06-12,2025-06-26T12:00:00Z
2323,Thompson,Levi,2.30,2026-06-13,2020-07-27T12:00:00Z
2324,White,Emily,2.40,2026-06-14,2021-08-28T12:00:00Z
2325,Harris,Alexander,2.50,2026-06-15,2022-09-01T12:00:00Z
2326,Sanchez,Ella,2.60,2026-06-16,2023-10-02T12:00:00Z
2327,Clark,Jackson,2.70,2026-06-17,2024-11-03T12:00:00Z
2328,Ramirez,Avery,2.80,2026-06-18,2025-12-04T12:00:00Z
2329,Lewis,Mateo,2.90,2026-06-19,2020-01-05T12:00:00Z
2330,Robinson,Sofia,3.00,2026-06-20,2021-02-06T12:00:00Z
2331,Walker,Daniel,3.10,2026-06-21,2022-03-07T12:00:00Z
2332,Young,Camila,3.20,2026-06-22,2023-04-08T12:00:00Z
2333,Allen,Michael,3.30,2026-06-23,2024-05-09T12:00:00Z
2334,King,Aria,3.40,2026-06-24,2025-06-10T12:00:00Z
2335,Wright,Mason,3.50,2026-06-25,2020-07-11T12:00:00Z
2336,Scott,Scarlett,3.60,2026-06-26,2021-08-12T12:00:00Z
2337,Torres,Sebastian,3.70,2026-06-27,2022-09-13T12:00:00Z
2338,Nguyen,Victoria,3.80,2026-06-28,2023-10-14T12:00:00Z
2339,Hill,Ethan,3.90,2026-06-29,2024-11-15T12:00:00Z
2340,Flores,Madison,4.00,2026-06-30,2025-12-16T12:00:00Z
2341,Green,Logan,2.10,2026-06-01,2020-01-17T12:00:00Z
2342,Adams,Luna,2.20,2026-06-02,2021-02-18T12:00:00Z
2343,Nelson,Owen,2.30,2026-06-03,2022-03-19T12:00:00Z
2344,Baker,Grace,2.40,2026-06-04,2023-04-20T12:00:00Z
2345,Hall,Samuel,2.50,2026-06-05,2024-05-21T12:00:00Z
2346,Rivera,Chloe,2.60,2026-06-06,2025-06-22T12:00:00Z
2347,Campbell,Jacob,2.70,2026-06-07,2020-07-23T12:00:00Z
2348,Mitchell,Penelope,2.80,2026-06-08,2021-08-24T12:00:00Z
2349,Carter,Asher,2.90,2026-06-09,2022-09-25T12:00:00Z
2350,Roberts,Layla,3.00,2026-06-10,2023-10-26T12:00:00Z
2351,Smith,Noah,3.10,2026-06-11,2024-11-27T12:00:00Z
2352,Johnson,Olivia,3.20,2026-06-12,2025-12-28T12:00:00Z
2353,Williams,Liam,3.30,2026-06-13,2020-01-01T12:00:00Z
2354,Brown,Emma,3.40,2026-06-14,2021-02-02T12:00:00Z
2355,Jones,Oliver,3.50,2026-06-15,2022-03-03T12:00:00Z
2356,Garcia,Ava,3.60,2026-06-16,2023-04-04T12:00:00Z
2357,Miller,Elijah,3.70,2026-06-17,2024-05-05T12:00:00Z
2358,Davis,Sophia,3.80,2026-06-18,2025-06-06T12:00:00Z
2359,Rodriguez,James,3.90,2026-06-19,2020-07-07T12:00:00Z
2360,Martinez,Isabella,4.00,2026-06-20,2021-08-08T12:00:00Z
2361,Hernandez,William,2.10,2026-06-21,2022-09-09T12:00:00Z
2362,Lopez,Mia,2.20,2026-06-22,2023-10-10T12:00:00Z
2363,Gonzalez,Benjamin,2.30,2026-06-23,2024-11-11T12:00:00Z
2364,Wilson,Charlotte,2.40,2026-06-24,2025-12-12T12:00:00Z
2365,Anderson,Lucas,2.50,2026-06-25,2020-01-13T12:00:00Z
2366,Thomas,Amelia,2.60,2026-06-26,2021-02-14T12:00:00Z
2367,Taylor,Henry,2.70,2026-06-27,2022-03-15T12:00:00Z
2368,Moore,Harper,2.80,2026-06-28,2023-04-16T12:00:00Z
2369,Jackson,Theodore,2.90,2026-06-29,2024-05-17T12:00:00Z
2370,Martin,Evelyn,3.00,2026-06-30,2025-06-18T12:00:00Z
2371,Lee,Jack,3.10,2026-06-01,2020-07-19T12:00:00Z
2372,Perez,Abigail,3.20,2026-06-02,2021-08-20T12:00:00Z
2373,Thompson,Levi,3.30,2026-06-03,2022-09-21T12:00:00Z
2374,White,Emily,3.40,2026-06-04,2023-10-22T12:00:00Z
2375,Harris,Alexander,3.50,2026-06-05,2024-11-23T12:00:00Z
2376,Sanchez,Ella,3.60,2026-06-06,2025-12-24T12:00:00Z
2377,Clark,Jackson,3.70,2026-06-07,2020-01-25T12:00:00Z
2378,Ramirez,Avery,3.80,2026-06-08,2021-02-26T12:00:00Z
2379,Lewis,Mateo,3.90,2026-06-09,2022-03-27T12:00:00Z
2380,Robinson,Sofia,4.00,2026-06-10,2023-04-28T12:00:00Z
2381,Walker,Daniel,2.10,2026-06-11,2024-05-01T12:00:00Z
2382,Young,Camila,2.20,2026-06-12,2025-06-02T12:00:00Z
2383,Allen,Michael,2.30,2026-06-13,2020-07-03T12:00:00Z
2384,King,Aria,2.40,2026-06-14,2021-08-04T12:00:00Z
2385,Wright,Mason,2.50,2026-06-15,2022-09-05T12:00:00Z
2386,Scott,Scarlett,2.60,2026-06-16,2023-10-06T12:00:00Z
2387,Torres,Sebastian,2.70,2026-06-17,2024-11-07T12:00:00Z
2388,Nguyen,Victoria,2.80,2026-06-18,2025-12-08T12:00:00Z
2389,Hill,Ethan,2.90,2026-06-19,2020-01-09T12:00:00Z
2390,Flores,Madison,3.00,2026-06-20,2021-02-10T12:00:00Z
2391,Green,Logan,3.10,2026-06-21,2022-03-11T12:00:00Z
2392,Adams,Luna,3.20,2026-06-22,2023-04-12T12:00:00Z
2393,Nelson,Owen,3.30,2026-06-23,2024-05-13T12:00:00Z
2394,Baker,Grace,3.40,2026-06-24,2025-06-14T12:00:00Z
2395,Hall,Samuel,3.50,2026-06-25,2020-07-15T12:00:00Z
2396,Rivera,Chloe,3.60,2026-06-26,2021-08-16T12:00:00Z
2397,Campbell,Jacob,3.70,2026-06-27,2022-09-17T12:00:00Z
2398,Mitchell,Penelope,3.80,2026-06-28,2023-10-18T12:00:00Z
2399,Carter,Asher,3.90,2026-06-29,2024-11-19T12:00:00Z
2400,Roberts,Layla,4.00,2026-06-30,2025-12-20T12:00:00Z
2401,Smith,Noah,2.10,2026-06-01,2020-01-21T12:00:00Z
2402,Johnson,Olivia,2.20,2026-06-02,2021-02-22T12:00:00Z
2403,Williams,Liam,2.30,2026-06-03,2022-03-23T12:00:00Z
2404,Brown,Emma,2.40,2026-06-04,2023-04-24T12:00:00Z
2405,Jones,Oliver,2.50,2026-06-05,2024-05-25T12:00:00Z
2406,Garcia,Ava,2.60,2026-06-06,2025-06-26T12:00:00Z
2407,Miller,Elijah,2.70,2026-06-07,2020-07-27T12:00:00Z
2408,Davis,Sophia,2.80,2026-06-08,2021-08-28T12:00:00Z
2409,Rodriguez,James,2.90,2026-06-09,2022-09-01T12:00:00Z
2410,Martinez,Isabella,3.00,2026-06-10,2023-10-02T12:00:00Z
2411,Hernandez,William,3.10,2026-06-11,2024-11-03T12:00:00Z
2412,Lopez,Mia,3.20,2026-06-12,2025-12-04T12:00:00Z
2413,Gonzalez,Benjamin,3.30,2026-06-13,2020-01-05T12:00:00Z
2414,Wilson,Charlotte,3.40,2026-06-14,2021-02-06T12:00:00Z
2415,Anderson,Lucas,3.50,2026-06-15,2022-03-07T12:00:00Z
2416,Thomas,Amelia,3.60,2026-06-16,2023-04-08T12:00:00Z
2417,Taylor,Henry,3.70,2026-06-17,2024-05-09T12:00:00Z
2418,Moore,Harper,3.80,2026-06-18,2025-06-10T12:00:00Z
2419,Jackson,Theodore,3.90,2026-06-19,2020-07-11T12:00:00Z
2420,Martin,Evelyn,4.00,2026-06-20,2021-08-12T12:00:00Z
2421,Lee,Jack,2.10,2026-06-21,2022-09-13T12:00:00Z
2422,Perez,Abigail,2.20,2026-06-22,2023-10-14T12:00:00Z
2423,Thompson,Levi,2.30,2026-06-23,2024-11-15T12:00:00Z
2424,White,Emily,2.40,2026-06-24,2025-12-16T12:00:00Z
2425,Harris,Alexander,2.50,2026-06-25,2020-01-17T12:00:00Z
2426,Sanchez,Ella,2.60,2026-06-26,2021-02-18T12:00:00Z
2427,Clark,Jackson,2.70,2026-06-27,2022-03-19T12:00:00Z
2428,Ramirez,Avery,2.80,2026-06-28,2023-04-20T12:00:00Z
2429,Lewis,Mateo,2.90,2026-06-29,2024-05-21T12:00:00Z
2430,Robinson,Sofia,3.00,2026-06-30,2025-06-22T12:00:00Z
2431,Walker,Daniel,3.10,2026-06-01,2020-07-23T12:00:00Z
2432,Young,Camila,3.20,2026-06-02,2021-08-24T12:00:00Z
2433,Allen,Michael,3.30,2026-06-03,2022-09-25T12:00:00Z
2434,King,Aria,3.40,2026-06-04,2023-10-26T12:00:00Z
2435,Wright,Mason,3.50,2026-06-05,2024-11-27T12:00:00Z
2436,Scott,Scarlett,3.60,2026-06-06,2025-12-28T12:00:00Z
2437,Torres,Sebastian,3.70,2026-06-07,2020-01-01T12:00:00Z
2438,Nguyen,Victoria,3.80,2026-06-08,2021-02-02T12:00:00Z
2439,Hill,Ethan,3.90,2026-06-09,2022-03-03T12:00:00Z
2440,Flores,Madison,4.00,2026-06-10,2023-04-04T12:00:00Z
2441,Green,Logan,2.10,2026-06-11,2024-05-05T12:00:00Z
2442,Adams,Luna,2.20,2026-06-12,2025-06-06T12:00:00Z
2443,Nelson,Owen,2.30,2026-06-13,2020-07-07T12:00:00Z
2444,Baker,Grace,2.40,2026-06-14,2021-08-08T12:00:00Z
2445,Hall,Samuel,2.50,2026-06-15,2022-09-09T12:00:00Z
2446,Rivera,Chloe,2.60,2026-06-16,2023-10-10T12:00:00Z
2447,Campbell,Jacob,2.70,2026-06-17,2024-11-11T12:00:00Z
2448,Mitchell,Penelope,2.80,2026-06-18,2025-12-12T12:00:00Z
2449,Carter,Asher,2.90,2026-06-19,2020-01-13T12:00:00Z
2450,Roberts,Layla,3.00,2026-06-20,2021-02-14T12:00:00Z
2451,Smith,Noah,3.10,2026-06-21,2022-03-15T12:00:00Z
2452,Johnson,Olivia,3.20,2026-06-22,2023-04-16T12:00:00Z
2453,Williams,Liam,3.30,2026-06-23,2024-05-17T12:00:00Z
2454,Brown,Emma,3.40,2026-06-24,2025-06-18T12:00:00Z
2455,Jones,Oliver,3.50,2026-06-25,2020-07-19T12:00:00Z
2456,Garcia,Ava,3.60,2026-06-26,2021-08-20T12:00:00Z
2457,Miller,Elijah,3.70,2026-06-27,2022-09-21T12:00:00Z
2458,Davis,Sophia,3.80,2026-06-28,2023-10-22T12:00:00Z
2459,Rodriguez,James,3.90,2026-06-29,2024-11-23T12:00:00Z
2460,Martinez,Isabella,4.00,2026-06-30,2025-12-24T12:00:00Z
2461,Hernandez,William,2.10,2026-06-01,2020-01-25T12:00:00Z
2462,Lopez,Mia,2.20,2026-06-02,2021-02-26T12:00:00Z
2463,Gonzalez,Benjamin,2.30,2026-06-03,2022-03-27T12:00:00Z
2464,Wilson,Charlotte,2.40,2026-06-04,2023-04-28T12:00:00Z
2465,Anderson,Lucas,2.50,2026-06-05,2024-05-01T12:00:00Z
2466,Thomas,Amelia,2.60,2026-06-06,2025-06-02T12:00:00Z
2467,Taylor,Henry,2.70,2026-06-07,2020-07-03T12:00:00Z
2468,Moore,Harper,2.80,2026-06-08,2021-08-04T12:00:00Z
2469,Jackson,Theodore,2.90,2026-06-09,2022-09-05T12:00:00Z
2470,Martin,Evelyn,3.00,2026-06-10,2023-10-06T12:00:00Z
2471,Lee,Jack,3.10,2026-06-11,2024-11-07T12:00:00Z
2472,Perez,Abigail,3.20,2026-06-12,2025-12-08T12:00:00Z
2473,Thompson,Levi,3.30,2026-06-13,2020-01-09T12:00:00Z
2474,White,Emily,3.40,2026-06-14,2021-02-10T12:00:00Z
2475,Harris,Alexander,3.50,2026-06-15,2022-03-11T12:00:00Z
2476,Sanchez,Ella,3.60,2026-06-16,2023-04-12T12:00:00Z
2477,Clark,Jackson,3.70,2026-06-17,2024-05-13T12:00:00Z
2478,Ramirez,Avery,3.80,2026-06-18,2025-06-14T12:00:00Z
2479,Lewis,Mateo,3.90,2026-06-19,2020-07-15T12:00:00Z
2480,Robinson,Sofia,4.00,2026-06-20,2021-08-16T12:00:00Z
2481,Walker,Daniel,2.10,2026-06-21,2022-09-17T12:00:00Z
2482,Young,Camila,2.20,2026-06-22,2023-10-18T12:00:00Z
2483,Allen,Michael,2.30,2026-06-23,2024-11-19T12:00:00Z
2484,King,Aria,2.40,2026-06-24,2025-12-20T12:00:00Z
2485,Wright,Mason,2.50,2026-06-25,2020-01-21T12:00:00Z
2486,Scott,Scarlett,2.60,2026-06-26,2021-02-22T12:00:00Z
2487,Torres,Sebastian,2.70,2026-06-27,2022-03-23T12:00:00Z
2488,Nguyen,Victoria,2.80,2026-06-28,2023-04-24T12:00:00Z
2489,Hill,Ethan,2.90,2026-06-29,2024-05-25T12:00:00Z
2490,Flores,Madison,3.00,2026-06-30,2025-06-26T12:00:00Z
2491,Green,Logan,3.10,2026-06-01,2020-07-27T12:00:00Z
2492,Adams,Luna,3.20,2026-06-02,2021-08-28T12:00:00Z
2493,Nelson,Owen,3.30,2026-06-03,2022-09-01T12:00:00Z
2494,Baker,Grace,3.40,2026-06-04,2023-10-02T12:00:00Z
2495,Hall,Samuel,3.50,2026-06-05,2024-11-03T12:00:00Z
2496,Rivera,Chloe,3.60,2026-06-06,2025-12-04T12:00:00Z
2497,Campbell,Jacob,3.70,2026-06-07,2020-01-05T12:00:00Z
2498,Mitchell,Penelope,3.80,2026-06-08,2021-02-06T12:00:00Z
2499,Carter,Asher,3.90,2026-06-09,2022-03-07T12:00:00Z
2500,Roberts,Layla,4.00,2026-06-10,2023-04-08T12:00:00Z
2501,Smith,Noah,2.10,2026-06-11,2024-05-09T12:00:00Z
2502,Johnson,Olivia,2.20,2026-06-12,2025-06-10T12:00:00Z
2503,Williams,Liam,2.30,2026-06-13,2020-07-11T12:00:00Z
2504,Brown,Emma,2.40,2026-06-14,2021-08-12T12:00:00Z
2505,Jones,Oliver,2.50,2026-06-15,2022-09-13T12:00:00Z
2506,Garcia,Ava,2.60,2026-06-16,2023-10-14T12:00:00Z
2507,Miller,Elijah,2.70,2026-06-17,2024-11-15T12:00:00Z
2508,Davis,Sophia,2.80,2026-06-18,2025-12-16T12:00:00Z
2509,Rodriguez,James,2.90,2026-06-19,2020-01-17T12:00:00Z
2510,Martinez,Isabella,3.00,2026-06-20,2021-02-18T12:00:00Z
2511,Hernandez,William,3.10,2026-06-21,2022-03-19T12:00:00Z
2512,Lopez,Mia,3.20,2026-06-22,2023-04-20T12:00:00Z
2513,Gonzalez,Benjamin,3.30,2026-06-23,2024-05-21T12:00:00Z
2514,Wilson,Charlotte,3.40,2026-06-24,2025-06-22T12:00:00Z
2515,Anderson,Lucas,3.50,2026-06-25,2020-07-23T12:00:00Z
2516,Thomas,Amelia,3.60,2026-06-26,2021-08-24T12:00:00Z
2517,Taylor,Henry,3.70,2026-06-27,2022-09-25T12:00:00Z
2518,Moore,Harper,3.80,2026-06-28,2023-10-26T12:00:00Z
2519,Jackson,Theodore,3.90,2026-06-29,2024-11-27T12:00:00Z
2520,Martin,Evelyn,4.00,2026-06-30,2025-12-28T12:00:00Z
2521,Lee,Jack,2.10,2026-06-01,2020-01-01T12:00:00Z
2522,Perez,Abigail,2.20,2026-06-02,2021-02-02T12:00:00Z
2523,Thompson,Levi,2.30,2026-06-03,2022-03-03T12:00:00Z
2524,White,Emily,2.40,2026-06-04,2023-04-04T12:00:00Z
2525,Harris,Alexander,2.50,2026-06-05,2024-05-05T12:00:00Z
2526,Sanchez,Ella,2.60,2026-06-06,2025-06-06T12:00:00Z
2527,Clark,Jackson,2.70,2026-06-07,2020-07-07T12:00:00Z
2528,Ramirez,Avery,2.80,2026-06-08,2021-08-08T12:00:00Z
2529,Lewis,Mateo,2.90,2026-06-09,2022-09-09T12:00:00Z
2530,Robinson,Sofia,3.00,2026-06-10,2023-10-10T12:00:00Z
2531,Walker,Daniel,3.10,2026-06-11,2024-11-11T12:00:00Z
2532,Young,Camila,3.20,2026-06-12,2025-12-12T12:00:00Z
2533,Allen,Michael,3.30,2026-06-13,2020-01-13T12:00:00Z
2534,King,Aria,3.40,2026-06-14,2021-02-14T12:00:00Z
2535,Wright,Mason,3.50,2026-06-15,2022-03-15T12:00:00Z
2536,Scott,Scarlett,3.60,2026-06-16,2023-04-16T12:00:00Z
2537,Torres,Sebastian,3.70,2026-06-17,2024-05-17T12:00:00Z
2538,Nguyen,Victoria,3.80,2026-06-18,2025-06-18T12:00:00Z
2539,Hill,Ethan,3.90,2026-06-19,2020-07-19T12:00:00Z
2540,Flores,Madison,4.00,2026-06-20,2021-08-20T12:00:00Z
2541,Green,Logan,2.10,2026-06-21,2022-09-21T12:00:00Z
2542,Adams,Luna,2.20,2026-06-22,2023-10-22T12:00:00Z
2543,Nelson,Owen,2.30,2026-06-23,2024-11-23T12:00:00Z
2544,Baker,Grace,2.40,2026-06-24,2025-12-24T12:00:00Z
2545,Hall,Samuel,2.50,2026-06-25,2020-01-25T12:00:00Z
2546,Rivera,Chloe,2.60,2026-06-26,2021-02-26T12:00:00Z
2547,Campbell,Jacob,2.70,2026-06-27,2022-03-27T12:00:00Z
2548,Mitchell,Penelope,2.80,2026-06-28,2023-04-28T12:00:00Z
2549,Carter,Asher,2.90,2026-06-29,2024-05-01T12:00:00Z
2550,Roberts,Layla,3.00,2026-06-30,2025-06-02T12:00:00Z
2551,Smith,Noah,3.10,2026-06-01,2020-07-03T12:00:00Z
2552,Johnson,Olivia,3.20,2026-06-02,2021-08-04T12:00:00Z
2553,Williams,Liam,3.30,2026-06-03,2022-09-05T12:00:00Z
2554,Brown,Emma,3.40,2026-06-04,2023-10-06T12:00:00Z
2555,Jones,Oliver,3.50,2026-06-05,2024-11-07T12:00:00Z
2556,Garcia,Ava,3.60,2026-06-06,2025-12-08T12:00:00Z
2557,Miller,Elijah,3.70,2026-06-07,2020-01-09T12:00:00Z
2558,Davis,Sophia,3.80,2026-06-08,2021-02-10T12:00:00Z
2559,Rodriguez,James,3.90,2026-06-09,2022-03-11T12:00:00Z
2560,Martinez,Isabella,4.00,2026-06-10,2023-04-12T12:00:00Z
2561,Hernandez,William,2.10,2026-06-11,2024-05-13T12:00:00Z
2562,Lopez,Mia,2.20,2026-06-12,2025-06-14T12:00:00Z
2563,Gonzalez,Benjamin,2.30,2026-06-13,2020-07-15T12:00:00Z
2564,Wilson,Charlotte,2.40,2026-06-14,2021-08-16T12:00:00Z
2565,Anderson,Lucas,2.50,2026-06-15,2022-09-17T12:00:00Z
2566,Thomas,Amelia,2.60,2026-06-16,2023-10-18T12:00:00Z
2567,Taylor,Henry,2.70,2026-06-17,2024-11-19T12:00:00Z
2568,Moore,Harper,2.80,2026-06-18,2025-12-20T12:00:00Z
2569,Jackson,Theodore,2.90,2026-06-19,2020-01-21T12:00:00Z
2570,Martin,Evelyn,3.00,2026-06-20,2021-02-22T12:00:00Z
2571,Lee,Jack,3.10,2026-06-21,2022-03-23T12:00:00Z
2572,Perez,Abigail,3.20,2026-06-22,2023-04-24T12:00:00Z
2573,Thompson,Levi,3.30,2026-06-23,2024-05-25T12:00:00Z
2574,White,Emily,3.40,2026-06-24,2025-06-26T12:00:00Z
2575,Harris,Alexander,3.50,2026-06-25,2020-07-27T12:00:00Z
2576,Sanchez,Ella,3.60,2026-06-26,2021-08-28T12:00:00Z
2577,Clark,Jackson,3.70,2026-06-27,2022-09-01T12:00:00Z
2578,Ramirez,Avery,3.80,2026-06-28,2023-10-02T12:00:00Z
2579,Lewis,Mateo,3.90,2026-06-29,2024-11-03T12:00:00Z
2580,Robinson,Sofia,4.00,2026-06-30,2025-12-04T12:00:00Z
2581,Walker,Daniel,2.10,2026-06-01,2020-01-05T12:00:00Z
2582,Young,Camila,2.20,2026-06-02,2021-02-06T12:00:00Z
2583,Allen,Michael,2.30,2026-06-03,2022-03-07T12:00:00Z
2584,King,Aria,2.40,2026-06-04,2023-04-08T12:00:00Z
2585,Wright,Mason,2.50,2026-06-05,2024-05-09T12:00:00Z
2586,Scott,Scarlett,2.60,2026-06-06,2025-06-10T12:00:00Z
2587,Torres,Sebastian,2.70,2026-06-07,2020-07-11T12:00:00Z
2588,Nguyen,Victoria,2.80,2026-06-08,2021-08-12T12:00:00Z
2589,Hill,Ethan,2.90,2026-06-09,2022-09-13T12:00:00Z
2590,Flores,Madison,3.00,2026-06-10,2023-10-14T12:00:00Z
2591,Green,Logan,3.10,2026-06-11,2024-11-15T12:00:00Z
2592,Adams,Luna,3.20,2026-06-12,2025-12-16T12:00:00Z
2593,Nelson,Owen,3.30,2026-06-13,2020-01-17T12:00:00Z
2594,Baker,Grace,3.40,2026-06-14,2021-02-18T12:00:00Z
2595,Hall,Samuel,3.50,2026-06-15,2022-03-19T12:00:00Z
2596,Rivera,Chloe,3.60,2026-06-16,2023-04-20T12:00:00Z
2597,Campbell,Jacob,3.70,2026-06-17,2024-05-21T12:00:00Z
2598,Mitchell,Penelope,3.80,2026-06-18,2025-06-22T12:00:00Z
2599,Carter,Asher,3.90,2026-06-19,2020-07-23T12:00:00Z
2600,Roberts,Layla,4.00,2026-06-20,2021-08-24T12:00:00Z
2601,Smith,Noah,2.10,2026-06-21,2022-09-25T12:00:00Z
2602,Johnson,Olivia,2.20,2026-06-22,2023-10-26T12:00:00Z
2603,Williams,Liam,2.30,2026-06-23,2024-11-27T12:00:00Z
2604,Brown,Emma,2.40,2026-06-24,2025-12-28T12:00:00Z
2605,Jones,Oliver,2.50,2026-06-25,2020-01-01T12:00:00Z
2606,Garcia,Ava,2.60,2026-06-26,2021-02-02T12:00:00Z
2607,Miller,Elijah,2.70,2026-06-27,2022-03-03T12:00:00Z
2608,Davis,Sophia,2.80,2026-06-28,2023-04-04T12:00:00Z
2609,Rodriguez,James,2.90,2026-06-29,2024-05-05T12:00:00Z
2610,Martinez,Isabella,3.00,2026-06-30,2025-06-06T12:00:00Z
2611,Hernandez,William,3.10,2026-06-01,2020-07-07T12:00:00Z
2612,Lopez,Mia,3.20,2026-06-02,2021-08-08T12:00:00Z
2613,Gonzalez,Benjamin,3.30,2026-06-03,2022-09-09T12:00:00Z
2614,Wilson,Charlotte,3.40,2026-06-04,2023-10-10T12:00:00Z
2615,Anderson,Lucas,3.50,2026-06-05,2024-11-11T12:00:00Z
2616,Thomas,Amelia,3.60,2026-06-06,2025-12-12T12:00:00Z
2617,Taylor,Henry,3.70,2026-06-07,2020-01-13T12:00:00Z
2618,Moore,Harper,3.80,2026-06-08,2021-02-14T12:00:00Z
2619,Jackson,Theodore,3.90,2026-06-09,2022-03-15T12:00:00Z
2620,Martin,Evelyn,4.00,2026-06-10,2023-04-16T12:00:00Z
2621,Lee,Jack,2.10,2026-06-11,2024-05-17T12:00:00Z
2622,Perez,Abigail,2.20,2026-06-12,2025-06-18T12:00:00Z
2623,Thompson,Levi,2.30,2026-06-13,2020-07-19T12:00:00Z
2624,White,Emily,2.40,2026-06-14,2021-08-20T12:00:00Z
2625,Harris,Alexander,2.50,2026-06-15,2022-09-21T12:00:00Z
2626,Sanchez,Ella,2.60,2026-06-16,2023-10-22T12:00:00Z
2627,Clark,Jackson,2.70,2026-06-17,2024-11-23T12:00:00Z
2628,Ramirez,Avery,2.80,2026-06-18,2025-12-24T12:00:00Z
2629,Lewis,Mateo,2.90,2026-06-19,2020-01-25T12:00:00Z
2630,Robinson,Sofia,3.00,2026-06-20,2021-02-26T12:00:00Z
2631,Walker,Daniel,3.10,2026-06-21,2022-03-27T12:00:00Z
2632,Young,Camila,3.20,2026-06-22,2023-04-28T12:00:00Z
2633,Allen,Michael,3.30,2026-06-23,2024-05-01T12:00:00Z
2634,King,Aria,3.40,2026-06-24,2025-06-02T12:00:00Z
2635,Wright,Mason,3.50,2026-06-25,2020-07-03T12:00:00Z
2636,Scott,Scarlett,3.60,2026-06-26,2021-08-04T12:00:00Z
2637,Torres,Sebastian,3.70,2026-06-27,2022-09-05T12:00:00Z
2638,Nguyen,Victoria,3.80,2026-06-28,2023-10-06T12:00:00Z
2639,Hill,Ethan,3.90,2026-06-29,2024-11-07T12:00:00Z
2640,Flores,Madison,4.00,2026-06-30,2025-12-08T12:00:00Z
2641,Green,Logan,2.10,2026-06-01,2020-01-09T12:00:00Z
2642,Adams,Luna,2.20,2026-06-02,2021-02-10T12:00:00Z
2643,Nelson,Owen,2.30,2026-06-03,2022-03-11T12:00:00Z
2644,Baker,Grace,2.40,2026-06-04,2023-04-12T12:00:00Z
2645,Hall,Samuel,2.50,2026-06-05,2024-05-13T12:00:00Z
2646,Rivera,Chloe,2.60,2026-06-06,2025-06-14T12:00:00Z
2647,Campbell,Jacob,2.70,2026-06-07,2020-07-15T12:00:00Z
2648,Mitchell,Penelope,2.80,2026-06-08,2021-08-16T12:00:00Z
2649,Carter,Asher,2.90,2026-06-09,2022-09-17T12:00:00Z
2650,Roberts,Layla,3.00,2026-06-10,2023-10-18T12:00:00Z
2651,Smith,Noah,3.10,2026-06-11,2024-11-19T12:00:00Z
2652,Johnson,Olivia,3.20,2026-06-12,2025-12-20T12:00:00Z
2653,Williams,Liam,3.30,2026-06-13,2020-01-21T12:00:00Z
2654,Brown,Emma,3.40,2026-06-14,2021-02-22T12:00:00Z
2655,Jones,Oliver,3.50,2026-06-15,2022-03-23T12:00:00Z
2656,Garcia,Ava,3.60,2026-06-16,2023-04-24T12:00:00Z
2657,Miller,Elijah,3.70,2026-06-17,2024-05-25T12:00:00Z
2658,Davis,Sophia,3.80,2026-06-18,2025-06-26T12:00:00Z
2659,Rodriguez,James,3.90,2026-06-19,2020-07-27T12:00:00Z
2660,Martinez,Isabella,4.00,2026-06-20,2021-08-28T12:00:00Z
2661,Hernandez,William,2.10,2026-06-21,2022-09-01T12:00:00Z
2662,Lopez,Mia,2.20,2026-06-22,2023-10-02T12:00:00Z
2663,Gonzalez,Benjamin,2.30,2026-06-23,2024-11-03T12:00:00Z
2664,Wilson,Charlotte,2.40,2026-06-24,2025-12-04T12:00:00Z
2665,Anderson,Lucas,2.50,2026-06-25,2020-01-05T12:00:00Z
2666,Thomas,Amelia,2.60,2026-06-26,2021-02-06T12:00:00Z
2667,Taylor,Henry,2.70,2026-06-27,2022-03-07T12:00:00Z
2668,Moore,Harper,2.80,2026-06-28,2023-04-08T12:00:00Z
2669,Jackson,Theodore,2.90,2026-06-29,2024-05-09T12:00:00Z
2670,Martin,Evelyn,3.00,2026-06-30,2025-06-10T12:00:00Z
2671,Lee,Jack,3.10,2026-06-01,2020-07-11T12:00:00Z
2672,Perez,Abigail,3.20,2026-06-02,2021-08-12T12:00:00Z
2673,Thompson,Levi,3.30,2026-06-03,2022-09-13T12:00:00Z
2674,White,Emily,3.40,2026-06-04,2023-10-14T12:00:00Z
2675,Harris,Alexander,3.50,2026-06-05,2024-11-15T12:00:00Z
2676,Sanchez,Ella,3.60,2026-06-06,2025-12-16T12:00:00Z
2677,Clark,Jackson,3.70,2026-06-07,2020-01-17T12:00:00Z
2678,Ramirez,Avery,3.80,2026-06-08,2021-02-18T12:00:00Z
2679,Lewis,Mateo,3.90,2026-06-09,2022-03-19T12:00:00Z
2680,Robinson,Sofia,4.00,2026-06-10,2023-04-20T12:00:00Z
2681,Walker,Daniel,2.10,2026-06-11,2024-05-21T12:00:00Z
2682,Young,Camila,2.20,2026-06-12,2025-06-22T12:00:00Z
2683,Allen,Michael,2.30,2026-06-13,2020-07-23T12:00:00Z
2684,King,Aria,2.40,2026-06-14,2021-08-24T12:00:00Z
2685,Wright,Mason,2.50,2026-06-15,2022-09-25T12:00:00Z
2686,Scott,Scarlett,2.60,2026-06-16,2023-10-26T12:00:00Z
2687,Torres,Sebastian,2.70,2026-06-17,2024-11-27T12:00:00Z
2688,Nguyen,Victoria,2.80,2026-06-18,2025-12-28T12:00:00Z
2689,Hill,Ethan,2.90,2026-06-19,2020-01-01T12:00:00Z
2690,Flores,Madison,3.00,2026-06-20,2021-02-02T12:00:00Z
2691,Green,Logan,3.10,2026-06-21,2022-03-03T12:00:00Z
2692,Adams,Luna,3.20,2026-06-22,2023-04-04T12:00:00Z
2693,Nelson,Owen,3.30,2026-06-23,2024-05-05T12:00:00Z
2694,Baker,Grace,3.40,2026-06-24,2025-06-06T12:00:00Z
2695,Hall,Samuel,3.50,2026-06-25,2020-07-07T12:00:00Z
2696,Rivera,Chloe,3.60,2026-06-26,2021-08-08T12:00:00Z
2697,Campbell,Jacob,3.70,2026-06-27,2022-09-09T12:00:00Z
2698,Mitchell,Penelope,3.80,2026-06-28,2023-10-10T12:00:00Z
2699,Carter,Asher,3.90,2026-06-29,2024-11-11T12:00:00Z
2700,Roberts,Layla,4.00,2026-06-30,2025-12-12T12:00:00Z
2701,Smith,Noah,2.10,2026-06-01,2020-01-13T12:00:00Z
2702,Johnson,Olivia,2.20,2026-06-02,2021-02-14T12:00:00Z
2703,Williams,Liam,2.30,2026-06-03,2022-03-15T12:00:00Z
2704,Brown,Emma,2.40,2026-06-04,2023-04-16T12:00:00Z
2705,Jones,Oliver,2.50,2026-06-05,2024-05-17T12:00:00Z
2706,Garcia,Ava,2.60,2026-06-06,2025-06-18T12:00:00Z
2707,Miller,Elijah,2.70,2026-06-07,2020-07-19T12:00:00Z
2708,Davis,Sophia,2.80,2026-06-08,2021-08-20T12:00:00Z
2709,Rodriguez,James,2.90,2026-06-09,2022-09-21T12:00:00Z
2710,Martinez,Isabella,3.00,2026-06-10,2023-10-22T12:00:00Z
2711,Hernandez,William,3.10,2026-06-11,2024-11-23T12:00:00Z
2712,Lopez,Mia,3.20,2026-06-12,2025-12-24T12:00:00Z
2713,Gonzalez,Benjamin,3.30,2026-06-13,2020-01-25T12:00:00Z
2714,Wilson,Charlotte,3.40,2026-06-14,2021-02-26T12:00:00Z
2715,Anderson,Lucas,3.50,2026-06-15,2022-03-27T12:00:00Z
2716,Thomas,Amelia,3.60,2026-06-16,2023-04-28T12:00:00Z
2717,Taylor,Henry,3.70,2026-06-17,2024-05-01T12:00:00Z
2718,Moore,Harper,3.80,2026-06-18,2025-06-02T12:00:00Z
2719,Jackson,Theodore,3.90,2026-06-19,2020-07-03T12:00:00Z
2720,Martin,Evelyn,4.00,2026-06-20,2021-08-04T12:00:00Z
2721,Lee,Jack,2.10,2026-06-21,2022-09-05T12:00:00Z
2722,Perez,Abigail,2.20,2026-06-22,2023-10-06T12:00:00Z
2723,Thompson,Levi,2.30,2026-06-23,2024-11-07T12:00:00Z
2724,White,Emily,2.40,2026-06-24,2025-12-08T12:00:00Z
2725,Harris,Alexander,2.50,2026-06-25,2020-01-09T12:00:00Z
2726,Sanchez,Ella,2.60,2026-06-26,2021-02-10T12:00:00Z
2727,Clark,Jackson,2.70,2026-06-27,2022-03-11T12:00:00Z
2728,Ramirez,Avery,2.80,2026-06-28,2023-04-12T12:00:00Z
2729,Lewis,Mateo,2.90,2026-06-29,2024-05-13T12:00:00Z
2730,Robinson,Sofia,3.00,2026-06-30,2025-06-14T12:00:00Z
2731,Walker,Daniel,3.10,2026-06-01,2020-07-15T12:00:00Z
2732,Young,Camila,3.20,2026-06-02,2021-08-16T12:00:00Z
2733,Allen,Michael,3.30,2026-06-03,2022-09-17T12:00:00Z
2734,King,Aria,3.40,2026-06-04,2023-10-18T12:00:00Z
2735,Wright,Mason,3.50,2026-06-05,2024-11-19T12:00:00Z
2736,Scott,Scarlett,3.60,2026-06-06,2025-12-20T12:00:00Z
2737,Torres,Sebastian,3.70,2026-06-07,2020-01-21T12:00:00Z
2738,Nguyen,Victoria,3.80,2026-06-08,2021-02-22T12:00:00Z
2739,Hill,Ethan,3.90,2026-06-09,2022-03-23T12:00:00Z
2740,Flores,Madison,4.00,2026-06-10,2023-04-24T12:00:00Z
2741,Green,Logan,2.10,2026-06-11,2024-05-25T12:00:00Z
2742,Adams,Luna,2.20,2026-06-12,2025-06-26T12:00:00Z
2743,Nelson,Owen,2.30,2026-06-13,2020-07-27T12:00:00Z
2744,Baker,Grace,2.40,2026-06-14,2021-08-28T12:00:00Z
2745,Hall,Samuel,2.50,2026-06-15,2022-09-01T12:00:00Z
2746,Rivera,Chloe,2.60,2026-06-16,2023-10-02T12:00:00Z
2747,Campbell,Jacob,2.70,2026-06-17,2024-11-03T12:00:00Z
2748,Mitchell,Penelope,2.80,2026-06-18,2025-12-04T12:00:00Z
2749,Carter,Asher,2.90,2026-06-19,2020-01-05T12:00:00Z
2750,Roberts,Layla,3.00,2026-06-20,2021-02-06T12:00:00Z
2751,Smith,Noah,3.10,2026-06-21,2022-03-07T12:00:00Z
2752,Johnson,Olivia,3.20,2026-06-22,2023-04-08T12:00:00Z
2753,Williams,Liam,3.30,2026-06-23,2024-05-09T12:00:00Z
2754,Brown,Emma,3.40,2026-06-24,2025-06-10T12:00:00Z
2755,Jones,Oliver,3.50,2026-06-25,2020-07-11T12:00:00Z
2756,Garcia,Ava,3.60,2026-06-26,2021-08-12T12:00:00Z
2757,Miller,Elijah,3.70,2026-06-27,2022-09-13T12:00:00Z
2758,Davis,Sophia,3.80,2026-06-28,2023-10-14T12:00:00Z
2759,Rodriguez,James,3.90,2026-06-29,2024-11-15T12:00:00Z
2760,Martinez,Isabella,4.00,2026-06-30,2025-12-16T12:00:00Z
2761,Hernandez,William,2.10,2026-06-01,2020-01-17T12:00:00Z
2762,Lopez,Mia,2.20,2026-06-02,2021-02-18T12:00:00Z
2763,Gonzalez,Benjamin,2.30,2026-06-03,2022-03-19T12:00:00Z
2764,Wilson,Charlotte,2.40,2026-06-04,2023-04-20T12:00:00Z
2765,Anderson,Lucas,2.50,2026-06-05,2024-05-21T12:00:00Z
2766,Thomas,Amelia,2.60,2026-06-06,2025-06-22T12:00:00Z
2767,Taylor,Henry,2.70,2026-06-07,2020-07-23T12:00:00Z
2768,Moore,Harper,2.80,2026-06-08,2021-08-24T12:00:00Z
2769,Jackson,Theodore,2.90,2026-06-09,2022-09-25T12:00:00Z
2770,Martin,Evelyn,3.00,2026-06-10,2023-10-26T12:00:00Z
2771,Lee,Jack,3.10,2026-06-11,2024-11-27T12:00:00Z
2772,Perez,Abigail,3.20,2026-06-12,2025-12-28T12:00:00Z
2773,Thompson,Levi,3.30,2026-06-13,2020-01-01T12:00:00Z
2774,White,Emily,3.40,2026-06-14,2021-02-02T12:00:00Z
2775,Harris,Alexander,3.50,2026-06-15,2022-03-03T12:00:00Z
2776,Sanchez,Ella,3.60,2026-06-16,2023-04-04T12:00:00Z
2777,Clark,Jackson,3.70,2026-06-17,2024-05-05T12:00:00Z
2778,Ramirez,Avery,3.80,2026-06-18,2025-06-06T12:00:00Z
2779,Lewis,Mateo,3.90,2026-06-19,2020-07-07T12:00:00Z
2780,Robinson,Sofia,4.00,2026-06-20,2021-08-08T12:00:00Z
2781,Walker,Daniel,2.10,2026-06-21,2022-09-09T12:00:00Z
2782,Young,Camila,2.20,2026-06-22,2023-10-10T12:00:00Z
2783,Allen,Michael,2.30,2026-06-23,2024-11-11T12:00:00Z
2784,King,Aria,2.40,2026-06-24,2025-12-12T12:00:00Z
2785,Wright,Mason,2.50,2026-06-25,2020-01-13T12:00:00Z
2786,Scott,Scarlett,2.60,2026-06-26,2021-02-14T12:00:00Z
2787,Torres,Sebastian,2.70,2026-06-27,2022-03-15T12:00:00Z
2788,Nguyen,Victoria,2.80,2026-06-28,2023-04-16T12:00:00Z
2789,Hill,Ethan,2.90,2026-06-29,2024-05-17T12:00:00Z
2790,Flores,Madison,3.00,2026-06-30,2025-06-18T12:00:00Z
2791,Green,Logan,3.10,2026-06-01,2020-07-19T12:00:00Z
2792,Adams,Luna,3.20,2026-06-02,2021-08-20T12:00:00Z
2793,Nelson,Owen,3.30,2026-06-03,2022-09-21T12:00:00Z
2794,Baker,Grace,3.40,2026-06-04,2023-10-22T12:00:00Z
2795,Hall,Samuel,3.50,2026-06-05,2024-11-23T12:00:00Z
2796,Rivera,Chloe,3.60,2026-06-06,2025-12-24T12:00:00Z
2797,Campbell,Jacob,3.70,2026-06-07,2020-01-25T12:00:00Z
2798,Mitchell,Penelope,3.80,2026-06-08,2021-02-26T12:00:00Z
2799,Carter,Asher,3.90,2026-06-09,2022-03-27T12:00:00Z
2800,Roberts,Layla,4.00,2026-06-10,2023-04-28T12:00:00Z
2801,Smith,Noah,2.10,2026-06-11,2024-05-01T12:00:00Z
2802,Johnson,Olivia,2.20,2026-06-12,2025-06-02T12:00:00Z
2803,Williams,Liam,2.30,2026-06-13,2020-07-03T12:00:00Z
2804,Brown,Emma,2.40,2026-06-14,2021-08-04T12:00:00Z
2805,Jones,Oliver,2.50,2026-06-15,2022-09-05T12:00:00Z
2806,Garcia,Ava,2.60,2026-06-16,2023-10-06T12:00:00Z
2807,Miller,Elijah,2.70,2026-06-17,2024-11-07T12:00:00Z
2808,Davis,Sophia,2.80,2026-06-18,2025-12-08T12:00:00Z
2809,Rodriguez,James,2.90,2026-06-19,2020-01-09T12:00:00Z
2810,Martinez,Isabella,3.00,2026-06-20,2021-02-10T12:00:00Z
2811,Hernandez,William,3.10,2026-06-21,2022-03-11T12:00:00Z
2812,Lopez,Mia,3.20,2026-06-22,2023-04-12T12:00:00Z
2813,Gonzalez,Benjamin,3.30,2026-06-23,2024-05-13T12:00:00Z
2814,Wilson,Charlotte,3.40,2026-06-24,2025-06-14T12:00:00Z
2815,Anderson,Lucas,3.50,2026-06-25,2020-07-15T12:00:00Z
2816,Thomas,Amelia,3.60,2026-06-26,2021-08-16T12:00:00Z
2817,Taylor,Henry,3.70,2026-06-27,2022-09-17T12:00:00Z
2818,Moore,Harper,3.80,2026-06-28,2023-10-18T12:00:00Z
2819,Jackson,Theodore,3.90,2026-06-29,2024-11-19T12:00:00Z
2820,Martin,Evelyn,4.00,2026-06-30,2025-12-20T12:00:00Z
2821,Lee,Jack,2.10,2026-06-01,2020-01-21T12:00:00Z
2822,Perez,Abigail,2.20,2026-06-02,2021-02-22T12:00:00Z
2823,Thompson,Levi,2.30,2026-06-03,2022-03-23T12:00:00Z
2824,White,Emily,2.40,2026-06-04,2023-04-24T12:00:00Z
2825,Harris,Alexander,2.50,2026-06-05,2024-05-25T12:00:00Z
2826,Sanchez,Ella,2.60,2026-06-06,2025-06-26T12:00:00Z
2827,Clark,Jackson,2.70,2026-06-07,2020-07-27T12:00:00Z
2828,Ramirez,Avery,2.80,2026-06-08,2021-08-28T12:00:00Z
2829,Lewis,Mateo,2.90,2026-06-09,2022-09-01T12:00:00Z
2830,Robinson,Sofia,3.00,2026-06-10,2023-10-02T12:00:00Z
2831,Walker,Daniel,3.10,2026-06-11,2024-11-03T12:00:00Z
2832,Young,Camila,3.20,2026-06-12,2025-12-04T12:00:00Z
2833,Allen,Michael,3.30,2026-06-13,2020-01-05T12:00:00Z
2834,King,Aria,3.40,2026-06-14,2021-02-06T12:00:00Z
2835,Wright,Mason,3.50,2026-06-15,2022-03-07T12:00:00Z
2836,Scott,Scarlett,3.60,2026-06-16,2023-04-08T12:00:00Z
2837,Torres,Sebastian,3.70,2026-06-17,2024-05-09T12:00:00Z
2838,Nguyen,Victoria,3.80,2026-06-18,2025-06-10T12:00:00Z
2839,Hill,Ethan,3.90,2026-06-19,2020-07-11T12:00:00Z
2840,Flores,Madison,4.00,2026-06-20,2021-08-12T12:00:00Z
2841,Green,Logan,2.10,2026-06-21,2022-09-13T12:00:00Z
2842,Adams,Luna,2.20,2026-06-22,2023-10-14T12:00:00Z
2843,Nelson,Owen,2.30,2026-06-23,2024-11-15T12:00:00Z
2844,Baker,Grace,2.40,2026-06-24,2025-12-16T12:00:00Z
2845,Hall,Samuel,2.50,2026-06-25,2020-01-17T12:00:00Z
2846,Rivera,Chloe,2.60,2026-06-26,2021-02-18T12:00:00Z
2847,Campbell,Jacob,2.70,2026-06-27,2022-03-19T12:00:00Z
2848,Mitchell,Penelope,2.80,2026-06-28,2023-04-20T12:00:00Z
2849,Carter,Asher,2.90,2026-06-29,2024-05-21T12:00:00Z
2850,Roberts,Layla,3.00,2026-06-30,2025-06-22T12:00:00Z
2851,Smith,Noah,3.10,2026-06-01,2020-07-23T12:00:00Z
2852,Johnson,Olivia,3.20,2026-06-02,2021-08-24T12:00:00Z
2853,Williams,Liam,3.30,2026-06-03,2022-09-25T12:00:00Z
2854,Brown,Emma,3.40,2026-06-04,2023-10-26T12:00:00Z
2855,Jones,Oliver,3.50,2026-06-05,2024-11-27T12:00:00Z
2856,Garcia,Ava,3.60,2026-06-06,2025-12-28T12:00:00Z
2857,Miller,Elijah,3.70,2026-06-07,2020-01-01T12:00:00Z
2858,Davis,Sophia,3.80,2026-06-08,2021-02-02T12:00:00Z
2859,Rodriguez,James,3.90,2026-06-09,2022-03-03T12:00:00Z
2860,Martinez,Isabella,4.00,2026-06-10,2023-04-04T12:00:00Z
2861,Hernandez,William,2.10,2026-06-11,2024-05-05T12:00:00Z
2862,Lopez,Mia,2.20,2026-06-12,2025-06-06T12:00:00Z
2863,Gonzalez,Benjamin,2.30,2026-06-13,2020-07-07T12:00:00Z
2864,Wilson,Charlotte,2.40,2026-06-14,2021-08-08T12:00:00Z
2865,Anderson,Lucas,2.50,2026-06-15,2022-09-09T12:00:00Z
2866,Thomas,Amelia,2.60,2026-06-16,2023-10-10T12:00:00Z
2867,Taylor,Henry,2.70,2026-06-17,2024-11-11T12:00:00Z
2868,Moore,Harper,2.80,2026-06-18,2025-12-12T12:00:00Z
2869,Jackson,Theodore,2.90,2026-06-19,2020-01-13T12:00:00Z
2870,Martin,Evelyn,3.00,2026-06-20,2021-02-14T12:00:00Z
2871,Lee,Jack,3.10,2026-06-21,2022-03-15T12:00:00Z
2872,Perez,Abigail,3.20,2026-06-22,2023-04-16T12:00:00Z
2873,Thompson,Levi,3.30,2026-06-23,2024-05-17T12:00:00Z
2874,White,Emily,3.40,2026-06-24,2025-06-18T12:00:00Z
2875,Harris,Alexander,3.50,2026-06-25,2020-07-19T12:00:00Z
2876,Sanchez,Ella,3.60,2026-06-26,2021-08-20T12:00:00Z
2877,Clark,Jackson,3.70,2026-06-27,2022-09-21T12:00:00Z
2878,Ramirez,Avery,3.80,2026-06-28,2023-10-22T12:00:00Z
2879,Lewis,Mateo,3.90,2026-06-29,2024-11-23T12:00:00Z
2880,Robinson,Sofia,4.00,2026-06-30,2025-12-24T12:00:00Z
2881,Walker,Daniel,2.10,2026-06-01,2020-01-25T12:00:00Z
2882,Young,Camila,2.20,2026-06-02,2021-02-26T12:00:00Z
2883,Allen,Michael,2.30,2026-06-03,2022-03-27T12:00:00Z
2884,King,Aria,2.40,2026-06-04,2023-04-28T12:00:00Z
2885,Wright,Mason,2.50,2026-06-05,2024-05-01T12:00:00Z
2886,Scott,Scarlett,2.60,2026-06-06,2025-06-02T12:00:00Z
2887,Torres,Sebastian,2.70,2026-06-07,2020-07-03T12:00:00Z
2888,Nguyen,Victoria,2.80,2026-06-08,2021-08-04T12:00:00Z
2889,Hill,Ethan,2.90,2026-06-09,2022-09-05T12:00:00Z
2890,Flores,Madison,3.00,2026-06-10,2023-10-06T12:00:00Z
2891,Green,Logan,3.10,2026-06-11,2024-11-07T12:00:00Z
2892,Adams,Luna,3.20,2026-06-12,2025-12-08T12:00:00Z
2893,Nelson,Owen,3.30,2026-06-13,2020-01-09T12:00:00Z
2894,Baker,Grace,3.40,2026-06-14,2021-02-10T12:00:00Z
2895,Hall,Samuel,3.50,2026-06-15,2022-03-11T12:00:00Z
2896,Rivera,Chloe,3.60,2026-06-16,2023-04-12T12:00:00Z
2897,Campbell,Jacob,3.70,2026-06-17,2024-05-13T12:00:00Z
2898,Mitchell,Penelope,3.80,2026-06-18,2025-06-14T12:00:00Z
2899,Carter,Asher,3.90,2026-06-19,2020-07-15T12:00:00Z
2900,Roberts,Layla,4.00,2026-06-20,2021-08-16T12:00:00Z
2901,Smith,Noah,2.10,2026-06-21,2022-09-17T12:00:00Z
2902,Johnson,Olivia,2.20,2026-06-22,2023-10-18T12:00:00Z
2903,Williams,Liam,2.30,2026-06-23,2024-11-19T12:00:00Z
2904,Brown,Emma,2.40,2026-06-24,2025-12-20T12:00:00Z
2905,Jones,Oliver,2.50,2026-06-25,2020-01-21T12:00:00Z
2906,Garcia,Ava,2.60,2026-06-26,2021-02-22T12:00:00Z
2907,Miller,Elijah,2.70,2026-06-27,2022-03-23T12:00:00Z
2908,Davis,Sophia,2.80,2026-06-28,2023-04-24T12:00:00Z
2909,Rodriguez,James,2.90,2026-06-29,2024-05-25T12:00:00Z
2910,Martinez,Isabella,3.00,2026-06-30,2025-06-26T12:00:00Z
2911,Hernandez,William,3.10,2026-06-01,2020-07-27T12:00:00Z
2912,Lopez,Mia,3.20,2026-06-02,2021-08-28T12:00:00Z
2913,Gonzalez,Benjamin,3.30,2026-06-03,2022-09-01T12:00:00Z
2914,Wilson,Charlotte,3.40,2026-06-04,2023-10-02T12:00:00Z
2915,Anderson,Lucas,3.50,2026-06-05,2024-11-03T12:00:00Z
2916,Thomas,Amelia,3.60,2026-06-06,2025-12-04T12:00:00Z
2917,Taylor,Henry,3.70,2026-06-07,2020-01-05T12:00:00Z
2918,Moore,Harper,3.80,2026-06-08,2021-02-06T12:00:00Z
2919,Jackson,Theodore,3.90,2026-06-09,2022-03-07T12:00:00Z
2920,Martin,Evelyn,4.00,2026-06-10,2023-04-08T12:00:00Z
2921,Lee,Jack,2.10,2026-06-11,2024-05-09T12:00:00Z
2922,Perez,Abigail,2.20,2026-06-12,2025-06-10T12:00:00Z
2923,Thompson,Levi,2.30,2026-06-13,2020-07-11T12:00:00Z
2924,White,Emily,2.40,2026-06-14,2021-08-12T12:00:00Z
2925,Harris,Alexander,2.50,2026-06-15,2022-09-13T12:00:00Z
2926,Sanchez,Ella,2.60,2026-06-16,2023-10-14T12:00:00Z
2927,Clark,Jackson,2.70,2026-06-17,2024-11-15T12:00:00Z
2928,Ramirez,Avery,2.80,2026-06-18,2025-12-16T12:00:00Z
2929,Lewis,Mateo,2.90,2026-06-19,2020-01-17T12:00:00Z
2930,Robinson,Sofia,3.00,2026-06-20,2021-02-18T12:00:00Z
2931,Walker,Daniel,3.10,2026-06-21,2022-03-19T12:00:00Z
2932,Young,Camila,3.20,2026-06-22,2023-04-20T12:00:00Z
2933,Allen,Michael,3.30,2026-06-23,2024-05-21T12:00:00Z
2934,King,Aria,3.40,2026-06-24,2025-06-22T12:00:00Z
2935,Wright,Mason,3.50,2026-06-25,2020-07-23T12:00:00Z
2936,Scott,Scarlett,3.60,2026-06-26,2021-08-24T12:00:00Z
2937,Torres,Sebastian,3.70,2026-06-27,2022-09-25T12:00:00Z
2938,Nguyen,Victoria,3.80,2026-06-28,2023-10-26T12:00:00Z
2939,Hill,Ethan,3.90,2026-06-29,2024-11-27T12:00:00Z
2940,Flores,Madison,4.00,2026-06-30,2025-12-28T12:00:00Z
2941,Green,Logan,2.10,2026-06-01,2020-01-01T12:00:00Z
2942,Adams,Luna,2.20,2026-06-02,2021-02-02T12:00:00Z
2943,Nelson,Owen,2.30,2026-06-03,2022-03-03T12:00:00Z
2944,Baker,Grace,2.40,2026-06-04,2023-04-04T12:00:00Z
2945,Hall,Samuel,2.50,2026-06-05,2024-05-05T12:00:00Z
2946,Rivera,Chloe,2.60,2026-06-06,2025-06-06T12:00:00Z
2947,Campbell,Jacob,2.70,2026-06-07,2020-07-07T12:00:00Z
2948,Mitchell,Penelope,2.80,2026-06-08,2021-08-08T12:00:00Z
2949,Carter,Asher,2.90,2026-06-09,2022-09-09T12:00:00Z
2950,Roberts,Layla,3.00,2026-06-10,2023-10-10T12:00:00Z
2951,Smith,Noah,3.10,2026-06-11,2024-11-11T12:00:00Z
2952,Johnson,Olivia,3.20,2026-06-12,2025-12-12T12:00:00Z
2953,Williams,Liam,3.30,2026-06-13,2020-01-13T12:00:00Z
2954,Brown,Emma,3.40,2026-06-14,2021-02-14T12:00:00Z
2955,Jones,Oliver,3.50,2026-06-15,2022-03-15T12:00:00Z
2956,Garcia,Ava,3.60,2026-06-16,2023-04-16T12:00:00Z
2957,Miller,Elijah,3.70,2026-06-17,2024-05-17T12:00:00Z
2958,Davis,Sophia,3.80,2026-06-18,2025-06-18T12:00:00Z
2959,Rodriguez,James,3.90,2026-06-19,2020-07-19T12:00:00Z
2960,Martinez,Isabella,4.00,2026-06-20,2021-08-20T12:00:00Z
2961,Hernandez,William,2.10,2026-06-21,2022-09-21T12:00:00Z
2962,Lopez,Mia,2.20,2026-06-22,2023-10-22T12:00:00Z
2963,Gonzalez,Benjamin,2.30,2026-06-23,2024-11-23T12:00:00Z
2964,Wilson,Charlotte,2.40,2026-06-24,2025-12-24T12:00:00Z
2965,Anderson,Lucas,2.50,2026-06-25,2020-01-25T12:00:00Z
2966,Thomas,Amelia,2.60,2026-06-26,2021-02-26T12:00:00Z
2967,Taylor,Henry,2.70,2026-06-27,2022-03-27T12:00:00Z
2968,Moore,Harper,2.80,2026-06-28,2023-04-28T12:00:00Z
2969,Jackson,Theodore,2.90,2026-06-29,2024-05-01T12:00:00Z
2970,Martin,Evelyn,3.00,2026-06-30,2025-06-02T12:00:00Z
2971,Lee,Jack,3.10,2026-06-01,2020-07-03T12:00:00Z
2972,Perez,Abigail,3.20,2026-06-02,2021-08-04T12:00:00Z
2973,Thompson,Levi,3.30,2026-06-03,2022-09-05T12:00:00Z
2974,White,Emily,3.40,2026-06-04,2023-10-06T12:00:00Z
2975,Harris,Alexander,3.50,2026-06-05,2024-11-07T12:00:00Z
2976,Sanchez,Ella,3.60,2026-06-06,2025-12-08T12:00:00Z
2977,Clark,Jackson,3.70,2026-06-07,2020-01-09T12:00:00Z
2978,Ramirez,Avery,3.80,2026-06-08,2021-02-10T12:00:00Z
2979,Lewis,Mateo,3.90,2026-06-09,2022-03-11T12:00:00Z
2980,Robinson,Sofia,4.00,2026-06-10,2023-04-12T12:00:00Z
2981,Walker,Daniel,2.10,2026-06-11,2024-05-13T12:00:00Z
2982,Young,Camila,2.20,2026-06-12,2025-06-14T12:00:00Z
2983,Allen,Michael,2.30,2026-06-13,2020-07-15T12:00:00Z
2984,King,Aria,2.40,2026-06-14,2021-08-16T12:00:00Z
2985,Wright,Mason,2.50,2026-06-15,2022-09-17T12:00:00Z
2986,Scott,Scarlett,2.60,2026-06-16,2023-10-18T12:00:00Z
2987,Torres,Sebastian,2.70,2026-06-17,2024-11-19T12:00:00Z
2988,Nguyen,Victoria,2.80,2026-06-18,2025-12-20T12:00:00Z
2989,Hill,Ethan,2.90,2026-06-19,2020-01-21T12:00:00Z
2990,Flores,Madison,3.00,2026-06-20,2021-02-22T12:00:00Z
2991,Green,Logan,3.10,2026-06-21,2022-03-23T12:00:00Z
2992,Adams,Luna,3.20,2026-06-22,2023-04-24T12:00:00Z
2993,Nelson,Owen,3.30,2026-06-23,2024-05-25T12:00:00Z
2994,Baker,Grace,3.40,2026-06-24,2025-06-26T12:00:00Z
2995,Hall,Samuel,3.50,2026-06-25,2020-07-27T12:00:00Z
2996,Rivera,Chloe,3.60,2026-06-26,2021-08-28T12:00:00Z
2997,Campbell,Jacob,3.70,2026-06-27,2022-09-01T12:00:00Z
2998,Mitchell,Penelope,3.80,2026-06-28,2023-10-02T12:00:00Z
2999,Carter,Asher,3.90,2026-06-29,2024-11-03T12:00:00Z
3000,Roberts,Layla,4.00,2026-06-30,2025-12-04T12:00:00Z
3001,Smith,Noah,2.10,2026-06-01,2020-01-05T12:00:00Z
3002,Johnson,Olivia,2.20,2026-06-02,2021-02-06T12:00:00Z
3003,Williams,Liam,2.30,2026-06-03,2022-03-07T12:00:00Z
3004,Brown,Emma,2.40,2026-06-04,2023-04-08T12:00:00Z
3005,Jones,Oliver,2.50,2026-06-05,2024-05-09T12:00:00Z
3006,Garcia,Ava,2.60,2026-06-06,2025-06-10T12:00:00Z
3007,Miller,Elijah,2.70,2026-06-07,2020-07-11T12:00:00Z
3008,Davis,Sophia,2.80,2026-06-08,2021-08-12T12:00:00Z
3009,Rodriguez,James,2.90,2026-06-09,2022-09-13T12:00:00Z
3010,Martinez,Isabella,3.00,2026-06-10,2023-10-14T12:00:00Z
3011,Hernandez,William,3.10,2026-06-11,2024-11-15T12:00:00Z
3012,Lopez,Mia,3.20,2026-06-12,2025-12-16T12:00:00Z
3013,Gonzalez,Benjamin,3.30,2026-06-13,2020-01-17T12:00:00Z
3014,Wilson,Charlotte,3.40,2026-06-14,2021-02-18T12:00:00Z
3015,Anderson,Lucas,3.50,2026-06-15,2022-03-19T12:00:00Z
3016,Thomas,Amelia,3.60,2026-06-16,2023-04-20T12:00:00Z
3017,Taylor,Henry,3.70,2026-06-17,2024-05-21T12:00:00Z
3018,Moore,Harper,3.80,2026-06-18,2025-06-22T12:00:00Z
3019,Jackson,Theodore,3.90,2026-06-19,2020-07-23T12:00:00Z
3020,Martin,Evelyn,4.00,2026-06-20,2021-08-24T12:00:00Z
3021,Lee,Jack,2.10,2026-06-21,2022-09-25T12:00:00Z
3022,Perez,Abigail,2.20,2026-06-22,2023-10-26T12:00:00Z
3023,Thompson,Levi,2.30,2026-06-23,2024-11-27T12:00:00Z
3024,White,Emily,2.40,2026-06-24,2025-12-28T12:00:00Z
3025,Harris,Alexander,2.50,2026-06-25,2020-01-01T12:00:00Z
3026,Sanchez,Ella,2.60,2026-06-26,2021-02-02T12:00:00Z
3027,Clark,Jackson,2.70,2026-06-27,2022-03-03T12:00:00Z
3028,Ramirez,Avery,2.80,2026-06-28,2023-04-04T12:00:00Z
3029,Lewis,Mateo,2.90,2026-06-29,2024-05-05T12:00:00Z
3030,Robinson,Sofia,3.00,2026-06-30,2025-06-06T12:00:00Z
3031,Walker,Daniel,3.10,2026-06-01,2020-07-07T12:00:00Z
3032,Young,Camila,3.20,2026-06-02,2021-08-08T12:00:00Z
3033,Allen,Michael,3.30,2026-06-03,2022-09-09T12:00:00Z
3034,King,Aria,3.40,2026-06-04,2023-10-10T12:00:00Z
3035,Wright,Mason,3.50,2026-06-05,2024-11-11T12:00:00Z
3036,Scott,Scarlett,3.60,2026-06-06,2025-12-12T12:00:00Z
3037,Torres,Sebastian,3.70,2026-06-07,2020-01-13T12:00:00Z
3038,Nguyen,Victoria,3.80,2026-06-08,2021-02-14T12:00:00Z
3039,Hill,Ethan,3.90,2026-06-09,2022-03-15T12:00:00Z
3040,Flores,Madison,4.00,2026-06-10,2023-04-16T12:00:00Z
3041,Green,Logan,2.10,2026-06-11,2024-05-17T12:00:00Z
3042,Adams,Luna,2.20,2026-06-12,2025-06-18T12:00:00Z
3043,Nelson,Owen,2.30,2026-06-13,2020-07-19T12:00:00Z
3044,Baker,Grace,2.40,2026-06-14,2021-08-20T12:00:00Z
3045,Hall,Samuel,2.50,2026-06-15,2022-09-21T12:00:00Z
3046,Rivera,Chloe,2.60,2026-06-16,2023-10-22T12:00:00Z
3047,Campbell,Jacob,2.70,2026-06-17,2024-11-23T12:00:00Z
3048,Mitchell,Penelope,2.80,2026-06-18,2025-12-24T12:00:00Z
3049,Carter,Asher,2.90,2026-06-19,2020-01-25T12:00:00Z
3050,Roberts,Layla,3.00,2026-06-20,2021-02-26T12:00:00Z
3051,Smith,Noah,3.10,2026-06-21,2022-03-27T12:00:00Z
3052,Johnson,Olivia,3.20,2026-06-22,2023-04-28T12:00:00Z
3053,Williams,Liam,3.30,2026-06-23,2024-05-01T12:00:00Z
3054,Brown,Emma,3.40,2026-06-24,2025-06-02T12:00:00Z
3055,Jones,Oliver,3.50,2026-06-25,2020-07-03T12:00:00Z
3056,Garcia,Ava,3.60,2026-06-26,2021-08-04T12:00:00Z
3057,Miller,Elijah,3.70,2026-06-27,2022-09-05T12:00:00Z
3058,Davis,Sophia,3.80,2026-06-28,2023-10-06T12:00:00Z
3059,Rodriguez,James,3.90,2026-06-29,2024-11-07T12:00:00Z
3060,Martinez,Isabella,4.00,2026-06-30,2025-12-08T12:00:00Z
3061,Hernandez,William,2.10,2026-06-01,2020-01-09T12:00:00Z
3062,Lopez,Mia,2.20,2026-06-02,2021-02-10T12:00:00Z
3063,Gonzalez,Benjamin,2.30,2026-06-03,2022-03-11T12:00:00Z
3064,Wilson,Charlotte,2.40,2026-06-04,2023-04-12T12:00:00Z
3065,Anderson,Lucas,2.50,2026-06-05,2024-05-13T12:00:00Z
3066,Thomas,Amelia,2.60,2026-06-06,2025-06-14T12:00:00Z
3067,Taylor,Henry,2.70,2026-06-07,2020-07-15T12:00:00Z
3068,Moore,Harper,2.80,2026-06-08,2021-08-16T12:00:00Z
3069,Jackson,Theodore,2.90,2026-06-09,2022-09-17T12:00:00Z
3070,Martin,Evelyn,3.00,2026-06-10,2023-10-18T12:00:00Z
3071,Lee,Jack,3.10,2026-06-11,2024-11-19T12:00:00Z
3072,Perez,Abigail,3.20,2026-06-12,2025-12-20T12:00:00Z
3073,Thompson,Levi,3.30,2026-06-13,2020-01-21T12:00:00Z
3074,White,Emily,3.40,2026-06-14,2021-02-22T12:00:00Z
3075,Harris,Alexander,3.50,2026-06-15,2022-03-23T12:00:00Z
3076,Sanchez,Ella,3.60,2026-06-16,2023-04-24T12:00:00Z
3077,Clark,Jackson,3.70,2026-06-17,2024-05-25T12:00:00Z
3078,Ramirez,Avery,3.80,2026-06-18,2025-06-26T12:00:00Z
3079,Lewis,Mateo,3.90,2026-06-19,2020-07-27T12:00:00Z
3080,Robinson,Sofia,4.00,2026-06-20,2021-08-28T12:00:00Z
3081,Walker,Daniel,2.10,2026-06-21,2022-09-01T12:00:00Z
3082,Young,Camila,2.20,2026-06-22,2023-10-02T12:00:00Z
3083,Allen,Michael,2.30,2026-06-23,2024-11-03T12:00:00Z
3084,King,Aria,2.40,2026-06-24,2025-12-04T12:00:00Z
3085,Wright,Mason,2.50,2026-06-25,2020-01-05T12:00:00Z
3086,Scott,Scarlett,2.60,2026-06-26,2021-02-06T12:00:00Z
3087,Torres,Sebastian,2.70,2026-06-27,2022-03-07T12:00:00Z
3088,Nguyen,Victoria,2.80,2026-06-28,2023-04-08T12:00:00Z
3089,Hill,Ethan,2.90,2026-06-29,2024-05-09T12:00:00Z
3090,Flores,Madison,3.00,2026-06-30,2025-06-10T12:00:00Z
3091,Green,Logan,3.10,2026-06-01,2020-07-11T12:00:00Z
3092,Adams,Luna,3.20,2026-06-02,2021-08-12T12:00:00Z
3093,Nelson,Owen,3.30,2026-06-03,2022-09-13T12:00:00Z
3094,Baker,Grace,3.40,2026-06-04,2023-10-14T12:00:00Z
3095,Hall,Samuel,3.50,2026-06-05,2024-11-15T12:00:00Z
3096,Rivera,Chloe,3.60,2026-06-06,2025-12-16T12:00:00Z
3097,Campbell,Jacob,3.70,2026-06-07,2020-01-17T12:00:00Z
3098,Mitchell,Penelope,3.80,2026-06-08,2021-02-18T12:00:00Z
3099,Carter,Asher,3.90,2026-06-09,2022-03-19T12:00:00Z
3100,Roberts,Layla,4.00,2026-06-10,2023-04-20T12:00:00Z
3101,Smith,Noah,2.10,2026-06-11,2024-05-21T12:00:00Z
3102,Johnson,Olivia,2.20,2026-06-12,2025-06-22T12:00:00Z
3103,Williams,Liam,2.30,2026-06-13,2020-07-23T12:00:00Z
3104,Brown,Emma,2.40,2026-06-14,2021-08-24T12:00:00Z
3105,Jones,Oliver,2.50,2026-06-15,2022-09-25T12:00:00Z
3106,Garcia,Ava,2.60,2026-06-16,2023-10-26T12:00:00Z
3107,Miller,Elijah,2.70,2026-06-17,2024-11-27T12:00:00Z
3108,Davis,Sophia,2.80,2026-06-18,2025-12-28T12:00:00Z
3109,Rodriguez,James,2.90,2026-06-19,2020-01-01T12:00:00Z
3110,Martinez,Isabella,3.00,2026-06-20,2021-02-02T12:00:00Z
3111,Hernandez,William,3.10,2026-06-21,2022-03-03T12:00:00Z
3112,Lopez,Mia,3.20,2026-06-22,2023-04-04T12:00:00Z
3113,Gonzalez,Benjamin,3.30,2026-06-23,2024-05-05T12:00:00Z
3114,Wilson,Charlotte,3.40,2026-06-24,2025-06-06T12:00:00Z
3115,Anderson,Lucas,3.50,2026-06-25,2020-07-07T12:00:00Z
3116,Thomas,Amelia,3.60,2026-06-26,2021-08-08T12:00:00Z
3117,Taylor,Henry,3.70,2026-06-27,2022-09-09T12:00:00Z
3118,Moore,Harper,3.80,2026-06-28,2023-10-10T12:00:00Z
3119,Jackson,Theodore,3.90,2026-06-29,2024-11-11T12:00:00Z
3120,Martin,Evelyn,4.00,2026-06-30,2025-12-12T12:00:00Z
3121,Lee,Jack,2.10,2026-06-01,2020-01-13T12:00:00Z
3122,Perez,Abigail,2.20,2026-06-02,2021-02-14T12:00:00Z
3123,Thompson,Levi,2.30,2026-06-03,2022-03-15T12:00:00Z
3124,White,Emily,2.40,2026-06-04,2023-04-16T12:00:00Z
3125,Harris,Alexander,2.50,2026-06-05,2024-05-17T12:00:00Z
3126,Sanchez,Ella,2.60,2026-06-06,2025-06-18T12:00:00Z
3127,Clark,Jackson,2.70,2026-06-07,2020-07-19T12:00:00Z
3128,Ramirez,Avery,2.80,2026-06-08,2021-08-20T12:00:00Z
3129,Lewis,Mateo,2.90,2026-06-09,2022-09-21T12:00:00Z
3130,Robinson,Sofia,3.00,2026-06-10,2023-10-22T12:00:00Z
3131,Walker,Daniel,3.10,2026-06-11,2024-11-23T12:00:00Z
3132,Young,Camila,3.20,2026-06-12,2025-12-24T12:00:00Z
3133,Allen,Michael,3.30,2026-06-13,2020-01-25T12:00:00Z
3134,King,Aria,3.40,2026-06-14,2021-02-26T12:00:00Z
3135,Wright,Mason,3.50,2026-06-15,2022-03-27T12:00:00Z
3136,Scott,Scarlett,3.60,2026-06-16,2023-04-28T12:00:00Z
3137,Torres,Sebastian,3.70,2026-06-17,2024-05-01T12:00:00Z
3138,Nguyen,Victoria,3.80,2026-06-18,2025-06-02T12:00:00Z
3139,Hill,Ethan,3.90,2026-06-19,2020-07-03T12:00:00Z
3140,Flores,Madison,4.00,2026-06-20,2021-08-04T12:00:00Z
3141,Green,Logan,2.10,2026-06-21,2022-09-05T12:00:00Z
3142,Adams,Luna,2.20,2026-06-22,2023-10-06T12:00:00Z
3143,Nelson,Owen,2.30,2026-06-23,2024-11-07T12:00:00Z
3144,Baker,Grace,2.40,2026-06-24,2025-12-08T12:00:00Z
3145,Hall,Samuel,2.50,2026-06-25,2020-01-09T12:00:00Z
3146,Rivera,Chloe,2.60,2026-06-26,2021-02-10T12:00:00Z
3147,Campbell,Jacob,2.70,2026-06-27,2022-03-11T12:00:00Z
3148,Mitchell,Penelope,2.80,2026-06-28,2023-04-12T12:00:00Z
3149,Carter,Asher,2.90,2026-06-29,2024-05-13T12:00:00Z
3150,Roberts,Layla,3.00,2026-06-30,2025-06-14T12:00:00Z
3151,Smith,Noah,3.10,2026-06-01,2020-07-15T12:00:00Z
3152,Johnson,Olivia,3.20,2026-06-02,2021-08-16T12:00:00Z
3153,Williams,Liam,3.30,2026-06-03,2022-09-17T12:00:00Z
3154,Brown,Emma,3.40,2026-06-04,2023-10-18T12:00:00Z
3155,Jones,Oliver,3.50,2026-06-05,2024-11-19T12:00:00Z
3156,Garcia,Ava,3.60,2026-06-06,2025-12-20T12:00:00Z
3157,Miller,Elijah,3.70,2026-06-07,2020-01-21T12:00:00Z
3158,Davis,Sophia,3.80,2026-06-08,2021-02-22T12:00:00Z
3159,Rodriguez,James,3.90,2026-06-09,2022-03-23T12:00:00Z
3160,Martinez,Isabella,4.00,2026-06-10,2023-04-24T12:00:00Z
3161,Hernandez,William,2.10,2026-06-11,2024-05-25T12:00:00Z
3162,Lopez,Mia,2.20,2026-06-12,2025-06-26T12:00:00Z
3163,Gonzalez,Benjamin,2.30,2026-06-13,2020-07-27T12:00:00Z
3164,Wilson,Charlotte,2.40,2026-06-14,2021-08-28T12:00:00Z
3165,Anderson,Lucas,2.50,2026-06-15,2022-09-01T12:00:00Z
3166,Thomas,Amelia,2.60,2026-06-16,2023-10-02T12:00:00Z
3167,Taylor,Henry,2.70,2026-06-17,2024-11-03T12:00:00Z
3168,Moore,Harper,2.80,2026-06-18,2025-12-04T12:00:00Z
3169,Jackson,Theodore,2.90,2026-06-19,2020-01-05T12:00:00Z
3170,Martin,Evelyn,3.00,2026-06-20,2021-02-06T12:00:00Z
3171,Lee,Jack,3.10,2026-06-21,2022-03-07T12:00:00Z
3172,Perez,Abigail,3.20,2026-06-22,2023-04-08T12:00:00Z
3173,Thompson,Levi,3.30,2026-06-23,2024-05-09T12:00:00Z
3174,White,Emily,3.40,2026-06-24,2025-06-10T12:00:00Z
3175,Harris,Alexander,3.50,2026-06-25,2020-07-11T12:00:00Z
3176,Sanchez,Ella,3.60,2026-06-26,2021-08-12T12:00:00Z
3177,Clark,Jackson,3.70,2026-06-27,2022-09-13T12:00:00Z
3178,Ramirez,Avery,3.80,2026-06-28,2023-10-14T12:00:00Z
3179,Lewis,Mateo,3.90,2026-06-29,2024-11-15T12:00:00Z
3180,Robinson,Sofia,4.00,2026-06-30,2025-12-16T12:00:00Z
3181,Walker,Daniel,2.10,2026-06-01,2020-01-17T12:00:00Z
3182,Young,Camila,2.20,2026-06-02,2021-02-18T12:00:00Z
3183,Allen,Michael,2.30,2026-06-03,2022-03-19T12:00:00Z
3184,King,Aria,2.40,2026-06-04,2023-04-20T12:00:00Z
3185,Wright,Mason,2.50,2026-06-05,2024-05-21T12:00:00Z
3186,Scott,Scarlett,2.60,2026-06-06,2025-06-22T12:00:00Z
3187,Torres,Sebastian,2.70,2026-06-07,2020-07-23T12:00:00Z
3188,Nguyen,Victoria,2.80,2026-06-08,2021-08-24T12:00:00Z
3189,Hill,Ethan,2.90,2026-06-09,2022-09-25T12:00:00Z
3190,Flores,Madison,3.00,2026-06-10,2023-10-26T12:00:00Z
3191,Green,Logan,3.10,2026-06-11,2024-11-27T12:00:00Z
3192,Adams,Luna,3.20,2026-06-12,2025-12-28T12:00:00Z
3193,Nelson,Owen,3.30,2026-06-13,2020-01-01T12:00:00Z
3194,Baker,Grace,3.40,2026-06-14,2021-02-02T12:00:00Z
3195,Hall,Samuel,3.50,2026-06-15,2022-03-03T12:00:00Z
3196,Rivera,Chloe,3.60,2026-06-16,2023-04-04T12:00:00Z
3197,Campbell,Jacob,3.70,2026-06-17,2024-05-05T12:00:00Z
3198,Mitchell,Penelope,3.80,2026-06-18,2025-06-06T12:00:00Z
3199,Carter,Asher,3.90,2026-06-19,2020-07-07T12:00:00Z
3200,Roberts,Layla,4.00,2026-06-20,2021-08-08T12:00:00Z
3201,Smith,Noah,2.10,2026-06-21,2022-09-09T12:00:00Z
3202,Johnson,Olivia,2.20,2026-06-22,2023-10-10T12:00:00Z
3203,Williams,Liam,2.30,2026-06-23,2024-11-11T12:00:00Z
3204,Brown,Emma,2.40,2026-06-24,2025-12-12T12:00:00Z
3205,Jones,Oliver,2.50,2026-06-25,2020-01-13T12:00:00Z
3206,Garcia,Ava,2.60,2026-06-26,2021-02-14T12:00:00Z
3207,Miller,Elijah,2.70,2026-06-27,2022-03-15T12:00:00Z
3208,Davis,Sophia,2.80,2026-06-28,2023-04-16T12:00:00Z
3209,Rodriguez,James,2.90,2026-06-29,2024-05-17T12:00:00Z
3210,Martinez,Isabella,3.00,2026-06-30,2025-06-18T12:00:00Z
3211,Hernandez,William,3.10,2026-06-01,2020-07-19T12:00:00Z
3212,Lopez,Mia,3.20,2026-06-02,2021-08-20T12:00:00Z
3213,Gonzalez,Benjamin,3.30,2026-06-03,2022-09-21T12:00:00Z
3214,Wilson,Charlotte,3.40,2026-06-04,2023-10-22T12:00:00Z
3215,Anderson,Lucas,3.50,2026-06-05,2024-11-23T12:00:00Z
3216,Thomas,Amelia,3.60,2026-06-06,2025-12-24T12:00:00Z
3217,Taylor,Henry,3.70,2026-06-07,2020-01-25T12:00:00Z
3218,Moore,Harper,3.80,2026-06-08,2021-02-26T12:00:00Z
3219,Jackson,Theodore,3.90,2026-06-09,2022-03-27T12:00:00Z
3220,Martin,Evelyn,4.00,2026-06-10,2023-04-28T12:00:00Z
3221,Lee,Jack,2.10,2026-06-11,2024-05-01T12:00:00Z
3222,Perez,Abigail,2.20,2026-06-12,2025-06-02T12:00:00Z
3223,Thompson,Levi,2.30,2026-06-13,2020-07-03T12:00:00Z
3224,White,Emily,2.40,2026-06-14,2021-08-04T12:00:00Z
3225,Harris,Alexander,2.50,2026-06-15,2022-09-05T12:00:00Z
3226,Sanchez,Ella,2.60,2026-06-16,2023-10-06T12:00:00Z
3227,Clark,Jackson,2.70,2026-06-17,2024-11-07T12:00:00Z
3228,Ramirez,Avery,2.80,2026-06-18,2025-12-08T12:00:00Z
3229,Lewis,Mateo,2.90,2026-06-19,2020-01-09T12:00:00Z
3230,Robinson,Sofia,3.00,2026-06-20,2021-02-10T12:00:00Z
3231,Walker,Daniel,3.10,2026-06-21,2022-03-11T12:00:00Z
3232,Young,Camila,3.20,2026-06-22,2023-04-12T12:00:00Z
3233,Allen,Michael,3.30,2026-06-23,2024-05-13T12:00:00Z
3234,King,Aria,3.40,2026-06-24,2025-06-14T12:00:00Z
3235,Wright,Mason,3.50,2026-06-25,2020-07-15T12:00:00Z
3236,Scott,Scarlett,3.60,2026-06-26,2021-08-16T12:00:00Z
3237,Torres,Sebastian,3.70,2026-06-27,2022-09-17T12:00:00Z
3238,Nguyen,Victoria,3.80,2026-06-28,2023-10-18T12:00:00Z
3239,Hill,Ethan,3.90,2026-06-29,2024-11-19T12:00:00Z
3240,Flores,Madison,4.00,2026-06-30,2025-12-20T12:00:00Z
3241,Green,Logan,2.10,2026-06-01,2020-01-21T12:00:00Z
3242,Adams,Luna,2.20,2026-06-02,2021-02-22T12:00:00Z
3243,Nelson,Owen,2.30,2026-06-03,2022-03-23T12:00:00Z
3244,Baker,Grace,2.40,2026-06-04,2023-04-24T12:00:00Z
3245,Hall,Samuel,2.50,2026-06-05,2024-05-25T12:00:00Z
3246,Rivera,Chloe,2.60,2026-06-06,2025-06-26T12:00:00Z
3247,Campbell,Jacob,2.70,2026-06-07,2020-07-27T12:00:00Z
3248,Mitchell,Penelope,2.80,2026-06-08,2021-08-28T12:00:00Z
3249,Carter,Asher,2.90,2026-06-09,2022-09-01T12:00:00Z
3250,Roberts,Layla,3.00,2026-06-10,2023-10-02T12:00:00Z
3251,Smith,Noah,3.10,2026-06-11,2024-11-03T12:00:00Z
3252,Johnson,Olivia,3.20,2026-06-12,2025-12-04T12:00:00Z
3253,Williams,Liam,3.30,2026-06-13,2020-01-05T12:00:00Z
3254,Brown,Emma,3.40,2026-06-14,2021-02-06T12:00:00Z
3255,Jones,Oliver,3.50,2026-06-15,2022-03-07T12:00:00Z
3256,Garcia,Ava,3.60,2026-06-16,2023-04-08T12:00:00Z
3257,Miller,Elijah,3.70,2026-06-17,2024-05-09T12:00:00Z
3258,Davis,Sophia,3.80,2026-06-18,2025-06-10T12:00:00Z
3259,Rodriguez,James,3.90,2026-06-19,2020-07-11T12:00:00Z
3260,Martinez,Isabella,4.00,2026-06-20,2021-08-12T12:00:00Z
3261,Hernandez,William,2.10,2026-06-21,2022-09-13T12:00:00Z
3262,Lopez,Mia,2.20,2026-06-22,2023-10-14T12:00:00Z
3263,Gonzalez,Benjamin,2.30,2026-06-23,2024-11-15T12:00:00Z
3264,Wilson,Charlotte,2.40,2026-06-24,2025-12-16T12:00:00Z
3265,Anderson,Lucas,2.50,2026-06-25,2020-01-17T12:00:00Z
3266,Thomas,Amelia,2.60,2026-06-26,2021-02-18T12:00:00Z
3267,Taylor,Henry,2.70,2026-06-27,2022-03-19T12:00:00Z
3268,Moore,Harper,2.80,2026-06-28,2023-04-20T12:00:00Z
3269,Jackson,Theodore,2.90,2026-06-29,2024-05-21T12:00:00Z
3270,Martin,Evelyn,3.00,2026-06-30,2025-06-22T12:00:00Z
3271,Lee,Jack,3.10,2026-06-01,2020-07-23T12:00:00Z
3272,Perez,Abigail,3.20,2026-06-02,2021-08-24T12:00:00Z
3273,Thompson,Levi,3.30,2026-06-03,2022-09-25T12:00:00Z
3274,White,Emily,3.40,2026-06-04,2023-10-26T12:00:00Z
3275,Harris,Alexander,3.50,2026-06-05,2024-11-27T12:00:00Z
3276,Sanchez,Ella,3.60,2026-06-06,2025-12-28T12:00:00Z
3277,Clark,Jackson,3.70,2026-06-07,2020-01-01T12:00:00Z
3278,Ramirez,Avery,3.80,2026-06-08,2021-02-02T12:00:00Z
3279,Lewis,Mateo,3.90,2026-06-09,2022-03-03T12:00:00Z
3280,Robinson,Sofia,4.00,2026-06-10,2023-04-04T12:00:00Z
3281,Walker,Daniel,2.10,2026-06-11,2024-05-05T12:00:00Z
3282,Young,Camila,2.20,2026-06-12,2025-06-06T12:00:00Z
3283,Allen,Michael,2.30,2026-06-13,2020-07-07T12:00:00Z
3284,King,Aria,2.40,2026-06-14,2021-08-08T12:00:00Z
3285,Wright,Mason,2.50,2026-06-15,2022-09-09T12:00:00Z
3286,Scott,Scarlett,2.60,2026-06-16,2023-10-10T12:00:00Z
3287,Torres,Sebastian,2.70,2026-06-17,2024-11-11T12:00:00Z
3288,Nguyen,Victoria,2.80,2026-06-18,2025-12-12T12:00:00Z
3289,Hill,Ethan,2.90,2026-06-19,2020-01-13T12:00:00Z
3290,Flores,Madison,3.00,2026-06-20,2021-02-14T12:00:00Z
3291,Green,Logan,3.10,2026-06-21,2022-03-15T12:00:00Z
3292,Adams,Luna,3.20,2026-06-22,2023-04-16T12:00:00Z
3293,Nelson,Owen,3.30,2026-06-23,2024-05-17T12:00:00Z
3294,Baker,Grace,3.40,2026-06-24,2025-06-18T12:00:00Z
3295,Hall,Samuel,3.50,2026-06-25,2020-07-19T12:00:00Z
3296,Rivera,Chloe,3.60,2026-06-26,2021-08-20T12:00:00Z
3297,Campbell,Jacob,3.70,2026-06-27,2022-09-21T12:00:00Z
3298,Mitchell,Penelope,3.80,2026-06-28,2023-10-22T12:00:00Z
3299,Carter,Asher,3.90,2026-06-29,2024-11-23T12:00:00Z
3300,Roberts,Layla,4.00,2026-06-30,2025-12-24T12:00:00Z
3301,Smith,Noah,2.10,2026-06-01,2020-01-25T12:00:00Z
3302,Johnson,Olivia,2.20,2026-06-02,2021-02-26T12:00:00Z
3303,Williams,Liam,2.30,2026-06-03,2022-03-27T12:00:00Z
3304,Brown,Emma,2.40,2026-06-04,2023-04-28T12:00:00Z
3305,Jones,Oliver,2.50,2026-06-05,2024-05-01T12:00:00Z
3306,Garcia,Ava,2.60,2026-06-06,2025-06-02T12:00:00Z
3307,Miller,Elijah,2.70,2026-06-07,2020-07-03T12:00:00Z
3308,Davis,Sophia,2.80,2026-06-08,2021-08-04T12:00:00Z
3309,Rodriguez,James,2.90,2026-06-09,2022-09-05T12:00:00Z
3310,Martinez,Isabella,3.00,2026-06-10,2023-10-06T12:00:00Z
3311,Hernandez,William,3.10,2026-06-11,2024-11-07T12:00:00Z
3312,Lopez,Mia,3.20,2026-06-12,2025-12-08T12:00:00Z
3313,Gonzalez,Benjamin,3.30,2026-06-13,2020-01-09T12:00:00Z
3314,Wilson,Charlotte,3.40,2026-06-14,2021-02-10T12:00:00Z
3315,Anderson,Lucas,3.50,2026-06-15,2022-03-11T12:00:00Z
3316,Thomas,Amelia,3.60,2026-06-16,2023-04-12T12:00:00Z
3317,Taylor,Henry,3.70,2026-06-17,2024-05-13T12:00:00Z
3318,Moore,Harper,3.80,2026-06-18,2025-06-14T12:00:00Z
3319,Jackson,Theodore,3.90,2026-06-19,2020-07-15T12:00:00Z
3320,Martin,Evelyn,4.00,2026-06-20,2021-08-16T12:00:00Z
3321,Lee,Jack,2.10,2026-06-21,2022-09-17T12:00:00Z
3322,Perez,Abigail,2.20,2026-06-22,2023-10-18T12:00:00Z
3323,Thompson,Levi,2.30,2026-06-23,2024-11-19T12:00:00Z
3324,White,Emily,2.40,2026-06-24,2025-12-20T12:00:00Z
3325,Harris,Alexander,2.50,2026-06-25,2020-01-21T12:00:00Z
3326,Sanchez,Ella,2.60,2026-06-26,2021-02-22T12:00:00Z
3327,Clark,Jackson,2.70,2026-06-27,2022-03-23T12:00:00Z
3328,Ramirez,Avery,2.80,2026-06-28,2023-04-24T12:00:00Z
3329,Lewis,Mateo,2.90,2026-06-29,2024-05-25T12:00:00Z
3330,Robinson,Sofia,3.00,2026-06-30,2025-06-26T12:00:00Z
3331,Walker,Daniel,3.10,2026-06-01,2020-07-27T12:00:00Z
3332,Young,Camila,3.20,2026-06-02,2021-08-28T12:00:00Z
3333,Allen,Michael,3.30,2026-06-03,2022-09-01T12:00:00Z
3334,King,Aria,3.40,2026-06-04,2023-10-02T12:00:00Z
3335,Wright,Mason,3.50,2026-06-05,2024-11-03T12:00:00Z
3336,Scott,Scarlett,3.60,2026-06-06,2025-12-04T12:00:00Z
3337,Torres,Sebastian,3.70,2026-06-07,2020-01-05T12:00:00Z
3338,Nguyen,Victoria,3.80,2026-06-08,2021-02-06T12:00:00Z
3339,Hill,Ethan,3.90,2026-06-09,2022-03-07T12:00:00Z
3340,Flores,Madison,4.00,2026-06-10,2023-04-08T12:00:00Z
3341,Green,Logan,2.10,2026-06-11,2024-05-09T12:00:00Z
3342,Adams,Luna,2.20,2026-06-12,2025-06-10T12:00:00Z
3343,Nelson,Owen,2.30,2026-06-13,2020-07-11T12:00:00Z
3344,Baker,Grace,2.40,2026-06-14,2021-08-12T12:00:00Z
3345,Hall,Samuel,2.50,2026-06-15,2022-09-13T12:00:00Z
3346,Rivera,Chloe,2.60,2026-06-16,2023-10-14T12:00:00Z
3347,Campbell,Jacob,2.70,2026-06-17,2024-11-15T12:00:00Z
3348,Mitchell,Penelope,2.80,2026-06-18,2025-12-16T12:00:00Z
3349,Carter,Asher,2.90,2026-06-19,2020-01-17T12:00:00Z
3350,Roberts,Layla,3.00,2026-06-20,2021-02-18T12:00:00Z
3351,Smith,Noah,3.10,2026-06-21,2022-03-19T12:00:00Z
3352,Johnson,Olivia,3.20,2026-06-22,2023-04-20T12:00:00Z
3353,Williams,Liam,3.30,2026-06-23,2024-05-21T12:00:00Z
3354,Brown,Emma,3.40,2026-06-24,2025-06-22T12:00:00Z
3355,Jones,Oliver,3.50,2026-06-25,2020-07-23T12:00:00Z
3356,Garcia,Ava,3.60,2026-06-26,2021-08-24T12:00:00Z
3357,Miller,Elijah,3.70,2026-06-27,2022-09-25T12:00:00Z
3358,Davis,Sophia,3.80,2026-06-28,2023-10-26T12:00:00Z
3359,Rodriguez,James,3.90,2026-06-29,2024-11-27T12:00:00Z
3360,Martinez,Isabella,4.00,2026-06-30,2025-12-28T12:00:00Z
3361,Hernandez,William,2.10,2026-06-01,2020-01-01T12:00:00Z
3362,Lopez,Mia,2.20,2026-06-02,2021-02-02T12:00:00Z
3363,Gonzalez,Benjamin,2.30,2026-06-03,2022-03-03T12:00:00Z
3364,Wilson,Charlotte,2.40,2026-06-04,2023-04-04T12:00:00Z
3365,Anderson,Lucas,2.50,2026-06-05,2024-05-05T12:00:00Z
3366,Thomas,Amelia,2.60,2026-06-06,2025-06-06T12:00:00Z
3367,Taylor,Henry,2.70,2026-06-07,2020-07-07T12:00:00Z
3368,Moore,Harper,2.80,2026-06-08,2021-08-08T12:00:00Z
3369,Jackson,Theodore,2.90,2026-06-09,2022-09-09T12:00:00Z
3370,Martin,Evelyn,3.00,2026-06-10,2023-10-10T12:00:00Z
3371,Lee,Jack,3.10,2026-06-11,2024-11-11T12:00:00Z
3372,Perez,Abigail,3.20,2026-06-12,2025-12-12T12:00:00Z
3373,Thompson,Levi,3.30,2026-06-13,2020-01-13T12:00:00Z
3374,White,Emily,3.40,2026-06-14,2021-02-14T12:00:00Z
3375,Harris,Alexander,3.50,2026-06-15,2022-03-15T12:00:00Z
3376,Sanchez,Ella,3.60,2026-06-16,2023-04-16T12:00:00Z
3377,Clark,Jackson,3.70,2026-06-17,2024-05-17T12:00:00Z
3378,Ramirez,Avery,3.80,2026-06-18,2025-06-18T12:00:00Z
3379,Lewis,Mateo,3.90,2026-06-19,2020-07-19T12:00:00Z
3380,Robinson,Sofia,4.00,2026-06-20,2021-08-20T12:00:00Z
3381,Walker,Daniel,2.10,2026-06-21,2022-09-21T12:00:00Z
3382,Young,Camila,2.20,2026-06-22,2023-10-22T12:00:00Z
3383,Allen,Michael,2.30,2026-06-23,2024-11-23T12:00:00Z
3384,King,Aria,2.40,2026-06-24,2025-12-24T12:00:00Z
3385,Wright,Mason,2.50,2026-06-25,2020-01-25T12:00:00Z
3386,Scott,Scarlett,2.60,2026-06-26,2021-02-26T12:00:00Z
3387,Torres,Sebastian,2.70,2026-06-27,2022-03-27T12:00:00Z
3388,Nguyen,Victoria,2.80,2026-06-28,2023-04-28T12:00:00Z
3389,Hill,Ethan,2.90,2026-06-29,2024-05-01T12:00:00Z
3390,Flores,Madison,3.00,2026-06-30,2025-06-02T12:00:00Z
3391,Green,Logan,3.10,2026-06-01,2020-07-03T12:00:00Z
3392,Adams,Luna,3.20,2026-06-02,2021-08-04T12:00:00Z
3393,Nelson,Owen,3.30,2026-06-03,2022-09-05T12:00:00Z
3394,Baker,Grace,3.40,2026-06-04,2023-10-06T12:00:00Z
3395,Hall,Samuel,3.50,2026-06-05,2024-11-07T12:00:00Z
3396,Rivera,Chloe,3.60,2026-06-06,2025-12-08T12:00:00Z
3397,Campbell,Jacob,3.70,2026-06-07,2020-01-09T12:00:00Z
3398,Mitchell,Penelope,3.80,2026-06-08,2021-02-10T12:00:00Z
3399,Carter,Asher,3.90,2026-06-09,2022-03-11T12:00:00Z
3400,Roberts,Layla,4.00,2026-06-10,2023-04-12T12:00:00Z
3401,Smith,Noah,2.10,2026-06-11,2024-05-13T12:00:00Z
3402,Johnson,Olivia,2.20,2026-06-12,2025-06-14T12:00:00Z
3403,Williams,Liam,2.30,2026-06-13,2020-07-15T12:00:00Z
3404,Brown,Emma,2.40,2026-06-14,2021-08-16T12:00:00Z
3405,Jones,Oliver,2.50,2026-06-15,2022-09-17T12:00:00Z
3406,Garcia,Ava,2.60,2026-06-16,2023-10-18T12:00:00Z
3407,Miller,Elijah,2.70,2026-06-17,2024-11-19T12:00:00Z
3408,Davis,Sophia,2.80,2026-06-18,2025-12-20T12:00:00Z
3409,Rodriguez,James,2.90,2026-06-19,2020-01-21T12:00:00Z
3410,Martinez,Isabella,3.00,2026-06-20,2021-02-22T12:00:00Z
3411,Hernandez,William,3.10,2026-06-21,2022-03-23T12:00:00Z
3412,Lopez,Mia,3.20,2026-06-22,2023-04-24T12:00:00Z
3413,Gonzalez,Benjamin,3.30,2026-06-23,2024-05-25T12:00:00Z
3414,Wilson,Charlotte,3.40,2026-06-24,2025-06-26T12:00:00Z
3415,Anderson,Lucas,3.50,2026-06-25,2020-07-27T12:00:00Z
3416,Thomas,Amelia,3.60,2026-06-26,2021-08-28T12:00:00Z
3417,Taylor,Henry,3.70,2026-06-27,2022-09-01T12:00:00Z
3418,Moore,Harper,3.80,2026-06-28,2023-10-02T12:00:00Z
3419,Jackson,Theodore,3.90,2026-06-29,2024-11-03T12:00:00Z
3420,Martin,Evelyn,4.00,2026-06-30,2025-12-04T12:00:00Z
3421,Lee,Jack,2.10,2026-06-01,2020-01-05T12:00:00Z
3422,Perez,Abigail,2.20,2026-06-02,2021-02-06T12:00:00Z
3423,Thompson,Levi,2.30,2026-06-03,2022-03-07T12:00:00Z
3424,White,Emily,2.40,2026-06-04,2023-04-08T12:00:00Z
3425,Harris,Alexander,2.50,2026-06-05,2024-05-09T12:00:00Z
3426,Sanchez,Ella,2.60,2026-06-06,2025-06-10T12:00:00Z
3427,Clark,Jackson,2.70,2026-06-07,2020-07-11T12:00:00Z
3428,Ramirez,Avery,2.80,2026-06-08,2021-08-12T12:00:00Z
3429,Lewis,Mateo,2.90,2026-06-09,2022-09-13T12:00:00Z
3430,Robinson,Sofia,3.00,2026-06-10,2023-10-14T12:00:00Z
3431,Walker,Daniel,3.10,2026-06-11,2024-11-15T12:00:00Z
3432,Young,Camila,3.20,2026-06-12,2025-12-16T12:00:00Z
3433,Allen,Michael,3.30,2026-06-13,2020-01-17T12:00:00Z
3434,King,Aria,3.40,2026-06-14,2021-02-18T12:00:00Z
3435,Wright,Mason,3.50,2026-06-15,2022-03-19T12:00:00Z
3436,Scott,Scarlett,3.60,2026-06-16,2023-04-20T12:00:00Z
3437,Torres,Sebastian,3.70,2026-06-17,2024-05-21T12:00:00Z
3438,Nguyen,Victoria,3.80,2026-06-18,2025-06-22T12:00:00Z
3439,Hill,Ethan,3.90,2026-06-19,2020-07-23T12:00:00Z
3440,Flores,Madison,4.00,2026-06-20,2021-08-24T12:00:00Z
3441,Green,Logan,2.10,2026-06-21,2022-09-25T12:00:00Z
3442,Adams,Luna,2.20,2026-06-22,2023-10-26T12:00:00Z
3443,Nelson,Owen,2.30,2026-06-23,2024-11-27T12:00:00Z
3444,Baker,Grace,2.40,2026-06-24,2025-12-28T12:00:00Z
3445,Hall,Samuel,2.50,2026-06-25,2020-01-01T12:00:00Z
3446,Rivera,Chloe,2.60,2026-06-26,2021-02-02T12:00:00Z
3447,Campbell,Jacob,2.70,2026-06-27,2022-03-03T12:00:00Z
3448,Mitchell,Penelope,2.80,2026-06-28,2023-04-04T12:00:00Z
3449,Carter,Asher,2.90,2026-06-29,2024-05-05T12:00:00Z
3450,Roberts,Layla,3.00,2026-06-30,2025-06-06T12:00:00Z
3451,Smith,Noah,3.10,2026-06-01,2020-07-07T12:00:00Z
3452,Johnson,Olivia,3.20,2026-06-02,2021-08-08T12:00:00Z
3453,Williams,Liam,3.30,2026-06-03,2022-09-09T12:00:00Z
3454,Brown,Emma,3.40,2026-06-04,2023-10-10T12:00:00Z
3455,Jones,Oliver,3.50,2026-06-05,2024-11-11T12:00:00Z
3456,Garcia,Ava,3.60,2026-06-06,2025-12-12T12:00:00Z
3457,Miller,Elijah,3.70,2026-06-07,2020-01-13T12:00:00Z
3458,Davis,Sophia,3.80,2026-06-08,2021-02-14T12:00:00Z
3459,Rodriguez,James,3.90,2026-06-09,2022-03-15T12:00:00Z
3460,Martinez,Isabella,4.00,2026-06-10,2023-04-16T12:00:00Z
3461,Hernandez,William,2.10,2026-06-11,2024-05-17T12:00:00Z
3462,Lopez,Mia,2.20,2026-06-12,2025-06-18T12:00:00Z
3463,Gonzalez,Benjamin,2.30,2026-06-13,2020-07-19T12:00:00Z
3464,Wilson,Charlotte,2.40,2026-06-14,2021-08-20T12:00:00Z
3465,Anderson,Lucas,2.50,2026-06-15,2022-09-21T12:00:00Z
3466,Thomas,Amelia,2.60,2026-06-16,2023-10-22T12:00:00Z
3467,Taylor,Henry,2.70,2026-06-17,2024-11-23T12:00:00Z
3468,Moore,Harper,2.80,2026-06-18,2025-12-24T12:00:00Z
3469,Jackson,Theodore,2.90,2026-06-19,2020-01-25T12:00:00Z
3470,Martin,Evelyn,3.00,2026-06-20,2021-02-26T12:00:00Z
3471,Lee,Jack,3.10,2026-06-21,2022-03-27T12:00:00Z
3472,Perez,Abigail,3.20,2026-06-22,2023-04-28T12:00:00Z
3473,Thompson,Levi,3.30,2026-06-23,2024-05-01T12:00:00Z
3474,White,Emily,3.40,2026-06-24,2025-06-02T12:00:00Z
3475,Harris,Alexander,3.50,2026-06-25,2020-07-03T12:00:00Z
3476,Sanchez,Ella,3.60,2026-06-26,2021-08-04T12:00:00Z
3477,Clark,Jackson,3.70,2026-06-27,2022-09-05T12:00:00Z
3478,Ramirez,Avery,3.80,2026-06-28,2023-10-06T12:00:00Z
3479,Lewis,Mateo,3.90,2026-06-29,2024-11-07T12:00:00Z
3480,Robinson,Sofia,4.00,2026-06-30,2025-12-08T12:00:00Z
3481,Walker,Daniel,2.10,2026-06-01,2020-01-09T12:00:00Z
3482,Young,Camila,2.20,2026-06-02,2021-02-10T12:00:00Z
3483,Allen,Michael,2.30,2026-06-03,2022-03-11T12:00:00Z
3484,King,Aria,2.40,2026-06-04,2023-04-12T12:00:00Z
3485,Wright,Mason,2.50,2026-06-05,2024-05-13T12:00:00Z
3486,Scott,Scarlett,2.60,2026-06-06,2025-06-14T12:00:00Z
3487,Torres,Sebastian,2.70,2026-06-07,2020-07-15T12:00:00Z
3488,Nguyen,Victoria,2.80,2026-06-08,2021-08-16T12:00:00Z
3489,Hill,Ethan,2.90,2026-06-09,2022-09-17T12:00:00Z
3490,Flores,Madison,3.00,2026-06-10,2023-10-18T12:00:00Z
3491,Green,Logan,3.10,2026-06-11,2024-11-19T12:00:00Z
3492,Adams,Luna,3.20,2026-06-12,2025-12-20T12:00:00Z
3493,Nelson,Owen,3.30,2026-06-13,2020-01-21T12:00:00Z
3494,Baker,Grace,3.40,2026-06-14,2021-02-22T12:00:00Z
3495,Hall,Samuel,3.50,2026-06-15,2022-03-23T12:00:00Z
3496,Rivera,Chloe,3.60,2026-06-16,2023-04-24T12:00:00Z
3497,Campbell,Jacob,3.70,2026-06-17,2024-05-25T12:00:00Z
3498,Mitchell,Penelope,3.80,2026-06-18,2025-06-26T12:00:00Z
3499,Carter,Asher,3.90,2026-06-19,2020-07-27T12:00:00Z
3500,Roberts,Layla,4.00,2026-06-20,2021-08-28T12:00:00Z
3501,Smith,Noah,2.10,2026-06-21,2022-09-01T12:00:00Z
3502,Johnson,Olivia,2.20,2026-06-22,2023-10-02T12:00:00Z
3503,Williams,Liam,2.30,2026-06-23,2024-11-03T12:00:00Z
3504,Brown,Emma,2.40,2026-06-24,2025-12-04T12:00:00Z
3505,Jones,Oliver,2.50,2026-06-25,2020-01-05T12:00:00Z
3506,Garcia,Ava,2.60,2026-06-26,2021-02-06T12:00:00Z
3507,Miller,Elijah,2.70,2026-06-27,2022-03-07T12:00:00Z
3508,Davis,Sophia,2.80,2026-06-28,2023-04-08T12:00:00Z
3509,Rodriguez,James,2.90,2026-06-29,2024-05-09T12:00:00Z
3510,Martinez,Isabella,3.00,2026-06-30,2025-06-10T12:00:00Z
3511,Hernandez,William,3.10,2026-06-01,2020-07-11T12:00:00Z
3512,Lopez,Mia,3.20,2026-06-02,2021-08-12T12:00:00Z
3513,Gonzalez,Benjamin,3.30,2026-06-03,2022-09-13T12:00:00Z
3514,Wilson,Charlotte,3.40,2026-06-04,2023-10-14T12:00:00Z
3515,Anderson,Lucas,3.50,2026-06-05,2024-11-15T12:00:00Z
3516,Thomas,Amelia,3.60,2026-06-06,2025-12-16T12:00:00Z
3517,Taylor,Henry,3.70,2026-06-07,2020-01-17T12:00:00Z
3518,Moore,Harper,3.80,2026-06-08,2021-02-18T12:00:00Z
3519,Jackson,Theodore,3.90,2026-06-09,2022-03-19T12:00:00Z
3520,Martin,Evelyn,4.00,2026-06-10,2023-04-20T12:00:00Z
3521,Lee,Jack,2.10,2026-06-11,2024-05-21T12:00:00Z
3522,Perez,Abigail,2.20,2026-06-12,2025-06-22T12:00:00Z
3523,Thompson,Levi,2.30,2026-06-13,2020-07-23T12:00:00Z
3524,White,Emily,2.40,2026-06-14,2021-08-24T12:00:00Z
3525,Harris,Alexander,2.50,2026-06-15,2022-09-25T12:00:00Z
3526,Sanchez,Ella,2.60,2026-06-16,2023-10-26T12:00:00Z
3527,Clark,Jackson,2.70,2026-06-17,2024-11-27T12:00:00Z
3528,Ramirez,Avery,2.80,2026-06-18,2025-12-28T12:00:00Z
3529,Lewis,Mateo,2.90,2026-06-19,2020-01-01T12:00:00Z
3530,Robinson,Sofia,3.00,2026-06-20,2021-02-02T12:00:00Z
3531,Walker,Daniel,3.10,2026-06-21,2022-03-03T12:00:00Z
3532,Young,Camila,3.20,2026-06-22,2023-04-04T12:00:00Z
3533,Allen,Michael,3.30,2026-06-23,2024-05-05T12:00:00Z
3534,King,Aria,3.40,2026-06-24,2025-06-06T12:00:00Z
3535,Wright,Mason,3.50,2026-06-25,2020-07-07T12:00:00Z
3536,Scott,Scarlett,3.60,2026-06-26,2021-08-08T12:00:00Z
3537,Torres,Sebastian,3.70,2026-06-27,2022-09-09T12:00:00Z
3538,Nguyen,Victoria,3.80,2026-06-28,2023-10-10T12:00:00Z
3539,Hill,Ethan,3.90,2026-06-29,2024-11-11T12:00:00Z
3540,Flores,Madison,4.00,2026-06-30,2025-12-12T12:00:00Z
3541,Green,Logan,2.10,2026-06-01,2020-01-13T12:00:00Z
3542,Adams,Luna,2.20,2026-06-02,2021-02-14T12:00:00Z
3543,Nelson,Owen,2.30,2026-06-03,2022-03-15T12:00:00Z
3544,Baker,Grace,2.40,2026-06-04,2023-04-16T12:00:00Z
3545,Hall,Samuel,2.50,2026-06-05,2024-05-17T12:00:00Z
3546,Rivera,Chloe,2.60,2026-06-06,2025-06-18T12:00:00Z
3547,Campbell,Jacob,2.70,2026-06-07,2020-07-19T12:00:00Z
3548,Mitchell,Penelope,2.80,2026-06-08,2021-08-20T12:00:00Z
3549,Carter,Asher,2.90,2026-06-09,2022-09-21T12:00:00Z
3550,Roberts,Layla,3.00,2026-06-10,2023-10-22T12:00:00Z
3551,Smith,Noah,3.10,2026-06-11,2024-11-23T12:00:00Z
3552,Johnson,Olivia,3.20,2026-06-12,2025-12-24T12:00:00Z
3553,Williams,Liam,3.30,2026-06-13,2020-01-25T12:00:00Z
3554,Brown,Emma,3.40,2026-06-14,2021-02-26T12:00:00Z
3555,Jones,Oliver,3.50,2026-06-15,2022-03-27T12:00:00Z
3556,Garcia,Ava,3.60,2026-06-16,2023-04-28T12:00:00Z
3557,Miller,Elijah,3.70,2026-06-17,2024-05-01T12:00:00Z
3558,Davis,Sophia,3.80,2026-06-18,2025-06-02T12:00:00Z
3559,Rodriguez,James,3.90,2026-06-19,2020-07-03T12:00:00Z
3560,Martinez,Isabella,4.00,2026-06-20,2021-08-04T12:00:00Z
3561,Hernandez,William,2.10,2026-06-21,2022-09-05T12:00:00Z
3562,Lopez,Mia,2.20,2026-06-22,2023-10-06T12:00:00Z
3563,Gonzalez,Benjamin,2.30,2026-06-23,2024-11-07T12:00:00Z
3564,Wilson,Charlotte,2.40,2026-06-24,2025-12-08T12:00:00Z
3565,Anderson,Lucas,2.50,2026-06-25,2020-01-09T12:00:00Z
3566,Thomas,Amelia,2.60,2026-06-26,2021-02-10T12:00:00Z
3567,Taylor,Henry,2.70,2026-06-27,2022-03-11T12:00:00Z
3568,Moore,Harper,2.80,2026-06-28,2023-04-12T12:00:00Z
3569,Jackson,Theodore,2.90,2026-06-29,2024-05-13T12:00:00Z
3570,Martin,Evelyn,3.00,2026-06-30,2025-06-14T12:00:00Z
3571,Lee,Jack,3.10,2026-06-01,2020-07-15T12:00:00Z
3572,Perez,Abigail,3.20,2026-06-02,2021-08-16T12:00:00Z
3573,Thompson,Levi,3.30,2026-06-03,2022-09-17T12:00:00Z
3574,White,Emily,3.40,2026-06-04,2023-10-18T12:00:00Z
3575,Harris,Alexander,3.50,2026-06-05,2024-11-19T12:00:00Z
3576,Sanchez,Ella,3.60,2026-06-06,2025-12-20T12:00:00Z
3577,Clark,Jackson,3.70,2026-06-07,2020-01-21T12:00:00Z
3578,Ramirez,Avery,3.80,2026-06-08,2021-02-22T12:00:00Z
3579,Lewis,Mateo,3.90,2026-06-09,2022-03-23T12:00:00Z
3580,Robinson,Sofia,4.00,2026-06-10,2023-04-24T12:00:00Z
3581,Walker,Daniel,2.10,2026-06-11,2024-05-25T12:00:00Z
3582,Young,Camila,2.20,2026-06-12,2025-06-26T12:00:00Z
3583,Allen,Michael,2.30,2026-06-13,2020-07-27T12:00:00Z
3584,King,Aria,2.40,2026-06-14,2021-08-28T12:00:00Z
3585,Wright,Mason,2.50,2026-06-15,2022-09-01T12:00:00Z
3586,Scott,Scarlett,2.60,2026-06-16,2023-10-02T12:00:00Z
3587,Torres,Sebastian,2.70,2026-06-17,2024-11-03T12:00:00Z
3588,Nguyen,Victoria,2.80,2026-06-18,2025-12-04T12:00:00Z
3589,Hill,Ethan,2.90,2026-06-19,2020-01-05T12:00:00Z
3590,Flores,Madison,3.00,2026-06-20,2021-02-06T12:00:00Z
3591,Green,Logan,3.10,2026-06-21,2022-03-07T12:00:00Z
3592,Adams,Luna,3.20,2026-06-22,2023-04-08T12:00:00Z
3593,Nelson,Owen,3.30,2026-06-23,2024-05-09T12:00:00Z
3594,Baker,Grace,3.40,2026-06-24,2025-06-10T12:00:00Z
3595,Hall,Samuel,3.50,2026-06-25,2020-07-11T12:00:00Z
3596,Rivera,Chloe,3.60,2026-06-26,2021-08-12T12:00:00Z
3597,Campbell,Jacob,3.70,2026-06-27,2022-09-13T12:00:00Z
3598,Mitchell,Penelope,3.80,2026-06-28,2023-10-14T12:00:00Z
3599,Carter,Asher,3.90,2026-06-29,2024-11-15T12:00:00Z
3600,Roberts,Layla,4.00,2026-06-30,2025-12-16T12:00:00Z
3601,Smith,Noah,2.10,2026-06-01,2020-01-17T12:00:00Z
3602,Johnson,Olivia,2.20,2026-06-02,2021-02-18T12:00:00Z
3603,Williams,Liam,2.30,2026-06-03,2022-03-19T12:00:00Z
3604,Brown,Emma,2.40,2026-06-04,2023-04-20T12:00:00Z
3605,Jones,Oliver,2.50,2026-06-05,2024-05-21T12:00:00Z
3606,Garcia,Ava,2.60,2026-06-06,2025-06-22T12:00:00Z
3607,Miller,Elijah,2.70,2026-06-07,2020-07-23T12:00:00Z
3608,Davis,Sophia,2.80,2026-06-08,2021-08-24T12:00:00Z
3609,Rodriguez,James,2.90,2026-06-09,2022-09-25T12:00:00Z
3610,Martinez,Isabella,3.00,2026-06-10,2023-10-26T12:00:00Z
3611,Hernandez,William,3.10,2026-06-11,2024-11-27T12:00:00Z
3612,Lopez,Mia,3.20,2026-06-12,2025-12-28T12:00:00Z
3613,Gonzalez,Benjamin,3.30,2026-06-13,2020-01-01T12:00:00Z
3614,Wilson,Charlotte,3.40,2026-06-14,2021-02-02T12:00:00Z
3615,Anderson,Lucas,3.50,2026-06-15,2022-03-03T12:00:00Z
3616,Thomas,Amelia,3.60,2026-06-16,2023-04-04T12:00:00Z
3617,Taylor,Henry,3.70,2026-06-17,2024-05-05T12:00:00Z
3618,Moore,Harper,3.80,2026-06-18,2025-06-06T12:00:00Z
3619,Jackson,Theodore,3.90,2026-06-19,2020-07-07T12:00:00Z
3620,Martin,Evelyn,4.00,2026-06-20,2021-08-08T12:00:00Z
3621,Lee,Jack,2.10,2026-06-21,2022-09-09T12:00:00Z
3622,Perez,Abigail,2.20,2026-06-22,2023-10-10T12:00:00Z
3623,Thompson,Levi,2.30,2026-06-23,2024-11-11T12:00:00Z
3624,White,Emily,2.40,2026-06-24,2025-12-12T12:00:00Z
3625,Harris,Alexander,2.50,2026-06-25,2020-01-13T12:00:00Z
3626,Sanchez,Ella,2.60,2026-06-26,2021-02-14T12:00:00Z
3627,Clark,Jackson,2.70,2026-06-27,2022-03-15T12:00:00Z
3628,Ramirez,Avery,2.80,2026-06-28,2023-04-16T12:00:00Z
3629,Lewis,Mateo,2.90,2026-06-29,2024-05-17T12:00:00Z
3630,Robinson,Sofia,3.00,2026-06-30,2025-06-18T12:00:00Z
3631,Walker,Daniel,3.10,2026-06-01,2020-07-19T12:00:00Z
3632,Young,Camila,3.20,2026-06-02,2021-08-20T12:00:00Z
3633,Allen,Michael,3.30,2026-06-03,2022-09-21T12:00:00Z
3634,King,Aria,3.40,2026-06-04,2023-10-22T12:00:00Z
3635,Wright,Mason,3.50,2026-06-05,2024-11-23T12:00:00Z
3636,Scott,Scarlett,3.60,2026-06-06,2025-12-24T12:00:00Z
3637,Torres,Sebastian,3.70,2026-06-07,2020-01-25T12:00:00Z
3638,Nguyen,Victoria,3.80,2026-06-08,2021-02-26T12:00:00Z
3639,Hill,Ethan,3.90,2026-06-09,2022-03-27T12:00:00Z
3640,Flores,Madison,4.00,2026-06-10,2023-04-28T12:00:00Z
3641,Green,Logan,2.10,2026-06-11,2024-05-01T12:00:00Z
3642,Adams,Luna,2.20,2026-06-12,2025-06-02T12:00:00Z
3643,Nelson,Owen,2.30,2026-06-13,2020-07-03T12:00:00Z
3644,Baker,Grace,2.40,2026-06-14,2021-08-04T12:00:00Z
3645,Hall,Samuel,2.50,2026-06-15,2022-09-05T12:00:00Z
3646,Rivera,Chloe,2.60,2026-06-16,2023-10-06T12:00:00Z
3647,Campbell,Jacob,2.70,2026-06-17,2024-11-07T12:00:00Z
3648,Mitchell,Penelope,2.80,2026-06-18,2025-12-08T12:00:00Z
3649,Carter,Asher,2.90,2026-06-19,2020-01-09T12:00:00Z
3650,Roberts,Layla,3.00,2026-06-20,2021-02-10T12:00:00Z
3651,Smith,Noah,3.10,2026-06-21,2022-03-11T12:00:00Z
3652,Johnson,Olivia,3.20,2026-06-22,2023-04-12T12:00:00Z
3653,Williams,Liam,3.30,2026-06-23,2024-05-13T12:00:00Z
3654,Brown,Emma,3.40,2026-06-24,2025-06-14T12:00:00Z
3655,Jones,Oliver,3.50,2026-06-25,2020-07-15T12:00:00Z
3656,Garcia,Ava,3.60,2026-06-26,2021-08-16T12:00:00Z
3657,Miller,Elijah,3.70,2026-06-27,2022-09-17T12:00:00Z
3658,Davis,Sophia,3.80,2026-06-28,2023-10-18T12:00:00Z
3659,Rodriguez,James,3.90,2026-06-29,2024-11-19T12:00:00Z
3660,Martinez,Isabella,4.00,2026-06-30,2025-12-20T12:00:00Z
3661,Hernandez,William,2.10,2026-06-01,2020-01-21T12:00:00Z
3662,Lopez,Mia,2.20,2026-06-02,2021-02-22T12:00:00Z
3663,Gonzalez,Benjamin,2.30,2026-06-03,2022-03-23T12:00:00Z
3664,Wilson,Charlotte,2.40,2026-06-04,2023-04-24T12:00:00Z
3665,Anderson,Lucas,2.50,2026-06-05,2024-05-25T12:00:00Z
3666,Thomas,Amelia,2.60,2026-06-06,2025-06-26T12:00:00Z
3667,Taylor,Henry,2.70,2026-06-07,2020-07-27T12:00:00Z
3668,Moore,Harper,2.80,2026-06-08,2021-08-28T12:00:00Z
3669,Jackson,Theodore,2.90,2026-06-09,2022-09-01T12:00:00Z
3670,Martin,Evelyn,3.00,2026-06-10,2023-10-02T12:00:00Z
3671,Lee,Jack,3.10,2026-06-11,2024-11-03T12:00:00Z
3672,Perez,Abigail,3.20,2026-06-12,2025-12-04T12:00:00Z
3673,Thompson,Levi,3.30,2026-06-13,2020-01-05T12:00:00Z
3674,White,Emily,3.40,2026-06-14,2021-02-06T12:00:00Z
3675,Harris,Alexander,3.50,2026-06-15,2022-03-07T12:00:00Z
3676,Sanchez,Ella,3.60,2026-06-16,2023-04-08T12:00:00Z
3677,Clark,Jackson,3.70,2026-06-17,2024-05-09T12:00:00Z
3678,Ramirez,Avery,3.80,2026-06-18,2025-06-10T12:00:00Z
3679,Lewis,Mateo,3.90,2026-06-19,2020-07-11T12:00:00Z
3680,Robinson,Sofia,4.00,2026-06-20,2021-08-12T12:00:00Z
3681,Walker,Daniel,2.10,2026-06-21,2022-09-13T12:00:00Z
3682,Young,Camila,2.20,2026-06-22,2023-10-14T12:00:00Z
3683,Allen,Michael,2.30,2026-06-23,2024-11-15T12:00:00Z
3684,King,Aria,2.40,2026-06-24,2025-12-16T12:00:00Z
3685,Wright,Mason,2.50,2026-06-25,2020-01-17T12:00:00Z
3686,Scott,Scarlett,2.60,2026-06-26,2021-02-18T12:00:00Z
3687,Torres,Sebastian,2.70,2026-06-27,2022-03-19T12:00:00Z
3688,Nguyen,Victoria,2.80,2026-06-28,2023-04-20T12:00:00Z
3689,Hill,Ethan,2.90,2026-06-29,2024-05-21T12:00:00Z
3690,Flores,Madison,3.00,2026-06-30,2025-06-22T12:00:00Z
3691,Green,Logan,3.10,2026-06-01,2020-07-23T12:00:00Z
3692,Adams,Luna,3.20,2026-06-02,2021-08-24T12:00:00Z
3693,Nelson,Owen,3.30,2026-06-03,2022-09-25T12:00:00Z
3694,Baker,Grace,3.40,2026-06-04,2023-10-26T12:00:00Z
3695,Hall,Samuel,3.50,2026-06-05,2024-11-27T12:00:00Z
3696,Rivera,Chloe,3.60,2026-06-06,2025-12-28T12:00:00Z
3697,Campbell,Jacob,3.70,2026-06-07,2020-01-01T12:00:00Z
3698,Mitchell,Penelope,3.80,2026-06-08,2021-02-02T12:00:00Z
3699,Carter,Asher,3.90,2026-06-09,2022-03-03T12:00:00Z
3700,Roberts,Layla,4.00,2026-06-10,2023-04-04T12:00:00Z
3701,Smith,Noah,2.10,2026-06-11,2024-05-05T12:00:00Z
3702,Johnson,Olivia,2.20,2026-06-12,2025-06-06T12:00:00Z
3703,Williams,Liam,2.30,2026-06-13,2020-07-07T12:00:00Z
3704,Brown,Emma,2.40,2026-06-14,2021-08-08T12:00:00Z
3705,Jones,Oliver,2.50,2026-06-15,2022-09-09T12:00:00Z
3706,Garcia,Ava,2.60,2026-06-16,2023-10-10T12:00:00Z
3707,Miller,Elijah,2.70,2026-06-17,2024-11-11T12:00:00Z
3708,Davis,Sophia,2.80,2026-06-18,2025-12-12T12:00:00Z
3709,Rodriguez,James,2.90,2026-06-19,2020-01-13T12:00:00Z
3710,Martinez,Isabella,3.00,2026-06-20,2021-02-14T12:00:00Z
3711,Hernandez,William,3.10,2026-06-21,2022-03-15T12:00:00Z
3712,Lopez,Mia,3.20,2026-06-22,2023-04-16T12:00:00Z
3713,Gonzalez,Benjamin,3.30,2026-06-23,2024-05-17T12:00:00Z
3714,Wilson,Charlotte,3.40,2026-06-24,2025-06-18T12:00:00Z
3715,Anderson,Lucas,3.50,2026-06-25,2020-07-19T12:00:00Z
3716,Thomas,Amelia,3.60,2026-06-26,2021-08-20T12:00:00Z
3717,Taylor,Henry,3.70,2026-06-27,2022-09-21T12:00:00Z
3718,Moore,Harper,3.80,2026-06-28,2023-10-22T12:00:00Z
3719,Jackson,Theodore,3.90,2026-06-29,2024-11-23T12:00:00Z
3720,Martin,Evelyn,4.00,2026-06-30,2025-12-24T12:00:00Z
3721,Lee,Jack,2.10,2026-06-01,2020-01-25T12:00:00Z
3722,Perez,Abigail,2.20,2026-06-02,2021-02-26T12:00:00Z
3723,Thompson,Levi,2.30,2026-06-03,2022-03-27T12:00:00Z
3724,White,Emily,2.40,2026-06-04,2023-04-28T12:00:00Z
3725,Harris,Alexander,2.50,2026-06-05,2024-05-01T12:00:00Z
3726,Sanchez,Ella,2.60,2026-06-06,2025-06-02T12:00:00Z
3727,Clark,Jackson,2.70,2026-06-07,2020-07-03T12:00:00Z
3728,Ramirez,Avery,2.80,2026-06-08,2021-08-04T12:00:00Z
3729,Lewis,Mateo,2.90,2026-06-09,2022-09-05T12:00:00Z
3730,Robinson,Sofia,3.00,2026-06-10,2023-10-06T12:00:00Z
3731,Walker,Daniel,3.10,2026-06-11,2024-11-07T12:00:00Z
3732,Young,Camila,3.20,2026-06-12,2025-12-08T12:00:00Z
3733,Allen,Michael,3.30,2026-06-13,2020-01-09T12:00:00Z
3734,King,Aria,3.40,2026-06-14,2021-02-10T12:00:00Z
3735,Wright,Mason,3.50,2026-06-15,2022-03-11T12:00:00Z
3736,Scott,Scarlett,3.60,2026-06-16,2023-04-12T12:00:00Z
3737,Torres,Sebastian,3.70,2026-06-17,2024-05-13T12:00:00Z
3738,Nguyen,Victoria,3.80,2026-06-18,2025-06-14T12:00:00Z
3739,Hill,Ethan,3.90,2026-06-19,2020-07-15T12:00:00Z
3740,Flores,Madison,4.00,2026-06-20,2021-08-16T12:00:00Z
3741,Green,Logan,2.10,2026-06-21,2022-09-17T12:00:00Z
3742,Adams,Luna,2.20,2026-06-22,2023-10-18T12:00:00Z
3743,Nelson,Owen,2.30,2026-06-23,2024-11-19T12:00:00Z
3744,Baker,Grace,2.40,2026-06-24,2025-12-20T12:00:00Z
3745,Hall,Samuel,2.50,2026-06-25,2020-01-21T12:00:00Z
3746,Rivera,Chloe,2.60,2026-06-26,2021-02-22T12:00:00Z
3747,Campbell,Jacob,2.70,2026-06-27,2022-03-23T12:00:00Z
3748,Mitchell,Penelope,2.80,2026-06-28,2023-04-24T12:00:00Z
3749,Carter,Asher,2.90,2026-06-29,2024-05-25T12:00:00Z
3750,Roberts,Layla,3.00,2026-06-30,2025-06-26T12:00:00Z
3751,Smith,Noah,3.10,2026-06-01,2020-07-27T12:00:00Z
3752,Johnson,Olivia,3.20,2026-06-02,2021-08-28T12:00:00Z
3753,Williams,Liam,3.30,2026-06-03,2022-09-01T12:00:00Z
3754,Brown,Emma,3.40,2026-06-04,2023-10-02T12:00:00Z
3755,Jones,Oliver,3.50,2026-06-05,2024-11-03T12:00:00Z
3756,Garcia,Ava,3.60,2026-06-06,2025-12-04T12:00:00Z
3757,Miller,Elijah,3.70,2026-06-07,2020-01-05T12:00:00Z
3758,Davis,Sophia,3.80,2026-06-08,2021-02-06T12:00:00Z
3759,Rodriguez,James,3.90,2026-06-09,2022-03-07T12:00:00Z
3760,Martinez,Isabella,4.00,2026-06-10,2023-04-08T12:00:00Z
3761,Hernandez,William,2.10,2026-06-11,2024-05-09T12:00:00Z
3762,Lopez,Mia,2.20,2026-06-12,2025-06-10T12:00:00Z
3763,Gonzalez,Benjamin,2.30,2026-06-13,2020-07-11T12:00:00Z
3764,Wilson,Charlotte,2.40,2026-06-14,2021-08-12T12:00:00Z
3765,Anderson,Lucas,2.50,2026-06-15,2022-09-13T12:00:00Z
3766,Thomas,Amelia,2.60,2026-06-16,2023-10-14T12:00:00Z
3767,Taylor,Henry,2.70,2026-06-17,2024-11-15T12:00:00Z
3768,Moore,Harper,2.80,2026-06-18,2025-12-16T12:00:00Z
3769,Jackson,Theodore,2.90,2026-06-19,2020-01-17T12:00:00Z
3770,Martin,Evelyn,3.00,2026-06-20,2021-02-18T12:00:00Z
3771,Lee,Jack,3.10,2026-06-21,2022-03-19T12:00:00Z
3772,Perez,Abigail,3.20,2026-06-22,2023-04-20T12:00:00Z
3773,Thompson,Levi,3.30,2026-06-23,2024-05-21T12:00:00Z
3774,White,Emily,3.40,2026-06-24,2025-06-22T12:00:00Z
3775,Harris,Alexander,3.50,2026-06-25,2020-07-23T12:00:00Z
3776,Sanchez,Ella,3.60,2026-06-26,2021-08-24T12:00:00Z
3777,Clark,Jackson,3.70,2026-06-27,2022-09-25T12:00:00Z
3778,Ramirez,Avery,3.80,2026-06-28,2023-10-26T12:00:00Z
3779,Lewis,Mateo,3.90,2026-06-29,2024-11-27T12:00:00Z
3780,Robinson,Sofia,4.00,2026-06-30,2025-12-28T12:00:00Z
3781,Walker,Daniel,2.10,2026-06-01,2020-01-01T12:00:00Z
3782,Young,Camila,2.20,2026-06-02,2021-02-02T12:00:00Z
3783,Allen,Michael,2.30,2026-06-03,2022-03-03T12:00:00Z
3784,King,Aria,2.40,2026-06-04,2023-04-04T12:00:00Z
3785,Wright,Mason,2.50,2026-06-05,2024-05-05T12:00:00Z
3786,Scott,Scarlett,2.60,2026-06-06,2025-06-06T12:00:00Z
3787,Torres,Sebastian,2.70,2026-06-07,2020-07-07T12:00:00Z
3788,Nguyen,Victoria,2.80,2026-06-08,2021-08-08T12:00:00Z
3789,Hill,Ethan,2.90,2026-06-09,2022-09-09T12:00:00Z
3790,Flores,Madison,3.00,2026-06-10,2023-10-10T12:00:00Z
3791,Green,Logan,3.10,2026-06-11,2024-11-11T12:00:00Z
3792,Adams,Luna,3.20,2026-06-12,2025-12-12T12:00:00Z
3793,Nelson,Owen,3.30,2026-06-13,2020-01-13T12:00:00Z
3794,Baker,Grace,3.40,2026-06-14,2021-02-14T12:00:00Z
3795,Hall,Samuel,3.50,2026-06-15,2022-03-15T12:00:00Z
3796,Rivera,Chloe,3.60,2026-06-16,2023-04-16T12:00:00Z
3797,Campbell,Jacob,3.70,2026-06-17,2024-05-17T12:00:00Z
3798,Mitchell,Penelope,3.80,2026-06-18,2025-06-18T12:00:00Z
3799,Carter,Asher,3.90,2026-06-19,2020-07-19T12:00:00Z
3800,Roberts,Layla,4.00,2026-06-20,2021-08-20T12:00:00Z
3801,Smith,Noah,2.10,2026-06-21,2022-09-21T12:00:00Z
3802,Johnson,Olivia,2.20,2026-06-22,2023-10-22T12:00:00Z
3803,Williams,Liam,2.30,2026-06-23,2024-11-23T12:00:00Z
3804,Brown,Emma,2.40,2026-06-24,2025-12-24T12:00:00Z
3805,Jones,Oliver,2.50,2026-06-25,2020-01-25T12:00:00Z
3806,Garcia,Ava,2.60,2026-06-26,2021-02-26T12:00:00Z
3807,Miller,Elijah,2.70,2026-06-27,2022-03-27T12:00:00Z
3808,Davis,Sophia,2.80,2026-06-28,2023-04-28T12:00:00Z
3809,Rodriguez,James,2.90,2026-06-29,2024-05-01T12:00:00Z
3810,Martinez,Isabella,3.00,2026-06-30,2025-06-02T12:00:00Z
3811,Hernandez,William,3.10,2026-06-01,2020-07-03T12:00:00Z
3812,Lopez,Mia,3.20,2026-06-02,2021-08-04T12:00:00Z
3813,Gonzalez,Benjamin,3.30,2026-06-03,2022-09-05T12:00:00Z
3814,Wilson,Charlotte,3.40,2026-06-04,2023-10-06T12:00:00Z
3815,Anderson,Lucas,3.50,2026-06-05,2024-11-07T12:00:00Z
3816,Thomas,Amelia,3.60,2026-06-06,2025-12-08T12:00:00Z
3817,Taylor,Henry,3.70,2026-06-07,2020-01-09T12:00:00Z
3818,Moore,Harper,3.80,2026-06-08,2021-02-10T12:00:00Z
3819,Jackson,Theodore,3.90,2026-06-09,2022-03-11T12:00:00Z
3820,Martin,Evelyn,4.00,2026-06-10,2023-04-12T12:00:00Z
3821,Lee,Jack,2.10,2026-06-11,2024-05-13T12:00:00Z
3822,Perez,Abigail,2.20,2026-06-12,2025-06-14T12:00:00Z
3823,Thompson,Levi,2.30,2026-06-13,2020-07-15T12:00:00Z
3824,White,Emily,2.40,2026-06-14,2021-08-16T12:00:00Z
3825,Harris,Alexander,2.50,2026-06-15,2022-09-17T12:00:00Z
3826,Sanchez,Ella,2.60,2026-06-16,2023-10-18T12:00:00Z
3827,Clark,Jackson,2.70,2026-06-17,2024-11-19T12:00:00Z
3828,Ramirez,Avery,2.80,2026-06-18,2025-12-20T12:00:00Z
3829,Lewis,Mateo,2.90,2026-06-19,2020-01-21T12:00:00Z
3830,Robinson,Sofia,3.00,2026-06-20,2021-02-22T12:00:00Z
3831,Walker,Daniel,3.10,2026-06-21,2022-03-23T12:00:00Z
3832,Young,Camila,3.20,2026-06-22,2023-04-24T12:00:00Z
3833,Allen,Michael,3.30,2026-06-23,2024-05-25T12:00:00Z
3834,King,Aria,3.40,2026-06-24,2025-06-26T12:00:00Z
3835,Wright,Mason,3.50,2026-06-25,2020-07-27T12:00:00Z
3836,Scott,Scarlett,3.60,2026-06-26,2021-08-28T12:00:00Z
3837,Torres,Sebastian,3.70,2026-06-27,2022-09-01T12:00:00Z
3838,Nguyen,Victoria,3.80,2026-06-28,2023-10-02T12:00:00Z
3839,Hill,Ethan,3.90,2026-06-29,2024-11-03T12:00:00Z
3840,Flores,Madison,4.00,2026-06-30,2025-12-04T12:00:00Z
3841,Green,Logan,2.10,2026-06-01,2020-01-05T12:00:00Z
3842,Adams,Luna,2.20,2026-06-02,2021-02-06T12:00:00Z
3843,Nelson,Owen,2.30,2026-06-03,2022-03-07T12:00:00Z
3844,Baker,Grace,2.40,2026-06-04,2023-04-08T12:00:00Z
3845,Hall,Samuel,2.50,2026-06-05,2024-05-09T12:00:00Z
3846,Rivera,Chloe,2.60,2026-06-06,2025-06-10T12:00:00Z
3847,Campbell,Jacob,2.70,2026-06-07,2020-07-11T12:00:00Z
3848,Mitchell,Penelope,2.80,2026-06-08,2021-08-12T12:00:00Z
3849,Carter,Asher,2.90,2026-06-09,2022-09-13T12:00:00Z
3850,Roberts,Layla,3.00,2026-06-10,2023-10-14T12:00:00Z
3851,Smith,Noah,3.10,2026-06-11,2024-11-15T12:00:00Z
3852,Johnson,Olivia,3.20,2026-06-12,2025-12-16T12:00:00Z
3853,Williams,Liam,3.30,2026-06-13,2020-01-17T12:00:00Z
3854,Brown,Emma,3.40,2026-06-14,2021-02-18T12:00:00Z
3855,Jones,Oliver,3.50,2026-06-15,2022-03-19T12:00:00Z
3856,Garcia,Ava,3.60,2026-06-16,2023-04-20T12:00:00Z
3857,Miller,Elijah,3.70,2026-06-17,2024-05-21T12:00:00Z
3858,Davis,Sophia,3.80,2026-06-18,2025-06-22T12:00:00Z
3859,Rodriguez,James,3.90,2026-06-19,2020-07-23T12:00:00Z
3860,Martinez,Isabella,4.00,2026-06-20,2021-08-24T12:00:00Z
3861,Hernandez,William,2.10,2026-06-21,2022-09-25T12:00:00Z
3862,Lopez,Mia,2.20,2026-06-22,2023-10-26T12:00:00Z
3863,Gonzalez,Benjamin,2.30,2026-06-23,2024-11-27T12:00:00Z
3864,Wilson,Charlotte,2.40,2026-06-24,2025-12-28T12:00:00Z
3865,Anderson,Lucas,2.50,2026-06-25,2020-01-01T12:00:00Z
3866,Thomas,Amelia,2.60,2026-06-26,2021-02-02T12:00:00Z
3867,Taylor,Henry,2.70,2026-06-27,2022-03-03T12:00:00Z
3868,Moore,Harper,2.80,2026-06-28,2023-04-04T12:00:00Z
3869,Jackson,Theodore,2.90,2026-06-29,2024-05-05T12:00:00Z
3870,Martin,Evelyn,3.00,2026-06-30,2025-06-06T12:00:00Z
3871,Lee,Jack,3.10,2026-06-01,2020-07-07T12:00:00Z
3872,Perez,Abigail,3.20,2026-06-02,2021-08-08T12:00:00Z
3873,Thompson,Levi,3.30,2026-06-03,2022-09-09T12:00:00Z
3874,White,Emily,3.40,2026-06-04,2023-10-10T12:00:00Z
3875,Harris,Alexander,3.50,2026-06-05,2024-11-11T12:00:00Z
3876,Sanchez,Ella,3.60,2026-06-06,2025-12-12T12:00:00Z
3877,Clark,Jackson,3.70,2026-06-07,2020-01-13T12:00:00Z
3878,Ramirez,Avery,3.80,2026-06-08,2021-02-14T12:00:00Z
3879,Lewis,Mateo,3.90,2026-06-09,2022-03-15T12:00:00Z
3880,Robinson,Sofia,4.00,2026-06-10,2023-04-16T12:00:00Z
3881,Walker,Daniel,2.10,2026-06-11,2024-05-17T12:00:00Z
3882,Young,Camila,2.20,2026-06-12,2025-06-18T12:00:00Z
3883,Allen,Michael,2.30,2026-06-13,2020-07-19T12:00:00Z
3884,King,Aria,2.40,2026-06-14,2021-08-20T12:00:00Z
3885,Wright,Mason,2.50,2026-06-15,2022-09-21T12:00:00Z
3886,Scott,Scarlett,2.60,2026-06-16,2023-10-22T12:00:00Z
3887,Torres,Sebastian,2.70,2026-06-17,2024-11-23T12:00:00Z
3888,Nguyen,Victoria,2.80,2026-06-18,2025-12-24T12:00:00Z
3889,Hill,Ethan,2.90,2026-06-19,2020-01-25T12:00:00Z
3890,Flores,Madison,3.00,2026-06-20,2021-02-26T12:00:00Z
3891,Green,Logan,3.10,2026-06-21,2022-03-27T12:00:00Z
3892,Adams,Luna,3.20,2026-06-22,2023-04-28T12:00:00Z
3893,Nelson,Owen,3.30,2026-06-23,2024-05-01T12:00:00Z
3894,Baker,Grace,3.40,2026-06-24,2025-06-02T12:00:00Z
3895,Hall,Samuel,3.50,2026-06-25,2020-07-03T12:00:00Z
3896,Rivera,Chloe,3.60,2026-06-26,2021-08-04T12:00:00Z
3897,Campbell,Jacob,3.70,2026-06-27,2022-09-05T12:00:00Z
3898,Mitchell,Penelope,3.80,2026-06-28,2023-10-06T12:00:00Z
3899,Carter,Asher,3.90,2026-06-29,2024-11-07T12:00:00Z
3900,Roberts,Layla,4.00,2026-06-30,2025-12-08T12:00:00Z
3901,Smith,Noah,2.10,2026-06-01,2020-01-09T12:00:00Z
3902,Johnson,Olivia,2.20,2026-06-02,2021-02-10T12:00:00Z
3903,Williams,Liam,2.30,2026-06-03,2022-03-11T12:00:00Z
3904,Brown,Emma,2.40,2026-06-04,2023-04-12T12:00:00Z
3905,Jones,Oliver,2.50,2026-06-05,2024-05-13T12:00:00Z
3906,Garcia,Ava,2.60,2026-06-06,2025-06-14T12:00:00Z
3907,Miller,Elijah,2.70,2026-06-07,2020-07-15T12:00:00Z
3908,Davis,Sophia,2.80,2026-06-08,2021-08-16T12:00:00Z
3909,Rodriguez,James,2.90,2026-06-09,2022-09-17T12:00:00Z
3910,Martinez,Isabella,3.00,2026-06-10,2023-10-18T12:00:00Z
3911,Hernandez,William,3.10,2026-06-11,2024-11-19T12:00:00Z
3912,Lopez,Mia,3.20,2026-06-12,2025-12-20T12:00:00Z
3913,Gonzalez,Benjamin,3.30,2026-06-13,2020-01-21T12:00:00Z
3914,Wilson,Charlotte,3.40,2026-06-14,2021-02-22T12:00:00Z
3915,Anderson,Lucas,3.50,2026-06-15,2022-03-23T12:00:00Z
3916,Thomas,Amelia,3.60,2026-06-16,2023-04-24T12:00:00Z
3917,Taylor,Henry,3.70,2026-06-17,2024-05-25T12:00:00Z
3918,Moore,Harper,3.80,2026-06-18,2025-06-26T12:00:00Z
3919,Jackson,Theodore,3.90,2026-06-19,2020-07-27T12:00:00Z
3920,Martin,Evelyn,4.00,2026-06-20,2021-08-28T12:00:00Z
3921,Lee,Jack,2.10,2026-06-21,2022-09-01T12:00:00Z
3922,Perez,Abigail,2.20,2026-06-22,2023-10-02T12:00:00Z
3923,Thompson,Levi,2.30,2026-06-23,2024-11-03T12:00:00Z
3924,White,Emily,2.40,2026-06-24,2025-12-04T12:00:00Z
3925,Harris,Alexander,2.50,2026-06-25,2020-01-05T12:00:00Z
3926,Sanchez,Ella,2.60,2026-06-26,2021-02-06T12:00:00Z
3927,Clark,Jackson,2.70,2026-06-27,2022-03-07T12:00:00Z
3928,Ramirez,Avery,2.80,2026-06-28,2023-04-08T12:00:00Z
3929,Lewis,Mateo,2.90,2026-06-29,2024-05-09T12:00:00Z
3930,Robinson,Sofia,3.00,2026-06-30,2025-06-10T12:00:00Z
3931,Walker,Daniel,3.10,2026-06-01,2020-07-11T12:00:00Z
3932,Young,Camila,3.20,2026-06-02,2021-08-12T12:00:00Z
3933,Allen,Michael,3.30,2026-06-03,2022-09-13T12:00:00Z
3934,King,Aria,3.40,2026-06-04,2023-10-14T12:00:00Z
3935,Wright,Mason,3.50,2026-06-05,2024-11-15T12:00:00Z
3936,Scott,Scarlett,3.60,2026-06-06,2025-12-16T12:00:00Z
3937,Torres,Sebastian,3.70,2026-06-07,2020-01-17T12:00:00Z
3938,Nguyen,Victoria,3.80,2026-06-08,2021-02-18T12:00:00Z
3939,Hill,Ethan,3.90,2026-06-09,2022-03-19T12:00:00Z
3940,Flores,Madison,4.00,2026-06-10,2023-04-20T12:00:00Z
3941,Green,Logan,2.10,2026-06-11,2024-05-21T12:00:00Z
3942,Adams,Luna,2.20,2026-06-12,2025-06-22T12:00:00Z
3943,Nelson,Owen,2.30,2026-06-13,2020-07-23T12:00:00Z
3944,Baker,Grace,2.40,2026-06-14,2021-08-24T12:00:00Z
3945,Hall,Samuel,2.50,2026-06-15,2022-09-25T12:00:00Z
3946,Rivera,Chloe,2.60,2026-06-16,2023-10-26T12:00:00Z
3947,Campbell,Jacob,2.70,2026-06-17,2024-11-27T12:00:00Z
3948,Mitchell,Penelope,2.80,2026-06-18,2025-12-28T12:00:00Z
3949,Carter,Asher,2.90,2026-06-19,2020-01-01T12:00:00Z
3950,Roberts,Layla,3.00,2026-06-20,2021-02-02T12:00:00Z
3951,Smith,Noah,3.10,2026-06-21,2022-03-03T12:00:00Z
3952,Johnson,Olivia,3.20,2026-06-22,2023-04-04T12:00:00Z
3953,Williams,Liam,3.30,2026-06-23,2024-05-05T12:00:00Z
3954,Brown,Emma,3.40,2026-06-24,2025-06-06T12:00:00Z
3955,Jones,Oliver,3.50,2026-06-25,2020-07-07T12:00:00Z
3956,Garcia,Ava,3.60,2026-06-26,2021-08-08T12:00:00Z
3957,Miller,Elijah,3.70,2026-06-27,2022-09-09T12:00:00Z
3958,Davis,Sophia,3.80,2026-06-28,2023-10-10T12:00:00Z
3959,Rodriguez,James,3.90,2026-06-29,2024-11-11T12:00:00Z
3960,Martinez,Isabella,4.00,2026-06-30,2025-12-12T12:00:00Z
3961,Hernandez,William,2.10,2026-06-01,2020-01-13T12:00:00Z
3962,Lopez,Mia,2.20,2026-06-02,2021-02-14T12:00:00Z
3963,Gonzalez,Benjamin,2.30,2026-06-03,2022-03-15T12:00:00Z
3964,Wilson,Charlotte,2.40,2026-06-04,2023-04-16T12:00:00Z
3965,Anderson,Lucas,2.50,2026-06-05,2024-05-17T12:00:00Z
3966,Thomas,Amelia,2.60,2026-06-06,2025-06-18T12:00:00Z
3967,Taylor,Henry,2.70,2026-06-07,2020-07-19T12:00:00Z
3968,Moore,Harper,2.80,2026-06-08,2021-08-20T12:00:00Z
3969,Jackson,Theodore,2.90,2026-06-09,2022-09-21T12:00:00Z
3970,Martin,Evelyn,3.00,2026-06-10,2023-10-22T12:00:00Z
3971,Lee,Jack,3.10,2026-06-11,2024-11-23T12:00:00Z
3972,Perez,Abigail,3.20,2026-06-12,2025-12-24T12:00:00Z
3973,Thompson,Levi,3.30,2026-06-13,2020-01-25T12:00:00Z
3974,White,Emily,3.40,2026-06-14,2021-02-26T12:00:00Z
3975,Harris,Alexander,3.50,2026-06-15,2022-03-27T12:00:00Z
3976,Sanchez,Ella,3.60,2026-06-16,2023-04-28T12:00:00Z
3977,Clark,Jackson,3.70,2026-06-17,2024-05-01T12:00:00Z
3978,Ramirez,Avery,3.80,2026-06-18,2025-06-02T12:00:00Z
3979,Lewis,Mateo,3.90,2026-06-19,2020-07-03T12:00:00Z
3980,Robinson,Sofia,4.00,2026-06-20,2021-08-04T12:00:00Z
3981,Walker,Daniel,2.10,2026-06-21,2022-09-05T12:00:00Z
3982,Young,Camila,2.20,2026-06-22,2023-10-06T12:00:00Z
3983,Allen,Michael,2.30,2026-06-23,2024-11-07T12:00:00Z
3984,King,Aria,2.40,2026-06-24,2025-12-08T12:00:00Z
3985,Wright,Mason,2.50,2026-06-25,2020-01-09T12:00:00Z
3986,Scott,Scarlett,2.60,2026-06-26,2021-02-10T12:00:00Z
3987,Torres,Sebastian,2.70,2026-06-27,2022-03-11T12:00:00Z
3988,Nguyen,Victoria,2.80,2026-06-28,2023-04-12T12:00:00Z
3989,Hill,Ethan,2.90,2026-06-29,2024-05-13T12:00:00Z
3990,Flores,Madison,3.00,2026-06-30,2025-06-14T12:00:00Z
3991,Green,Logan,3.10,2026-06-01,2020-07-15T12:00:00Z
3992,Adams,Luna,3.20,2026-06-02,2021-08-16T12:00:00Z
3993,Nelson,Owen,3.30,2026-06-03,2022-09-17T12:00:00Z
3994,Baker,Grace,3.40,2026-06-04,2023-10-18T12:00:00Z
3995,Hall,Samuel,3.50,2026-06-05,2024-11-19T12:00:00Z
3996,Rivera,Chloe,3.60,2026-06-06,2025-12-20T12:00:00Z
3997,Campbell,Jacob,3.70,2026-06-07,2020-01-21T12:00:00Z
3998,Mitchell,Penelope,3.80,2026-06-08,2021-02-22T12:00:00Z
3999,Carter,Asher,3.90,2026-06-09,2022-03-23T12:00:00Z
4000,Roberts,Layla,4.00,2026-06-10,2023-04-24T12:00:00Z
4001,Smith,Noah,2.10,2026-06-11,2024-05-25T12:00:00Z
4002,Johnson,Olivia,2.20,2026-06-12,2025-06-26T12:00:00Z
4003,Williams,Liam,2.30,2026-06-13,2020-07-27T12:00:00Z
4004,Brown,Emma,2.40,2026-06-14,2021-08-28T12:00:00Z
4005,Jones,Oliver,2.50,2026-06-15,2022-09-01T12:00:00Z
4006,Garcia,Ava,2.60,2026-06-16,2023-10-02T12:00:00Z
4007,Miller,Elijah,2.70,2026-06-17,2024-11-03T12:00:00Z
4008,Davis,Sophia,2.80,2026-06-18,2025-12-04T12:00:00Z
4009,Rodriguez,James,2.90,2026-06-19,2020-01-05T12:00:00Z
4010,Martinez,Isabella,3.00,2026-06-20,2021-02-06T12:00:00Z
4011,Hernandez,William,3.10,2026-06-21,2022-03-07T12:00:00Z
4012,Lopez,Mia,3.20,2026-06-22,2023-04-08T12:00:00Z
4013,Gonzalez,Benjamin,3.30,2026-06-23,2024-05-09T12:00:00Z
4014,Wilson,Charlotte,3.40,2026-06-24,2025-06-10T12:00:00Z
4015,Anderson,Lucas,3.50,2026-06-25,2020-07-11T12:00:00Z
4016,Thomas,Amelia,3.60,2026-06-26,2021-08-12T12:00:00Z
4017,Taylor,Henry,3.70,2026-06-27,2022-09-13T12:00:00Z
4018,Moore,Harper,3.80,2026-06-28,2023-10-14T12:00:00Z
4019,Jackson,Theodore,3.90,2026-06-29,2024-11-15T12:00:00Z
4020,Martin,Evelyn,4.00,2026-06-30,2025-12-16T12:00:00Z
4021,Lee,Jack,2.10,2026-06-01,2020-01-17T12:00:00Z
4022,Perez,Abigail,2.20,2026-06-02,2021-02-18T12:00:00Z
4023,Thompson,Levi,2.30,2026-06-03,2022-03-19T12:00:00Z
4024,White,Emily,2.40,2026-06-04,2023-04-20T12:00:00Z
4025,Harris,Alexander,2.50,2026-06-05,2024-05-21T12:00:00Z
4026,Sanchez,Ella,2.60,2026-06-06,2025-06-22T12:00:00Z
4027,Clark,Jackson,2.70,2026-06-07,2020-07-23T12:00:00Z
4028,Ramirez,Avery,2.80,2026-06-08,2021-08-24T12:00:00Z
4029,Lewis,Mateo,2.90,2026-06-09,2022-09-25T12:00:00Z
4030,Robinson,Sofia,3.00,2026-06-10,2023-10-26T12:00:00Z
4031,Walker,Daniel,3.10,2026-06-11,2024-11-27T12:00:00Z
4032,Young,Camila,3.20,2026-06-12,2025-12-28T12:00:00Z
4033,Allen,Michael,3.30,2026-06-13,2020-01-01T12:00:00Z
4034,King,Aria,3.40,2026-06-14,2021-02-02T12:00:00Z
4035,Wright,Mason,3.50,2026-06-15,2022-03-03T12:00:00Z
4036,Scott,Scarlett,3.60,2026-06-16,2023-04-04T12:00:00Z
4037,Torres,Sebastian,3.70,2026-06-17,2024-05-05T12:00:00Z
4038,Nguyen,Victoria,3.80,2026-06-18,2025-06-06T12:00:00Z
4039,Hill,Ethan,3.90,2026-06-19,2020-07-07T12:00:00Z
4040,Flores,Madison,4.00,2026-06-20,2021-08-08T12:00:00Z
4041,Green,Logan,2.10,2026-06-21,2022-09-09T12:00:00Z
4042,Adams,Luna,2.20,2026-06-22,2023-10-10T12:00:00Z
4043,Nelson,Owen,2.30,2026-06-23,2024-11-11T12:00:00Z
4044,Baker,Grace,2.40,2026-06-24,2025-12-12T12:00:00Z
4045,Hall,Samuel,2.50,2026-06-25,2020-01-13T12:00:00Z
4046,Rivera,Chloe,2.60,2026-06-26,2021-02-14T12:00:00Z
4047,Campbell,Jacob,2.70,2026-06-27,2022-03-15T12:00:00Z
4048,Mitchell,Penelope,2.80,2026-06-28,2023-04-16T12:00:00Z
4049,Carter,Asher,2.90,2026-06-29,2024-05-17T12:00:00Z
4050,Roberts,Layla,3.00,2026-06-30,2025-06-18T12:00:00Z
4051,Smith,Noah,3.10,2026-06-01,2020-07-19T12:00:00Z
4052,Johnson,Olivia,3.20,2026-06-02,2021-08-20T12:00:00Z
4053,Williams,Liam,3.30,2026-06-03,2022-09-21T12:00:00Z
4054,Brown,Emma,3.40,2026-06-04,2023-10-22T12:00:00Z
4055,Jones,Oliver,3.50,2026-06-05,2024-11-23T12:00:00Z
4056,Garcia,Ava,3.60,2026-06-06,2025-12-24T12:00:00Z
4057,Miller,Elijah,3.70,2026-06-07,2020-01-25T12:00:00Z
4058,Davis,Sophia,3.80,2026-06-08,2021-02-26T12:00:00Z
4059,Rodriguez,James,3.90,2026-06-09,2022-03-27T12:00:00Z
4060,Martinez,Isabella,4.00,2026-06-10,2023-04-28T12:00:00Z
4061,Hernandez,William,2.10,2026-06-11,2024-05-01T12:00:00Z
4062,Lopez,Mia,2.20,2026-06-12,2025-06-02T12:00:00Z
4063,Gonzalez,Benjamin,2.30,2026-06-13,2020-07-03T12:00:00Z
4064,Wilson,Charlotte,2.40,2026-06-14,2021-08-04T12:00:00Z
4065,Anderson,Lucas,2.50,2026-06-15,2022-09-05T12:00:00Z
4066,Thomas,Amelia,2.60,2026-06-16,2023-10-06T12:00:00Z
4067,Taylor,Henry,2.70,2026-06-17,2024-11-07T12:00:00Z
4068,Moore,Harper,2.80,2026-06-18,2025-12-08T12:00:00Z
4069,Jackson,Theodore,2.90,2026-06-19,2020-01-09T12:00:00Z
4070,Martin,Evelyn,3.00,2026-06-20,2021-02-10T12:00:00Z
4071,Lee,Jack,3.10,2026-06-21,2022-03-11T12:00:00Z
4072,Perez,Abigail,3.20,2026-06-22,2023-04-12T12:00:00Z
4073,Thompson,Levi,3.30,2026-06-23,2024-05-13T12:00:00Z
4074,White,Emily,3.40,2026-06-24,2025-06-14T12:00:00Z
4075,Harris,Alexander,3.50,2026-06-25,2020-07-15T12:00:00Z
4076,Sanchez,Ella,3.60,2026-06-26,2021-08-16T12:00:00Z
4077,Clark,Jackson,3.70,2026-06-27,2022-09-17T12:00:00Z
4078,Ramirez,Avery,3.80,2026-06-28,2023-10-18T12:00:00Z
4079,Lewis,Mateo,3.90,2026-06-29,2024-11-19T12:00:00Z
4080,Robinson,Sofia,4.00,2026-06-30,2025-12-20T12:00:00Z
4081,Walker,Daniel,2.10,2026-06-01,2020-01-21T12:00:00Z
4082,Young,Camila,2.20,2026-06-02,2021-02-22T12:00:00Z
4083,Allen,Michael,2.30,2026-06-03,2022-03-23T12:00:00Z
4084,King,Aria,2.40,2026-06-04,2023-04-24T12:00:00Z
4085,Wright,Mason,2.50,2026-06-05,2024-05-25T12:00:00Z
4086,Scott,Scarlett,2.60,2026-06-06,2025-06-26T12:00:00Z
4087,Torres,Sebastian,2.70,2026-06-07,2020-07-27T12:00:00Z
4088,Nguyen,Victoria,2.80,2026-06-08,2021-08-28T12:00:00Z
4089,Hill,Ethan,2.90,2026-06-09,2022-09-01T12:00:00Z
4090,Flores,Madison,3.00,2026-06-10,2023-10-02T12:00:00Z
4091,Green,Logan,3.10,2026-06-11,2024-11-03T12:00:00Z
4092,Adams,Luna,3.20,2026-06-12,2025-12-04T12:00:00Z
4093,Nelson,Owen,3.30,2026-06-13,2020-01-05T12:00:00Z
4094,Baker,Grace,3.40,2026-06-14,2021-02-06T12:00:00Z
4095,Hall,Samuel,3.50,2026-06-15,2022-03-07T12:00:00Z
4096,Rivera,Chloe,3.60,2026-06-16,2023-04-08T12:00:00Z
4097,Campbell,Jacob,3.70,2026-06-17,2024-05-09T12:00:00Z
4098,Mitchell,Penelope,3.80,2026-06-18,2025-06-10T12:00:00Z
4099,Carter,Asher,3.90,2026-06-19,2020-07-11T12:00:00Z
4100,Roberts,Layla,4.00,2026-06-20,2021-08-12T12:00:00Z
4101,Smith,Noah,2.10,2026-06-21,2022-09-13T12:00:00Z
4102,Johnson,Olivia,2.20,2026-06-22,2023-10-14T12:00:00Z
4103,Williams,Liam,2.30,2026-06-23,2024-11-15T12:00:00Z
4104,Brown,Emma,2.40,2026-06-24,2025-12-16T12:00:00Z
4105,Jones,Oliver,2.50,2026-06-25,2020-01-17T12:00:00Z
4106,Garcia,Ava,2.60,2026-06-26,2021-02-18T12:00:00Z
4107,Miller,Elijah,2.70,2026-06-27,2022-03-19T12:00:00Z
4108,Davis,Sophia,2.80,2026-06-28,2023-04-20T12:00:00Z
4109,Rodriguez,James,2.90,2026-06-29,2024-05-21T12:00:00Z
4110,Martinez,Isabella,3.00,2026-06-30,2025-06-22T12:00:00Z
4111,Hernandez,William,3.10,2026-06-01,2020-07-23T12:00:00Z
4112,Lopez,Mia,3.20,2026-06-02,2021-08-24T12:00:00Z
4113,Gonzalez,Benjamin,3.30,2026-06-03,2022-09-25T12:00:00Z
4114,Wilson,Charlotte,3.40,2026-06-04,2023-10-26T12:00:00Z
4115,Anderson,Lucas,3.50,2026-06-05,2024-11-27T12:00:00Z
4116,Thomas,Amelia,3.60,2026-06-06,2025-12-28T12:00:00Z
4117,Taylor,Henry,3.70,2026-06-07,2020-01-01T12:00:00Z
4118,Moore,Harper,3.80,2026-06-08,2021-02-02T12:00:00Z
4119,Jackson,Theodore,3.90,2026-06-09,2022-03-03T12:00:00Z
4120,Martin,Evelyn,4.00,2026-06-10,2023-04-04T12:00:00Z
4121,Lee,Jack,2.10,2026-06-11,2024-05-05T12:00:00Z
4122,Perez,Abigail,2.20,2026-06-12,2025-06-06T12:00:00Z
4123,Thompson,Levi,2.30,2026-06-13,2020-07-07T12:00:00Z
4124,White,Emily,2.40,2026-06-14,2021-08-08T12:00:00Z
4125,Harris,Alexander,2.50,2026-06-15,2022-09-09T12:00:00Z
4126,Sanchez,Ella,2.60,2026-06-16,2023-10-10T12:00:00Z
4127,Clark,Jackson,2.70,2026-06-17,2024-11-11T12:00:00Z
4128,Ramirez,Avery,2.80,2026-06-18,2025-12-12T12:00:00Z
4129,Lewis,Mateo,2.90,2026-06-19,2020-01-13T12:00:00Z
4130,Robinson,Sofia,3.00,2026-06-20,2021-02-14T12:00:00Z
4131,Walker,Daniel,3.10,2026-06-21,2022-03-15T12:00:00Z
4132,Young,Camila,3.20,2026-06-22,2023-04-16T12:00:00Z
4133,Allen,Michael,3.30,2026-06-23,2024-05-17T12:00:00Z
4134,King,Aria,3.40,2026-06-24,2025-06-18T12:00:00Z
4135,Wright,Mason,3.50,2026-06-25,2020-07-19T12:00:00Z
4136,Scott,Scarlett,3.60,2026-06-26,2021-08-20T12:00:00Z
4137,Torres,Sebastian,3.70,2026-06-27,2022-09-21T12:00:00Z
4138,Nguyen,Victoria,3.80,2026-06-28,2023-10-22T12:00:00Z
4139,Hill,Ethan,3.90,2026-06-29,2024-11-23T12:00:00Z
4140,Flores,Madison,4.00,2026-06-30,2025-12-24T12:00:00Z
4141,Green,Logan,2.10,2026-06-01,2020-01-25T12:00:00Z
4142,Adams,Luna,2.20,2026-06-02,2021-02-26T12:00:00Z
4143,Nelson,Owen,2.30,2026-06-03,2022-03-27T12:00:00Z
4144,Baker,Grace,2.40,2026-06-04,2023-04-28T12:00:00Z
4145,Hall,Samuel,2.50,2026-06-05,2024-05-01T12:00:00Z
4146,Rivera,Chloe,2.60,2026-06-06,2025-06-02T12:00:00Z
4147,Campbell,Jacob,2.70,2026-06-07,2020-07-03T12:00:00Z
4148,Mitchell,Penelope,2.80,2026-06-08,2021-08-04T12:00:00Z
4149,Carter,Asher,2.90,2026-06-09,2022-09-05T12:00:00Z
4150,Roberts,Layla,3.00,2026-06-10,2023-10-06T12:00:00Z
4151,Smith,Noah,3.10,2026-06-11,2024-11-07T12:00:00Z
4152,Johnson,Olivia,3.20,2026-06-12,2025-12-08T12:00:00Z
4153,Williams,Liam,3.30,2026-06-13,2020-01-09T12:00:00Z
4154,Brown,Emma,3.40,2026-06-14,2021-02-10T12:00:00Z
4155,Jones,Oliver,3.50,2026-06-15,2022-03-11T12:00:00Z
4156,Garcia,Ava,3.60,2026-06-16,2023-04-12T12:00:00Z
4157,Miller,Elijah,3.70,2026-06-17,2024-05-13T12:00:00Z
4158,Davis,Sophia,3.80,2026-06-18,2025-06-14T12:00:00Z
4159,Rodriguez,James,3.90,2026-06-19,2020-07-15T12:00:00Z
4160,Martinez,Isabella,4.00,2026-06-20,2021-08-16T12:00:00Z
4161,Hernandez,William,2.10,2026-06-21,2022-09-17T12:00:00Z
4162,Lopez,Mia,2.20,2026-06-22,2023-10-18T12:00:00Z
4163,Gonzalez,Benjamin,2.30,2026-06-23,2024-11-19T12:00:00Z
4164,Wilson,Charlotte,2.40,2026-06-24,2025-12-20T12:00:00Z
4165,Anderson,Lucas,2.50,2026-06-25,2020-01-21T12:00:00Z
4166,Thomas,Amelia,2.60,2026-06-26,2021-02-22T12:00:00Z
4167,Taylor,Henry,2.70,2026-06-27,2022-03-23T12:00:00Z
4168,Moore,Harper,2.80,2026-06-28,2023-04-24T12:00:00Z
4169,Jackson,Theodore,2.90,2026-06-29,2024-05-25T12:00:00Z
4170,Martin,Evelyn,3.00,2026-06-30,2025-06-26T12:00:00Z
4171,Lee,Jack,3.10,2026-06-01,2020-07-27T12:00:00Z
4172,Perez,Abigail,3.20,2026-06-02,2021-08-28T12:00:00Z
4173,Thompson,Levi,3.30,2026-06-03,2022-09-01T12:00:00Z
4174,White,Emily,3.40,2026-06-04,2023-10-02T12:00:00Z
4175,Harris,Alexander,3.50,2026-06-05,2024-11-03T12:00:00Z
4176,Sanchez,Ella,3.60,2026-06-06,2025-12-04T12:00:00Z
4177,Clark,Jackson,3.70,2026-06-07,2020-01-05T12:00:00Z
4178,Ramirez,Avery,3.80,2026-06-08,2021-02-06T12:00:00Z
4179,Lewis,Mateo,3.90,2026-06-09,2022-03-07T12:00:00Z
4180,Robinson,Sofia,4.00,2026-06-10,2023-04-08T12:00:00Z
4181,Walker,Daniel,2.10,2026-06-11,2024-05-09T12:00:00Z
4182,Young,Camila,2.20,2026-06-12,2025-06-10T12:00:00Z
4183,Allen,Michael,2.30,2026-06-13,2020-07-11T12:00:00Z
4184,King,Aria,2.40,2026-06-14,2021-08-12T12:00:00Z
4185,Wright,Mason,2.50,2026-06-15,2022-09-13T12:00:00Z
4186,Scott,Scarlett,2.60,2026-06-16,2023-10-14T12:00:00Z
4187,Torres,Sebastian,2.70,2026-06-17,2024-11-15T12:00:00Z
4188,Nguyen,Victoria,2.80,2026-06-18,2025-12-16T12:00:00Z
4189,Hill,Ethan,2.90,2026-06-19,2020-01-17T12:00:00Z
4190,Flores,Madison,3.00,2026-06-20,2021-02-18T12:00:00Z
4191,Green,Logan,3.10,2026-06-21,2022-03-19T12:00:00Z
4192,Adams,Luna,3.20,2026-06-22,2023-04-20T12:00:00Z
4193,Nelson,Owen,3.30,2026-06-23,2024-05-21T12:00:00Z
4194,Baker,Grace,3.40,2026-06-24,2025-06-22T12:00:00Z
4195,Hall,Samuel,3.50,2026-06-25,2020-07-23T12:00:00Z
4196,Rivera,Chloe,3.60,2026-06-26,2021-08-24T12:00:00Z
4197,Campbell,Jacob,3.70,2026-06-27,2022-09-25T12:00:00Z
4198,Mitchell,Penelope,3.80,2026-06-28,2023-10-26T12:00:00Z
4199,Carter,Asher,3.90,2026-06-29,2024-11-27T12:00:00Z
4200,Roberts,Layla,4.00,2026-06-30,2025-12-28T12:00:00Z
4201,Smith,Noah,2.10,2026-06-01,2020-01-01T12:00:00Z
4202,Johnson,Olivia,2.20,2026-06-02,2021-02-02T12:00:00Z
4203,Williams,Liam,2.30,2026-06-03,2022-03-03T12:00:00Z
4204,Brown,Emma,2.40,2026-06-04,2023-04-04T12:00:00Z
4205,Jones,Oliver,2.50,2026-06-05,2024-05-05T12:00:00Z
4206,Garcia,Ava,2.60,2026-06-06,2025-06-06T12:00:00Z
4207,Miller,Elijah,2.70,2026-06-07,2020-07-07T12:00:00Z
4208,Davis,Sophia,2.80,2026-06-08,2021-08-08T12:00:00Z
4209,Rodriguez,James,2.90,2026-06-09,2022-09-09T12:00:00Z
4210,Martinez,Isabella,3.00,2026-06-10,2023-10-10T12:00:00Z
4211,Hernandez,William,3.10,2026-06-11,2024-11-11T12:00:00Z
4212,Lopez,Mia,3.20,2026-06-12,2025-12-12T12:00:00Z
4213,Gonzalez,Benjamin,3.30,2026-06-13,2020-01-13T12:00:00Z
4214,Wilson,Charlotte,3.40,2026-06-14,2021-02-14T12:00:00Z
4215,Anderson,Lucas,3.50,2026-06-15,2022-03-15T12:00:00Z
4216,Thomas,Amelia,3.60,2026-06-16,2023-04-16T12:00:00Z
4217,Taylor,Henry,3.70,2026-06-17,2024-05-17T12:00:00Z
4218,Moore,Harper,3.80,2026-06-18,2025-06-18T12:00:00Z
4219,Jackson,Theodore,3.90,2026-06-19,2020-07-19T12:00:00Z
4220,Martin,Evelyn,4.00,2026-06-20,2021-08-20T12:00:00Z
4221,Lee,Jack,2.10,2026-06-21,2022-09-21T12:00:00Z
4222,Perez,Abigail,2.20,2026-06-22,2023-10-22T12:00:00Z
4223,Thompson,Levi,2.30,2026-06-23,2024-11-23T12:00:00Z
4224,White,Emily,2.40,2026-06-24,2025-12-24T12:00:00Z
4225,Harris,Alexander,2.50,2026-06-25,2020-01-25T12:00:00Z
4226,Sanchez,Ella,2.60,2026-06-26,2021-02-26T12:00:00Z
4227,Clark,Jackson,2.70,2026-06-27,2022-03-27T12:00:00Z
4228,Ramirez,Avery,2.80,2026-06-28,2023-04-28T12:00:00Z
4229,Lewis,Mateo,2.90,2026-06-29,2024-05-01T12:00:00Z
4230,Robinson,Sofia,3.00,2026-06-30,2025-06-02T12:00:00Z
4231,Walker,Daniel,3.10,2026-06-01,2020-07-03T12:00:00Z
4232,Young,Camila,3.20,2026-06-02,2021-08-04T12:00:00Z
4233,Allen,Michael,3.30,2026-06-03,2022-09-05T12:00:00Z
4234,King,Aria,3.40,2026-06-04,2023-10-06T12:00:00Z
4235,Wright,Mason,3.50,2026-06-05,2024-11-07T12:00:00Z
4236,Scott,Scarlett,3.60,2026-06-06,2025-12-08T12:00:00Z
4237,Torres,Sebastian,3.70,2026-06-07,2020-01-09T12:00:00Z
4238,Nguyen,Victoria,3.80,2026-06-08,2021-02-10T12:00:00Z
4239,Hill,Ethan,3.90,2026-06-09,2022-03-11T12:00:00Z
4240,Flores,Madison,4.00,2026-06-10,2023-04-12T12:00:00Z
4241,Green,Logan,2.10,2026-06-11,2024-05-13T12:00:00Z
4242,Adams,Luna,2.20,2026-06-12,2025-06-14T12:00:00Z
4243,Nelson,Owen,2.30,2026-06-13,2020-07-15T12:00:00Z
4244,Baker,Grace,2.40,2026-06-14,2021-08-16T12:00:00Z
4245,Hall,Samuel,2.50,2026-06-15,2022-09-17T12:00:00Z
4246,Rivera,Chloe,2.60,2026-06-16,2023-10-18T12:00:00Z
4247,Campbell,Jacob,2.70,2026-06-17,2024-11-19T12:00:00Z
4248,Mitchell,Penelope,2.80,2026-06-18,2025-12-20T12:00:00Z
4249,Carter,Asher,2.90,2026-06-19,2020-01-21T12:00:00Z
4250,Roberts,Layla,3.00,2026-06-20,2021-02-22T12:00:00Z
4251,Smith,Noah,3.10,2026-06-21,2022-03-23T12:00:00Z
4252,Johnson,Olivia,3.20,2026-06-22,2023-04-24T12:00:00Z
4253,Williams,Liam,3.30,2026-06-23,2024-05-25T12:00:00Z
4254,Brown,Emma,3.40,2026-06-24,2025-06-26T12:00:00Z
4255,Jones,Oliver,3.50,2026-06-25,2020-07-27T12:00:00Z
4256,Garcia,Ava,3.60,2026-06-26,2021-08-28T12:00:00Z
4257,Miller,Elijah,3.70,2026-06-27,2022-09-01T12:00:00Z
4258,Davis,Sophia,3.80,2026-06-28,2023-10-02T12:00:00Z
4259,Rodriguez,James,3.90,2026-06-29,2024-11-03T12:00:00Z
4260,Martinez,Isabella,4.00,2026-06-30,2025-12-04T12:00:00Z
4261,Hernandez,William,2.10,2026-06-01,2020-01-05T12:00:00Z
4262,Lopez,Mia,2.20,2026-06-02,2021-02-06T12:00:00Z
4263,Gonzalez,Benjamin,2.30,2026-06-03,2022-03-07T12:00:00Z
4264,Wilson,Charlotte,2.40,2026-06-04,2023-04-08T12:00:00Z
4265,Anderson,Lucas,2.50,2026-06-05,2024-05-09T12:00:00Z
4266,Thomas,Amelia,2.60,2026-06-06,2025-06-10T12:00:00Z
4267,Taylor,Henry,2.70,2026-06-07,2020-07-11T12:00:00Z
4268,Moore,Harper,2.80,2026-06-08,2021-08-12T12:00:00Z
4269,Jackson,Theodore,2.90,2026-06-09,2022-09-13T12:00:00Z
4270,Martin,Evelyn,3.00,2026-06-10,2023-10-14T12:00:00Z
4271,Lee,Jack,3.10,2026-06-11,2024-11-15T12:00:00Z
4272,Perez,Abigail,3.20,2026-06-12,2025-12-16T12:00:00Z
4273,Thompson,Levi,3.30,2026-06-13,2020-01-17T12:00:00Z
4274,White,Emily,3.40,2026-06-14,2021-02-18T12:00:00Z
4275,Harris,Alexander,3.50,2026-06-15,2022-03-19T12:00:00Z
4276,Sanchez,Ella,3.60,2026-06-16,2023-04-20T12:00:00Z
4277,Clark,Jackson,3.70,2026-06-17,2024-05-21T12:00:00Z
4278,Ramirez,Avery,3.80,2026-06-18,2025-06-22T12:00:00Z
4279,Lewis,Mateo,3.90,2026-06-19,2020-07-23T12:00:00Z
4280,Robinson,Sofia,4.00,2026-06-20,2021-08-24T12:00:00Z
4281,Walker,Daniel,2.10,2026-06-21,2022-09-25T12:00:00Z
4282,Young,Camila,2.20,2026-06-22,2023-10-26T12:00:00Z
4283,Allen,Michael,2.30,2026-06-23,2024-11-27T12:00:00Z
4284,King,Aria,2.40,2026-06-24,2025-12-28T12:00:00Z
4285,Wright,Mason,2.50,2026-06-25,2020-01-01T12:00:00Z
4286,Scott,Scarlett,2.60,2026-06-26,2021-02-02T12:00:00Z
4287,Torres,Sebastian,2.70,2026-06-27,2022-03-03T12:00:00Z
4288,Nguyen,Victoria,2.80,2026-06-28,2023-04-04T12:00:00Z
4289,Hill,Ethan,2.90,2026-06-29,2024-05-05T12:00:00Z
4290,Flores,Madison,3.00,2026-06-30,2025-06-06T12:00:00Z
4291,Green,Logan,3.10,2026-06-01,2020-07-07T12:00:00Z
4292,Adams,Luna,3.20,2026-06-02,2021-08-08T12:00:00Z
4293,Nelson,Owen,3.30,2026-06-03,2022-09-09T12:00:00Z
4294,Baker,Grace,3.40,2026-06-04,2023-10-10T12:00:00Z
4295,Hall,Samuel,3.50,2026-06-05,2024-11-11T12:00:00Z
4296,Rivera,Chloe,3.60,2026-06-06,2025-12-12T12:00:00Z
4297,Campbell,Jacob,3.70,2026-06-07,2020-01-13T12:00:00Z
4298,Mitchell,Penelope,3.80,2026-06-08,2021-02-14T12:00:00Z
4299,Carter,Asher,3.90,2026-06-09,2022-03-15T12:00:00Z
4300,Roberts,Layla,4.00,2026-06-10,2023-04-16T12:00:00Z
4301,Smith,Noah,2.10,2026-06-11,2024-05-17T12:00:00Z
4302,Johnson,Olivia,2.20,2026-06-12,2025-06-18T12:00:00Z
4303,Williams,Liam,2.30,2026-06-13,2020-07-19T12:00:00Z
4304,Brown,Emma,2.40,2026-06-14,2021-08-20T12:00:00Z
4305,Jones,Oliver,2.50,2026-06-15,2022-09-21T12:00:00Z
4306,Garcia,Ava,2.60,2026-06-16,2023-10-22T12:00:00Z
4307,Miller,Elijah,2.70,2026-06-17,2024-11-23T12:00:00Z
4308,Davis,Sophia,2.80,2026-06-18,2025-12-24T12:00:00Z
4309,Rodriguez,James,2.90,2026-06-19,2020-01-25T12:00:00Z
4310,Martinez,Isabella,3.00,2026-06-20,2021-02-26T12:00:00Z
4311,Hernandez,William,3.10,2026-06-21,2022-03-27T12:00:00Z
4312,Lopez,Mia,3.20,2026-06-22,2023-04-28T12:00:00Z
4313,Gonzalez,Benjamin,3.30,2026-06-23,2024-05-01T12:00:00Z
4314,Wilson,Charlotte,3.40,2026-06-24,2025-06-02T12:00:00Z
4315,Anderson,Lucas,3.50,2026-06-25,2020-07-03T12:00:00Z
4316,Thomas,Amelia,3.60,2026-06-26,2021-08-04T12:00:00Z
4317,Taylor,Henry,3.70,2026-06-27,2022-09-05T12:00:00Z
4318,Moore,Harper,3.80,2026-06-28,2023-10-06T12:00:00Z
4319,Jackson,Theodore,3.90,2026-06-29,2024-11-07T12:00:00Z
4320,Martin,Evelyn,4.00,2026-06-30,2025-12-08T12:00:00Z
4321,Lee,Jack,2.10,2026-06-01,2020-01-09T12:00:00Z
4322,Perez,Abigail,2.20,2026-06-02,2021-02-10T12:00:00Z
4323,Thompson,Levi,2.30,2026-06-03,2022-03-11T12:00:00Z
4324,White,Emily,2.40,2026-06-04,2023-04-12T12:00:00Z
4325,Harris,Alexander,2.50,2026-06-05,2024-05-13T12:00:00Z
4326,Sanchez,Ella,2.60,2026-06-06,2025-06-14T12:00:00Z
4327,Clark,Jackson,2.70,2026-06-07,2020-07-15T12:00:00Z
4328,Ramirez,Avery,2.80,2026-06-08,2021-08-16T12:00:00Z
4329,Lewis,Mateo,2.90,2026-06-09,2022-09-17T12:00:00Z
4330,Robinson,Sofia,3.00,2026-06-10,2023-10-18T12:00:00Z
4331,Walker,Daniel,3.10,2026-06-11,2024-11-19T12:00:00Z
4332,Young,Camila,3.20,2026-06-12,2025-12-20T12:00:00Z
4333,Allen,Michael,3.30,2026-06-13,2020-01-21T12:00:00Z
4334,King,Aria,3.40,2026-06-14,2021-02-22T12:00:00Z
4335,Wright,Mason,3.50,2026-06-15,2022-03-23T12:00:00Z
4336,Scott,Scarlett,3.60,2026-06-16,2023-04-24T12:00:00Z
4337,Torres,Sebastian,3.70,2026-06-17,2024-05-25T12:00:00Z
4338,Nguyen,Victoria,3.80,2026-06-18,2025-06-26T12:00:00Z
4339,Hill,Ethan,3.90,2026-06-19,2020-07-27T12:00:00Z
4340,Flores,Madison,4.00,2026-06-20,2021-08-28T12:00:00Z
4341,Green,Logan,2.10,2026-06-21,2022-09-01T12:00:00Z
4342,Adams,Luna,2.20,2026-06-22,2023-10-02T12:00:00Z
4343,Nelson,Owen,2.30,2026-06-23,2024-11-03T12:00:00Z
4344,Baker,Grace,2.40,2026-06-24,2025-12-04T12:00:00Z
4345,Hall,Samuel,2.50,2026-06-25,2020-01-05T12:00:00Z
4346,Rivera,Chloe,2.60,2026-06-26,2021-02-06T12:00:00Z
4347,Campbell,Jacob,2.70,2026-06-27,2022-03-07T12:00:00Z
4348,Mitchell,Penelope,2.80,2026-06-28,2023-04-08T12:00:00Z
4349,Carter,Asher,2.90,2026-06-29,2024-05-09T12:00:00Z
4350,Roberts,Layla,3.00,2026-06-30,2025-06-10T12:00:00Z
4351,Smith,Noah,3.10,2026-06-01,2020-07-11T12:00:00Z
4352,Johnson,Olivia,3.20,2026-06-02,2021-08-12T12:00:00Z
4353,Williams,Liam,3.30,2026-06-03,2022-09-13T12:00:00Z
4354,Brown,Emma,3.40,2026-06-04,2023-10-14T12:00:00Z
4355,Jones,Oliver,3.50,2026-06-05,2024-11-15T12:00:00Z
4356,Garcia,Ava,3.60,2026-06-06,2025-12-16T12:00:00Z
4357,Miller,Elijah,3.70,2026-06-07,2020-01-17T12:00:00Z
4358,Davis,Sophia,3.80,2026-06-08,2021-02-18T12:00:00Z
4359,Rodriguez,James,3.90,2026-06-09,2022-03-19T12:00:00Z
4360,Martinez,Isabella,4.00,2026-06-10,2023-04-20T12:00:00Z
4361,Hernandez,William,2.10,2026-06-11,2024-05-21T12:00:00Z
4362,Lopez,Mia,2.20,2026-06-12,2025-06-22T12:00:00Z
4363,Gonzalez,Benjamin,2.30,2026-06-13,2020-07-23T12:00:00Z
4364,Wilson,Charlotte,2.40,2026-06-14,2021-08-24T12:00:00Z
4365,Anderson,Lucas,2.50,2026-06-15,2022-09-25T12:00:00Z
4366,Thomas,Amelia,2.60,2026-06-16,2023-10-26T12:00:00Z
4367,Taylor,Henry,2.70,2026-06-17,2024-11-27T12:00:00Z
4368,Moore,Harper,2.80,2026-06-18,2025-12-28T12:00:00Z
4369,Jackson,Theodore,2.90,2026-06-19,2020-01-01T12:00:00Z
4370,Martin,Evelyn,3.00,2026-06-20,2021-02-02T12:00:00Z
4371,Lee,Jack,3.10,2026-06-21,2022-03-03T12:00:00Z
4372,Perez,Abigail,3.20,2026-06-22,2023-04-04T12:00:00Z
4373,Thompson,Levi,3.30,2026-06-23,2024-05-05T12:00:00Z
4374,White,Emily,3.40,2026-06-24,2025-06-06T12:00:00Z
4375,Harris,Alexander,3.50,2026-06-25,2020-07-07T12:00:00Z
4376,Sanchez,Ella,3.60,2026-06-26,2021-08-08T12:00:00Z
4377,Clark,Jackson,3.70,2026-06-27,2022-09-09T12:00:00Z
4378,Ramirez,Avery,3.80,2026-06-28,2023-10-10T12:00:00Z
4379,Lewis,Mateo,3.90,2026-06-29,2024-11-11T12:00:00Z
4380,Robinson,Sofia,4.00,2026-06-30,2025-12-12T12:00:00Z
4381,Walker,Daniel,2.10,2026-06-01,2020-01-13T12:00:00Z
4382,Young,Camila,2.20,2026-06-02,2021-02-14T12:00:00Z
4383,Allen,Michael,2.30,2026-06-03,2022-03-15T12:00:00Z
4384,King,Aria,2.40,2026-06-04,2023-04-16T12:00:00Z
4385,Wright,Mason,2.50,2026-06-05,2024-05-17T12:00:00Z
4386,Scott,Scarlett,2.60,2026-06-06,2025-06-18T12:00:00Z
4387,Torres,Sebastian,2.70,2026-06-07,2020-07-19T12:00:00Z
4388,Nguyen,Victoria,2.80,2026-06-08,2021-08-20T12:00:00Z
4389,Hill,Ethan,2.90,2026-06-09,2022-09-21T12:00:00Z
4390,Flores,Madison,3.00,2026-06-10,2023-10-22T12:00:00Z
4391,Green,Logan,3.10,2026-06-11,2024-11-23T12:00:00Z
4392,Adams,Luna,3.20,2026-06-12,2025-12-24T12:00:00Z
4393,Nelson,Owen,3.30,2026-06-13,2020-01-25T12:00:00Z
4394,Baker,Grace,3.40,2026-06-14,2021-02-26T12:00:00Z
4395,Hall,Samuel,3.50,2026-06-15,2022-03-27T12:00:00Z
4396,Rivera,Chloe,3.60,2026-06-16,2023-04-28T12:00:00Z
4397,Campbell,Jacob,3.70,2026-06-17,2024-05-01T12:00:00Z
4398,Mitchell,Penelope,3.80,2026-06-18,2025-06-02T12:00:00Z
4399,Carter,Asher,3.90,2026-06-19,2020-07-03T12:00:00Z
4400,Roberts,Layla,4.00,2026-06-20,2021-08-04T12:00:00Z
4401,Smith,Noah,2.10,2026-06-21,2022-09-05T12:00:00Z
4402,Johnson,Olivia,2.20,2026-06-22,2023-10-06T12:00:00Z
4403,Williams,Liam,2.30,2026-06-23,2024-11-07T12:00:00Z
4404,Brown,Emma,2.40,2026-06-24,2025-12-08T12:00:00Z
4405,Jones,Oliver,2.50,2026-06-25,2020-01-09T12:00:00Z
4406,Garcia,Ava,2.60,2026-06-26,2021-02-10T12:00:00Z
4407,Miller,Elijah,2.70,2026-06-27,2022-03-11T12:00:00Z
4408,Davis,Sophia,2.80,2026-06-28,2023-04-12T12:00:00Z
4409,Rodriguez,James,2.90,2026-06-29,2024-05-13T12:00:00Z
4410,Martinez,Isabella,3.00,2026-06-30,2025-06-14T12:00:00Z
4411,Hernandez,William,3.10,2026-06-01,2020-07-15T12:00:00Z
4412,Lopez,Mia,3.20,2026-06-02,2021-08-16T12:00:00Z
4413,Gonzalez,Benjamin,3.30,2026-06-03,2022-09-17T12:00:00Z
4414,Wilson,Charlotte,3.40,2026-06-04,2023-10-18T12:00:00Z
4415,Anderson,Lucas,3.50,2026-06-05,2024-11-19T12:00:00Z
4416,Thomas,Amelia,3.60,2026-06-06,2025-12-20T12:00:00Z
4417,Taylor,Henry,3.70,2026-06-07,2020-01-21T12:00:00Z
4418,Moore,Harper,3.80,2026-06-08,2021-02-22T12:00:00Z
4419,Jackson,Theodore,3.90,2026-06-09,2022-03-23T12:00:00Z
4420,Martin,Evelyn,4.00,2026-06-10,2023-04-24T12:00:00Z
4421,Lee,Jack,2.10,2026-06-11,2024-05-25T12:00:00Z
4422,Perez,Abigail,2.20,2026-06-12,2025-06-26T12:00:00Z
4423,Thompson,Levi,2.30,2026-06-13,2020-07-27T12:00:00Z
4424,White,Emily,2.40,2026-06-14,2021-08-28T12:00:00Z
4425,Harris,Alexander,2.50,2026-06-15,2022-09-01T12:00:00Z
4426,Sanchez,Ella,2.60,2026-06-16,2023-10-02T12:00:00Z
4427,Clark,Jackson,2.70,2026-06-17,2024-11-03T12:00:00Z
4428,Ramirez,Avery,2.80,2026-06-18,2025-12-04T12:00:00Z
4429,Lewis,Mateo,2.90,2026-06-19,2020-01-05T12:00:00Z
4430,Robinson,Sofia,3.00,2026-06-20,2021-02-06T12:00:00Z
4431,Walker,Daniel,3.10,2026-06-21,2022-03-07T12:00:00Z
4432,Young,Camila,3.20,2026-06-22,2023-04-08T12:00:00Z
4433,Allen,Michael,3.30,2026-06-23,2024-05-09T12:00:00Z
4434,King,Aria,3.40,2026-06-24,2025-06-10T12:00:00Z
4435,Wright,Mason,3.50,2026-06-25,2020-07-11T12:00:00Z
4436,Scott,Scarlett,3.60,2026-06-26,2021-08-12T12:00:00Z
4437,Torres,Sebastian,3.70,2026-06-27,2022-09-13T12:00:00Z
4438,Nguyen,Victoria,3.80,2026-06-28,2023-10-14T12:00:00Z
4439,Hill,Ethan,3.90,2026-06-29,2024-11-15T12:00:00Z
4440,Flores,Madison,4.00,2026-06-30,2025-12-16T12:00:00Z
4441,Green,Logan,2.10,2026-06-01,2020-01-17T12:00:00Z
4442,Adams,Luna,2.20,2026-06-02,2021-02-18T12:00:00Z
4443,Nelson,Owen,2.30,2026-06-03,2022-03-19T12:00:00Z
4444,Baker,Grace,2.40,2026-06-04,2023-04-20T12:00:00Z
4445,Hall,Samuel,2.50,2026-06-05,2024-05-21T12:00:00Z
4446,Rivera,Chloe,2.60,2026-06-06,2025-06-22T12:00:00Z
4447,Campbell,Jacob,2.70,2026-06-07,2020-07-23T12:00:00Z
4448,Mitchell,Penelope,2.80,2026-06-08,2021-08-24T12:00:00Z
4449,Carter,Asher,2.90,2026-06-09,2022-09-25T12:00:00Z
4450,Roberts,Layla,3.00,2026-06-10,2023-10-26T12:00:00Z
4451,Smith,Noah,3.10,2026-06-11,2024-11-27T12:00:00Z
4452,Johnson,Olivia,3.20,2026-06-12,2025-12-28T12:00:00Z
4453,Williams,Liam,3.30,2026-06-13,2020-01-01T12:00:00Z
4454,Brown,Emma,3.40,2026-06-14,2021-02-02T12:00:00Z
4455,Jones,Oliver,3.50,2026-06-15,2022-03-03T12:00:00Z
4456,Garcia,Ava,3.60,2026-06-16,2023-04-04T12:00:00Z
4457,Miller,Elijah,3.70,2026-06-17,2024-05-05T12:00:00Z
4458,Davis,Sophia,3.80,2026-06-18,2025-06-06T12:00:00Z
4459,Rodriguez,James,3.90,2026-06-19,2020-07-07T12:00:00Z
4460,Martinez,Isabella,4.00,2026-06-20,2021-08-08T12:00:00Z
4461,Hernandez,William,2.10,2026-06-21,2022-09-09T12:00:00Z
4462,Lopez,Mia,2.20,2026-06-22,2023-10-10T12:00:00Z
4463,Gonzalez,Benjamin,2.30,2026-06-23,2024-11-11T12:00:00Z
4464,Wilson,Charlotte,2.40,2026-06-24,2025-12-12T12:00:00Z
4465,Anderson,Lucas,2.50,2026-06-25,2020-01-13T12:00:00Z
4466,Thomas,Amelia,2.60,2026-06-26,2021-02-14T12:00:00Z
4467,Taylor,Henry,2.70,2026-06-27,2022-03-15T12:00:00Z
4468,Moore,Harper,2.80,2026-06-28,2023-04-16T12:00:00Z
4469,Jackson,Theodore,2.90,2026-06-29,2024-05-17T12:00:00Z
4470,Martin,Evelyn,3.00,2026-06-30,2025-06-18T12:00:00Z
4471,Lee,Jack,3.10,2026-06-01,2020-07-19T12:00:00Z
4472,Perez,Abigail,3.20,2026-06-02,2021-08-20T12:00:00Z
4473,Thompson,Levi,3.30,2026-06-03,2022-09-21T12:00:00Z
4474,White,Emily,3.40,2026-06-04,2023-10-22T12:00:00Z
4475,Harris,Alexander,3.50,2026-06-05,2024-11-23T12:00:00Z
4476,Sanchez,Ella,3.60,2026-06-06,2025-12-24T12:00:00Z
4477,Clark,Jackson,3.70,2026-06-07,2020-01-25T12:00:00Z
4478,Ramirez,Avery,3.80,2026-06-08,2021-02-26T12:00:00Z
4479,Lewis,Mateo,3.90,2026-06-09,2022-03-27T12:00:00Z
4480,Robinson,Sofia,4.00,2026-06-10,2023-04-28T12:00:00Z
4481,Walker,Daniel,2.10,2026-06-11,2024-05-01T12:00:00Z
4482,Young,Camila,2.20,2026-06-12,2025-06-02T12:00:00Z
4483,Allen,Michael,2.30,2026-06-13,2020-07-03T12:00:00Z
4484,King,Aria,2.40,2026-06-14,2021-08-04T12:00:00Z
4485,Wright,Mason,2.50,2026-06-15,2022-09-05T12:00:00Z
4486,Scott,Scarlett,2.60,2026-06-16,2023-10-06T12:00:00Z
4487,Torres,Sebastian,2.70,2026-06-17,2024-11-07T12:00:00Z
4488,Nguyen,Victoria,2.80,2026-06-18,2025-12-08T12:00:00Z
4489,Hill,Ethan,2.90,2026-06-19,2020-01-09T12:00:00Z
4490,Flores,Madison,3.00,2026-06-20,2021-02-10T12:00:00Z
4491,Green,Logan,3.10,2026-06-21,2022-03-11T12:00:00Z
4492,Adams,Luna,3.20,2026-06-22,2023-04-12T12:00:00Z
4493,Nelson,Owen,3.30,2026-06-23,2024-05-13T12:00:00Z
4494,Baker,Grace,3.40,2026-06-24,2025-06-14T12:00:00Z
4495,Hall,Samuel,3.50,2026-06-25,2020-07-15T12:00:00Z
4496,Rivera,Chloe,3.60,2026-06-26,2021-08-16T12:00:00Z
4497,Campbell,Jacob,3.70,2026-06-27,2022-09-17T12:00:00Z
4498,Mitchell,Penelope,3.80,2026-06-28,2023-10-18T12:00:00Z
4499,Carter,Asher,3.90,2026-06-29,2024-11-19T12:00:00Z
4500,Roberts,Layla,4.00,2026-06-30,2025-12-20T12:00:00Z
4501,Smith,Noah,2.10,2026-06-01,2020-01-21T12:00:00Z
4502,Johnson,Olivia,2.20,2026-06-02,2021-02-22T12:00:00Z
4503,Williams,Liam,2.30,2026-06-03,2022-03-23T12:00:00Z
4504,Brown,Emma,2.40,2026-06-04,2023-04-24T12:00:00Z
4505,Jones,Oliver,2.50,2026-06-05,2024-05-25T12:00:00Z
4506,Garcia,Ava,2.60,2026-06-06,2025-06-26T12:00:00Z
4507,Miller,Elijah,2.70,2026-06-07,2020-07-27T12:00:00Z
4508,Davis,Sophia,2.80,2026-06-08,2021-08-28T12:00:00Z
4509,Rodriguez,James,2.90,2026-06-09,2022-09-01T12:00:00Z
4510,Martinez,Isabella,3.00,2026-06-10,2023-10-02T12:00:00Z
4511,Hernandez,William,3.10,2026-06-11,2024-11-03T12:00:00Z
4512,Lopez,Mia,3.20,2026-06-12,2025-12-04T12:00:00Z
4513,Gonzalez,Benjamin,3.30,2026-06-13,2020-01-05T12:00:00Z
4514,Wilson,Charlotte,3.40,2026-06-14,2021-02-06T12:00:00Z
4515,Anderson,Lucas,3.50,2026-06-15,2022-03-07T12:00:00Z
4516,Thomas,Amelia,3.60,2026-06-16,2023-04-08T12:00:00Z
4517,Taylor,Henry,3.70,2026-06-17,2024-05-09T12:00:00Z
4518,Moore,Harper,3.80,2026-06-18,2025-06-10T12:00:00Z
4519,Jackson,Theodore,3.90,2026-06-19,2020-07-11T12:00:00Z
4520,Martin,Evelyn,4.00,2026-06-20,2021-08-12T12:00:00Z
4521,Lee,Jack,2.10,2026-06-21,2022-09-13T12:00:00Z
4522,Perez,Abigail,2.20,2026-06-22,2023-10-14T12:00:00Z
4523,Thompson,Levi,2.30,2026-06-23,2024-11-15T12:00:00Z
4524,White,Emily,2.40,2026-06-24,2025-12-16T12:00:00Z
4525,Harris,Alexander,2.50,2026-06-25,2020-01-17T12:00:00Z
4526,Sanchez,Ella,2.60,2026-06-26,2021-02-18T12:00:00Z
4527,Clark,Jackson,2.70,2026-06-27,2022-03-19T12:00:00Z
4528,Ramirez,Avery,2.80,2026-06-28,2023-04-20T12:00:00Z
4529,Lewis,Mateo,2.90,2026-06-29,2024-05-21T12:00:00Z
4530,Robinson,Sofia,3.00,2026-06-30,2025-06-22T12:00:00Z
4531,Walker,Daniel,3.10,2026-06-01,2020-07-23T12:00:00Z
4532,Young,Camila,3.20,2026-06-02,2021-08-24T12:00:00Z
4533,Allen,Michael,3.30,2026-06-03,2022-09-25T12:00:00Z
4534,King,Aria,3.40,2026-06-04,2023-10-26T12:00:00Z
4535,Wright,Mason,3.50,2026-06-05,2024-11-27T12:00:00Z
4536,Scott,Scarlett,3.60,2026-06-06,2025-12-28T12:00:00Z
4537,Torres,Sebastian,3.70,2026-06-07,2020-01-01T12:00:00Z
4538,Nguyen,Victoria,3.80,2026-06-08,2021-02-02T12:00:00Z
4539,Hill,Ethan,3.90,2026-06-09,2022-03-03T12:00:00Z
4540,Flores,Madison,4.00,2026-06-10,2023-04-04T12:00:00Z
4541,Green,Logan,2.10,2026-06-11,2024-05-05T12:00:00Z
4542,Adams,Luna,2.20,2026-06-12,2025-06-06T12:00:00Z
4543,Nelson,Owen,2.30,2026-06-13,2020-07-07T12:00:00Z
4544,Baker,Grace,2.40,2026-06-14,2021-08-08T12:00:00Z
4545,Hall,Samuel,2.50,2026-06-15,2022-09-09T12:00:00Z
4546,Rivera,Chloe,2.60,2026-06-16,2023-10-10T12:00:00Z
4547,Campbell,Jacob,2.70,2026-06-17,2024-11-11T12:00:00Z
4548,Mitchell,Penelope,2.80,2026-06-18,2025-12-12T12:00:00Z
4549,Carter,Asher,2.90,2026-06-19,2020-01-13T12:00:00Z
4550,Roberts,Layla,3.00,2026-06-20,2021-02-14T12:00:00Z
4551,Smith,Noah,3.10,2026-06-21,2022-03-15T12:00:00Z
4552,Johnson,Olivia,3.20,2026-06-22,2023-04-16T12:00:00Z
4553,Williams,Liam,3.30,2026-06-23,2024-05-17T12:00:00Z
4554,Brown,Emma,3.40,2026-06-24,2025-06-18T12:00:00Z
4555,Jones,Oliver,3.50,2026-06-25,2020-07-19T12:00:00Z
4556,Garcia,Ava,3.60,2026-06-26,2021-08-20T12:00:00Z
4557,Miller,Elijah,3.70,2026-06-27,2022-09-21T12:00:00Z
4558,Davis,Sophia,3.80,2026-06-28,2023-10-22T12:00:00Z
4559,Rodriguez,James,3.90,2026-06-29,2024-11-23T12:00:00Z
4560,Martinez,Isabella,4.00,2026-06-30,2025-12-24T12:00:00Z
4561,Hernandez,William,2.10,2026-06-01,2020-01-25T12:00:00Z
4562,Lopez,Mia,2.20,2026-06-02,2021-02-26T12:00:00Z
4563,Gonzalez,Benjamin,2.30,2026-06-03,2022-03-27T12:00:00Z
4564,Wilson,Charlotte,2.40,2026-06-04,2023-04-28T12:00:00Z
4565,Anderson,Lucas,2.50,2026-06-05,2024-05-01T12:00:00Z
4566,Thomas,Amelia,2.60,2026-06-06,2025-06-02T12:00:00Z
4567,Taylor,Henry,2.70,2026-06-07,2020-07-03T12:00:00Z
4568,Moore,Harper,2.80,2026-06-08,2021-08-04T12:00:00Z
4569,Jackson,Theodore,2.90,2026-06-09,2022-09-05T12:00:00Z
4570,Martin,Evelyn,3.00,2026-06-10,2023-10-06T12:00:00Z
4571,Lee,Jack,3.10,2026-06-11,2024-11-07T12:00:00Z
4572,Perez,Abigail,3.20,2026-06-12,2025-12-08T12:00:00Z
4573,Thompson,Levi,3.30,2026-06-13,2020-01-09T12:00:00Z
4574,White,Emily,3.40,2026-06-14,2021-02-10T12:00:00Z
4575,Harris,Alexander,3.50,2026-06-15,2022-03-11T12:00:00Z
4576,Sanchez,Ella,3.60,2026-06-16,2023-04-12T12:00:00Z
4577,Clark,Jackson,3.70,2026-06-17,2024-05-13T12:00:00Z
4578,Ramirez,Avery,3.80,2026-06-18,2025-06-14T12:00:00Z
4579,Lewis,Mateo,3.90,2026-06-19,2020-07-15T12:00:00Z
4580,Robinson,Sofia,4.00,2026-06-20,2021-08-16T12:00:00Z
4581,Walker,Daniel,2.10,2026-06-21,2022-09-17T12:00:00Z
4582,Young,Camila,2.20,2026-06-22,2023-10-18T12:00:00Z
4583,Allen,Michael,2.30,2026-06-23,2024-11-19T12:00:00Z
4584,King,Aria,2.40,2026-06-24,2025-12-20T12:00:00Z
4585,Wright,Mason,2.50,2026-06-25,2020-01-21T12:00:00Z
4586,Scott,Scarlett,2.60,2026-06-26,2021-02-22T12:00:00Z
4587,Torres,Sebastian,2.70,2026-06-27,2022-03-23T12:00:00Z
4588,Nguyen,Victoria,2.80,2026-06-28,2023-04-24T12:00:00Z
4589,Hill,Ethan,2.90,2026-06-29,2024-05-25T12:00:00Z
4590,Flores,Madison,3.00,2026-06-30,2025-06-26T12:00:00Z
4591,Green,Logan,3.10,2026-06-01,2020-07-27T12:00:00Z
4592,Adams,Luna,3.20,2026-06-02,2021-08-28T12:00:00Z
4593,Nelson,Owen,3.30,2026-06-03,2022-09-01T12:00:00Z
4594,Baker,Grace,3.40,2026-06-04,2023-10-02T12:00:00Z
4595,Hall,Samuel,3.50,2026-06-05,2024-11-03T12:00:00Z
4596,Rivera,Chloe,3.60,2026-06-06,2025-12-04T12:00:00Z
4597,Campbell,Jacob,3.70,2026-06-07,2020-01-05T12:00:00Z
4598,Mitchell,Penelope,3.80,2026-06-08,2021-02-06T12:00:00Z
4599,Carter,Asher,3.90,2026-06-09,2022-03-07T12:00:00Z
4600,Roberts,Layla,4.00,2026-06-10,2023-04-08T12:00:00Z
4601,Smith,Noah,2.10,2026-06-11,2024-05-09T12:00:00Z
4602,Johnson,Olivia,2.20,2026-06-12,2025-06-10T12:00:00Z
4603,Williams,Liam,2.30,2026-06-13,2020-07-11T12:00:00Z
4604,Brown,Emma,2.40,2026-06-14,2021-08-12T12:00:00Z
4605,Jones,Oliver,2.50,2026-06-15,2022-09-13T12:00:00Z
4606,Garcia,Ava,2.60,2026-06-16,2023-10-14T12:00:00Z
4607,Miller,Elijah,2.70,2026-06-17,2024-11-15T12:00:00Z
4608,Davis,Sophia,2.80,2026-06-18,2025-12-16T12:00:00Z
4609,Rodriguez,James,2.90,2026-06-19,2020-01-17T12:00:00Z
4610,Martinez,Isabella,3.00,2026-06-20,2021-02-18T12:00:00Z
4611,Hernandez,William,3.10,2026-06-21,2022-03-19T12:00:00Z
4612,Lopez,Mia,3.20,2026-06-22,2023-04-20T12:00:00Z
4613,Gonzalez,Benjamin,3.30,2026-06-23,2024-05-21T12:00:00Z
4614,Wilson,Charlotte,3.40,2026-06-24,2025-06-22T12:00:00Z
4615,Anderson,Lucas,3.50,2026-06-25,2020-07-23T12:00:00Z
4616,Thomas,Amelia,3.60,2026-06-26,2021-08-24T12:00:00Z
4617,Taylor,Henry,3.70,2026-06-27,2022-09-25T12:00:00Z
4618,Moore,Harper,3.80,2026-06-28,2023-10-26T12:00:00Z
4619,Jackson,Theodore,3.90,2026-06-29,2024-11-27T12:00:00Z
4620,Martin,Evelyn,4.00,2026-06-30,2025-12-28T12:00:00Z
4621,Lee,Jack,2.10,2026-06-01,2020-01-01T12:00:00Z
4622,Perez,Abigail,2.20,2026-06-02,2021-02-02T12:00:00Z
4623,Thompson,Levi,2.30,2026-06-03,2022-03-03T12:00:00Z
4624,White,Emily,2.40,2026-06-04,2023-04-04T12:00:00Z
4625,Harris,Alexander,2.50,2026-06-05,2024-05-05T12:00:00Z
4626,Sanchez,Ella,2.60,2026-06-06,2025-06-06T12:00:00Z
4627,Clark,Jackson,2.70,2026-06-07,2020-07-07T12:00:00Z
4628,Ramirez,Avery,2.80,2026-06-08,2021-08-08T12:00:00Z
4629,Lewis,Mateo,2.90,2026-06-09,2022-09-09T12:00:00Z
4630,Robinson,Sofia,3.00,2026-06-10,2023-10-10T12:00:00Z
4631,Walker,Daniel,3.10,2026-06-11,2024-11-11T12:00:00Z
4632,Young,Camila,3.20,2026-06-12,2025-12-12T12:00:00Z
4633,Allen,Michael,3.30,2026-06-13,2020-01-13T12:00:00Z
4634,King,Aria,3.40,2026-06-14,2021-02-14T12:00:00Z
4635,Wright,Mason,3.50,2026-06-15,2022-03-15T12:00:00Z
4636,Scott,Scarlett,3.60,2026-06-16,2023-04-16T12:00:00Z
4637,Torres,Sebastian,3.70,2026-06-17,2024-05-17T12:00:00Z
4638,Nguyen,Victoria,3.80,2026-06-18,2025-06-18T12:00:00Z
4639,Hill,Ethan,3.90,2026-06-19,2020-07-19T12:00:00Z
4640,Flores,Madison,4.00,2026-06-20,2021-08-20T12:00:00Z
4641,Green,Logan,2.10,2026-06-21,2022-09-21T12:00:00Z
4642,Adams,Luna,2.20,2026-06-22,2023-10-22T12:00:00Z
4643,Nelson,Owen,2.30,2026-06-23,2024-11-23T12:00:00Z
4644,Baker,Grace,2.40,2026-06-24,2025-12-24T12:00:00Z
4645,Hall,Samuel,2.50,2026-06-25,2020-01-25T12:00:00Z
4646,Rivera,Chloe,2.60,2026-06-26,2021-02-26T12:00:00Z
4647,Campbell,Jacob,2.70,2026-06-27,2022-03-27T12:00:00Z
4648,Mitchell,Penelope,2.80,2026-06-28,2023-04-28T12:00:00Z
4649,Carter,Asher,2.90,2026-06-29,2024-05-01T12:00:00Z
4650,Roberts,Layla,3.00,2026-06-30,2025-06-02T12:00:00Z
4651,Smith,Noah,3.10,2026-06-01,2020-07-03T12:00:00Z
4652,Johnson,Olivia,3.20,2026-06-02,2021-08-04T12:00:00Z
4653,Williams,Liam,3.30,2026-06-03,2022-09-05T12:00:00Z
4654,Brown,Emma,3.40,2026-06-04,2023-10-06T12:00:00Z
4655,Jones,Oliver,3.50,2026-06-05,2024-11-07T12:00:00Z
4656,Garcia,Ava,3.60,2026-06-06,2025-12-08T12:00:00Z
4657,Miller,Elijah,3.70,2026-06-07,2020-01-09T12:00:00Z
4658,Davis,Sophia,3.80,2026-06-08,2021-02-10T12:00:00Z
4659,Rodriguez,James,3.90,2026-06-09,2022-03-11T12:00:00Z
4660,Martinez,Isabella,4.00,2026-06-10,2023-04-12T12:00:00Z
4661,Hernandez,William,2.10,2026-06-11,2024-05-13T12:00:00Z
4662,Lopez,Mia,2.20,2026-06-12,2025-06-14T12:00:00Z
4663,Gonzalez,Benjamin,2.30,2026-06-13,2020-07-15T12:00:00Z
4664,Wilson,Charlotte,2.40,2026-06-14,2021-08-16T12:00:00Z
4665,Anderson,Lucas,2.50,2026-06-15,2022-09-17T12:00:00Z
4666,Thomas,Amelia,2.60,2026-06-16,2023-10-18T12:00:00Z
4667,Taylor,Henry,2.70,2026-06-17,2024-11-19T12:00:00Z
4668,Moore,Harper,2.80,2026-06-18,2025-12-20T12:00:00Z
4669,Jackson,Theodore,2.90,2026-06-19,2020-01-21T12:00:00Z
4670,Martin,Evelyn,3.00,2026-06-20,2021-02-22T12:00:00Z
4671,Lee,Jack,3.10,2026-06-21,2022-03-23T12:00:00Z
4672,Perez,Abigail,3.20,2026-06-22,2023-04-24T12:00:00Z
4673,Thompson,Levi,3.30,2026-06-23,2024-05-25T12:00:00Z
4674,White,Emily,3.40,2026-06-24,2025-06-26T12:00:00Z
4675,Harris,Alexander,3.50,2026-06-25,2020-07-27T12:00:00Z
4676,Sanchez,Ella,3.60,2026-06-26,2021-08-28T12:00:00Z
4677,Clark,Jackson,3.70,2026-06-27,2022-09-01T12:00:00Z
4678,Ramirez,Avery,3.80,2026-06-28,2023-10-02T12:00:00Z
4679,Lewis,Mateo,3.90,2026-06-29,2024-11-03T12:00:00Z
4680,Robinson,Sofia,4.00,2026-06-30,2025-12-04T12:00:00Z
4681,Walker,Daniel,2.10,2026-06-01,2020-01-05T12:00:00Z
4682,Young,Camila,2.20,2026-06-02,2021-02-06T12:00:00Z
4683,Allen,Michael,2.30,2026-06-03,2022-03-07T12:00:00Z
4684,King,Aria,2.40,2026-06-04,2023-04-08T12:00:00Z
4685,Wright,Mason,2.50,2026-06-05,2024-05-09T12:00:00Z
4686,Scott,Scarlett,2.60,2026-06-06,2025-06-10T12:00:00Z
4687,Torres,Sebastian,2.70,2026-06-07,2020-07-11T12:00:00Z
4688,Nguyen,Victoria,2.80,2026-06-08,2021-08-12T12:00:00Z
4689,Hill,Ethan,2.90,2026-06-09,2022-09-13T12:00:00Z
4690,Flores,Madison,3.00,2026-06-10,2023-10-14T12:00:00Z
4691,Green,Logan,3.10,2026-06-11,2024-11-15T12:00:00Z
4692,Adams,Luna,3.20,2026-06-12,2025-12-16T12:00:00Z
4693,Nelson,Owen,3.30,2026-06-13,2020-01-17T12:00:00Z
4694,Baker,Grace,3.40,2026-06-14,2021-02-18T12:00:00Z
4695,Hall,Samuel,3.50,2026-06-15,2022-03-19T12:00:00Z
4696,Rivera,Chloe,3.60,2026-06-16,2023-04-20T12:00:00Z
4697,Campbell,Jacob,3.70,2026-06-17,2024-05-21T12:00:00Z
4698,Mitchell,Penelope,3.80,2026-06-18,2025-06-22T12:00:00Z
4699,Carter,Asher,3.90,2026-06-19,2020-07-23T12:00:00Z
4700,Roberts,Layla,4.00,2026-06-20,2021-08-24T12:00:00Z
4701,Smith,Noah,2.10,2026-06-21,2022-09-25T12:00:00Z
4702,Johnson,Olivia,2.20,2026-06-22,2023-10-26T12:00:00Z
4703,Williams,Liam,2.30,2026-06-23,2024-11-27T12:00:00Z
4704,Brown,Emma,2.40,2026-06-24,2025-12-28T12:00:00Z
4705,Jones,Oliver,2.50,2026-06-25,2020-01-01T12:00:00Z
4706,Garcia,Ava,2.60,2026-06-26,2021-02-02T12:00:00Z
4707,Miller,Elijah,2.70,2026-06-27,2022-03-03T12:00:00Z
4708,Davis,Sophia,2.80,2026-06-28,2023-04-04T12:00:00Z
4709,Rodriguez,James,2.90,2026-06-29,2024-05-05T12:00:00Z
4710,Martinez,Isabella,3.00,2026-06-30,2025-06-06T12:00:00Z
4711,Hernandez,William,3.10,2026-06-01,2020-07-07T12:00:00Z
4712,Lopez,Mia,3.20,2026-06-02,2021-08-08T12:00:00Z
4713,Gonzalez,Benjamin,3.30,2026-06-03,2022-09-09T12:00:00Z
4714,Wilson,Charlotte,3.40,2026-06-04,2023-10-10T12:00:00Z
4715,Anderson,Lucas,3.50,2026-06-05,2024-11-11T12:00:00Z
4716,Thomas,Amelia,3.60,2026-06-06,2025-12-12T12:00:00Z
4717,Taylor,Henry,3.70,2026-06-07,2020-01-13T12:00:00Z
4718,Moore,Harper,3.80,2026-06-08,2021-02-14T12:00:00Z
4719,Jackson,Theodore,3.90,2026-06-09,2022-03-15T12:00:00Z
4720,Martin,Evelyn,4.00,2026-06-10,2023-04-16T12:00:00Z
4721,Lee,Jack,2.10,2026-06-11,2024-05-17T12:00:00Z
4722,Perez,Abigail,2.20,2026-06-12,2025-06-18T12:00:00Z
4723,Thompson,Levi,2.30,2026-06-13,2020-07-19T12:00:00Z
4724,White,Emily,2.40,2026-06-14,2021-08-20T12:00:00Z
4725,Harris,Alexander,2.50,2026-06-15,2022-09-21T12:00:00Z
4726,Sanchez,Ella,2.60,2026-06-16,2023-10-22T12:00:00Z
4727,Clark,Jackson,2.70,2026-06-17,2024-11-23T12:00:00Z
4728,Ramirez,Avery,2.80,2026-06-18,2025-12-24T12:00:00Z
4729,Lewis,Mateo,2.90,2026-06-19,2020-01-25T12:00:00Z
4730,Robinson,Sofia,3.00,2026-06-20,2021-02-26T12:00:00Z
4731,Walker,Daniel,3.10,2026-06-21,2022-03-27T12:00:00Z
4732,Young,Camila,3.20,2026-06-22,2023-04-28T12:00:00Z
4733,Allen,Michael,3.30,2026-06-23,2024-05-01T12:00:00Z
4734,King,Aria,3.40,2026-06-24,2025-06-02T12:00:00Z
4735,Wright,Mason,3.50,2026-06-25,2020-07-03T12:00:00Z
4736,Scott,Scarlett,3.60,2026-06-26,2021-08-04T12:00:00Z
4737,Torres,Sebastian,3.70,2026-06-27,2022-09-05T12:00:00Z
4738,Nguyen,Victoria,3.80,2026-06-28,2023-10-06T12:00:00Z
4739,Hill,Ethan,3.90,2026-06-29,2024-11-07T12:00:00Z
4740,Flores,Madison,4.00,2026-06-30,2025-12-08T12:00:00Z
4741,Green,Logan,2.10,2026-06-01,2020-01-09T12:00:00Z
4742,Adams,Luna,2.20,2026-06-02,2021-02-10T12:00:00Z
4743,Nelson,Owen,2.30,2026-06-03,2022-03-11T12:00:00Z
4744,Baker,Grace,2.40,2026-06-04,2023-04-12T12:00:00Z
4745,Hall,Samuel,2.50,2026-06-05,2024-05-13T12:00:00Z
4746,Rivera,Chloe,2.60,2026-06-06,2025-06-14T12:00:00Z
4747,Campbell,Jacob,2.70,2026-06-07,2020-07-15T12:00:00Z
4748,Mitchell,Penelope,2.80,2026-06-08,2021-08-16T12:00:00Z
4749,Carter,Asher,2.90,2026-06-09,2022-09-17T12:00:00Z
4750,Roberts,Layla,3.00,2026-06-10,2023-10-18T12:00:00Z
4751,Smith,Noah,3.10,2026-06-11,2024-11-19T12:00:00Z
4752,Johnson,Olivia,3.20,2026-06-12,2025-12-20T12:00:00Z
4753,Williams,Liam,3.30,2026-06-13,2020-01-21T12:00:00Z
4754,Brown,Emma,3.40,2026-06-14,2021-02-22T12:00:00Z
4755,Jones,Oliver,3.50,2026-06-15,2022-03-23T12:00:00Z
4756,Garcia,Ava,3.60,2026-06-16,2023-04-24T12:00:00Z
4757,Miller,Elijah,3.70,2026-06-17,2024-05-25T12:00:00Z
4758,Davis,Sophia,3.80,2026-06-18,2025-06-26T12:00:00Z
4759,Rodriguez,James,3.90,2026-06-19,2020-07-27T12:00:00Z
4760,Martinez,Isabella,4.00,2026-06-20,2021-08-28T12:00:00Z
4761,Hernandez,William,2.10,2026-06-21,2022-09-01T12:00:00Z
4762,Lopez,Mia,2.20,2026-06-22,2023-10-02T12:00:00Z
4763,Gonzalez,Benjamin,2.30,2026-06-23,2024-11-03T12:00:00Z
4764,Wilson,Charlotte,2.40,2026-06-24,2025-12-04T12:00:00Z
4765,Anderson,Lucas,2.50,2026-06-25,2020-01-05T12:00:00Z
4766,Thomas,Amelia,2.60,2026-06-26,2021-02-06T12:00:00Z
4767,Taylor,Henry,2.70,2026-06-27,2022-03-07T12:00:00Z
4768,Moore,Harper,2.80,2026-06-28,2023-04-08T12:00:00Z
4769,Jackson,Theodore,2.90,2026-06-29,2024-05-09T12:00:00Z
4770,Martin,Evelyn,3.00,2026-06-30,2025-06-10T12:00:00Z
4771,Lee,Jack,3.10,2026-06-01,2020-07-11T12:00:00Z
4772,Perez,Abigail,3.20,2026-06-02,2021-08-12T12:00:00Z
4773,Thompson,Levi,3.30,2026-06-03,2022-09-13T12:00:00Z
4774,White,Emily,3.40,2026-06-04,2023-10-14T12:00:00Z
4775,Harris,Alexander,3.50,2026-06-05,2024-11-15T12:00:00Z
4776,Sanchez,Ella,3.60,2026-06-06,2025-12-16T12:00:00Z
4777,Clark,Jackson,3.70,2026-06-07,2020-01-17T12:00:00Z
4778,Ramirez,Avery,3.80,2026-06-08,2021-02-18T12:00:00Z
4779,Lewis,Mateo,3.90,2026-06-09,2022-03-19T12:00:00Z
4780,Robinson,Sofia,4.00,2026-06-10,2023-04-20T12:00:00Z
4781,Walker,Daniel,2.10,2026-06-11,2024-05-21T12:00:00Z
4782,Young,Camila,2.20,2026-06-12,2025-06-22T12:00:00Z
4783,Allen,Michael,2.30,2026-06-13,2020-07-23T12:00:00Z
4784,King,Aria,2.40,2026-06-14,2021-08-24T12:00:00Z
4785,Wright,Mason,2.50,2026-06-15,2022-09-25T12:00:00Z
4786,Scott,Scarlett,2.60,2026-06-16,2023-10-26T12:00:00Z
4787,Torres,Sebastian,2.70,2026-06-17,2024-11-27T12:00:00Z
4788,Nguyen,Victoria,2.80,2026-06-18,2025-12-28T12:00:00Z
4789,Hill,Ethan,2.90,2026-06-19,2020-01-01T12:00:00Z
4790,Flores,Madison,3.00,2026-06-20,2021-02-02T12:00:00Z
4791,Green,Logan,3.10,2026-06-21,2022-03-03T12:00:00Z
4792,Adams,Luna,3.20,2026-06-22,2023-04-04T12:00:00Z
4793,Nelson,Owen,3.30,2026-06-23,2024-05-05T12:00:00Z
4794,Baker,Grace,3.40,2026-06-24,2025-06-06T12:00:00Z
4795,Hall,Samuel,3.50,2026-06-25,2020-07-07T12:00:00Z
4796,Rivera,Chloe,3.60,2026-06-26,2021-08-08T12:00:00Z
4797,Campbell,Jacob,3.70,2026-06-27,2022-09-09T12:00:00Z
4798,Mitchell,Penelope,3.80,2026-06-28,2023-10-10T12:00:00Z
4799,Carter,Asher,3.90,2026-06-29,2024-11-11T12:00:00Z
4800,Roberts,Layla,4.00,2026-06-30,2025-12-12T12:00:00Z
4801,Smith,Noah,2.10,2026-06-01,2020-01-13T12:00:00Z
4802,Johnson,Olivia,2.20,2026-06-02,2021-02-14T12:00:00Z
4803,Williams,Liam,2.30,2026-06-03,2022-03-15T12:00:00Z
4804,Brown,Emma,2.40,2026-06-04,2023-04-16T12:00:00Z
4805,Jones,Oliver,2.50,2026-06-05,2024-05-17T12:00:00Z
4806,Garcia,Ava,2.60,2026-06-06,2025-06-18T12:00:00Z
4807,Miller,Elijah,2.70,2026-06-07,2020-07-19T12:00:00Z
4808,Davis,Sophia,2.80,2026-06-08,2021-08-20T12:00:00Z
4809,Rodriguez,James,2.90,2026-06-09,2022-09-21T12:00:00Z
4810,Martinez,Isabella,3.00,2026-06-10,2023-10-22T12:00:00Z
4811,Hernandez,William,3.10,2026-06-11,2024-11-23T12:00:00Z
4812,Lopez,Mia,3.20,2026-06-12,2025-12-24T12:00:00Z
4813,Gonzalez,Benjamin,3.30,2026-06-13,2020-01-25T12:00:00Z
4814,Wilson,Charlotte,3.40,2026-06-14,2021-02-26T12:00:00Z
4815,Anderson,Lucas,3.50,2026-06-15,2022-03-27T12:00:00Z
4816,Thomas,Amelia,3.60,2026-06-16,2023-04-28T12:00:00Z
4817,Taylor,Henry,3.70,2026-06-17,2024-05-01T12:00:00Z
4818,Moore,Harper,3.80,2026-06-18,2025-06-02T12:00:00Z
4819,Jackson,Theodore,3.90,2026-06-19,2020-07-03T12:00:00Z
4820,Martin,Evelyn,4.00,2026-06-20,2021-08-04T12:00:00Z
4821,Lee,Jack,2.10,2026-06-21,2022-09-05T12:00:00Z
4822,Perez,Abigail,2.20,2026-06-22,2023-10-06T12:00:00Z
4823,Thompson,Levi,2.30,2026-06-23,2024-11-07T12:00:00Z
4824,White,Emily,2.40,2026-06-24,2025-12-08T12:00:00Z
4825,Harris,Alexander,2.50,2026-06-25,2020-01-09T12:00:00Z
4826,Sanchez,Ella,2.60,2026-06-26,2021-02-10T12:00:00Z
4827,Clark,Jackson,2.70,2026-06-27,2022-03-11T12:00:00Z
4828,Ramirez,Avery,2.80,2026-06-28,2023-04-12T12:00:00Z
4829,Lewis,Mateo,2.90,2026-06-29,2024-05-13T12:00:00Z
4830,Robinson,Sofia,3.00,2026-06-30,2025-06-14T12:00:00Z
4831,Walker,Daniel,3.10,2026-06-01,2020-07-15T12:00:00Z
4832,Young,Camila,3.20,2026-06-02,2021-08-16T12:00:00Z
4833,Allen,Michael,3.30,2026-06-03,2022-09-17T12:00:00Z
4834,King,Aria,3.40,2026-06-04,2023-10-18T12:00:00Z
4835,Wright,Mason,3.50,2026-06-05,2024-11-19T12:00:00Z
4836,Scott,Scarlett,3.60,2026-06-06,2025-12-20T12:00:00Z
4837,Torres,Sebastian,3.70,2026-06-07,2020-01-21T12:00:00Z
4838,Nguyen,Victoria,3.80,2026-06-08,2021-02-22T12:00:00Z
4839,Hill,Ethan,3.90,2026-06-09,2022-03-23T12:00:00Z
4840,Flores,Madison,4.00,2026-06-10,2023-04-24T12:00:00Z
4841,Green,Logan,2.10,2026-06-11,2024-05-25T12:00:00Z
4842,Adams,Luna,2.20,2026-06-12,2025-06-26T12:00:00Z
4843,Nelson,Owen,2.30,2026-06-13,2020-07-27T12:00:00Z
4844,Baker,Grace,2.40,2026-06-14,2021-08-28T12:00:00Z
4845,Hall,Samuel,2.50,2026-06-15,2022-09-01T12:00:00Z
4846,Rivera,Chloe,2.60,2026-06-16,2023-10-02T12:00:00Z
4847,Campbell,Jacob,2.70,2026-06-17,2024-11-03T12:00:00Z
4848,Mitchell,Penelope,2.80,2026-06-18,2025-12-04T12:00:00Z
4849,Carter,Asher,2.90,2026-06-19,2020-01-05T12:00:00Z
4850,Roberts,Layla,3.00,2026-06-20,2021-02-06T12:00:00Z
4851,Smith,Noah,3.10,2026-06-21,2022-03-07T12:00:00Z
4852,Johnson,Olivia,3.20,2026-06-22,2023-04-08T12:00:00Z
4853,Williams,Liam,3.30,2026-06-23,2024-05-09T12:00:00Z
4854,Brown,Emma,3.40,2026-06-24,2025-06-10T12:00:00Z
4855,Jones,Oliver,3.50,2026-06-25,2020-07-11T12:00:00Z
4856,Garcia,Ava,3.60,2026-06-26,2021-08-12T12:00:00Z
4857,Miller,Elijah,3.70,2026-06-27,2022-09-13T12:00:00Z
4858,Davis,Sophia,3.80,2026-06-28,2023-10-14T12:00:00Z
4859,Rodriguez,James,3.90,2026-06-29,2024-11-15T12:00:00Z
4860,Martinez,Isabella,4.00,2026-06-30,2025-12-16T12:00:00Z
4861,Hernandez,William,2.10,2026-06-01,2020-01-17T12:00:00Z
4862,Lopez,Mia,2.20,2026-06-02,2021-02-18T12:00:00Z
4863,Gonzalez,Benjamin,2.30,2026-06-03,2022-03-19T12:00:00Z
4864,Wilson,Charlotte,2.40,2026-06-04,2023-04-20T12:00:00Z
4865,Anderson,Lucas,2.50,2026-06-05,2024-05-21T12:00:00Z
4866,Thomas,Amelia,2.60,2026-06-06,2025-06-22T12:00:00Z
4867,Taylor,Henry,2.70,2026-06-07,2020-07-23T12:00:00Z
4868,Moore,Harper,2.80,2026-06-08,2021-08-24T12:00:00Z
4869,Jackson,Theodore,2.90,2026-06-09,2022-09-25T12:00:00Z
4870,Martin,Evelyn,3.00,2026-06-10,2023-10-26T12:00:00Z
4871,Lee,Jack,3.10,2026-06-11,2024-11-27T12:00:00Z
4872,Perez,Abigail,3.20,2026-06-12,2025-12-28T12:00:00Z
4873,Thompson,Levi,3.30,2026-06-13,2020-01-01T12:00:00Z
4874,White,Emily,3.40,2026-06-14,2021-02-02T12:00:00Z
4875,Harris,Alexander,3.50,2026-06-15,2022-03-03T12:00:00Z
4876,Sanchez,Ella,3.60,2026-06-16,2023-04-04T12:00:00Z
4877,Clark,Jackson,3.70,2026-06-17,2024-05-05T12:00:00Z
4878,Ramirez,Avery,3.80,2026-06-18,2025-06-06T12:00:00Z
4879,Lewis,Mateo,3.90,2026-06-19,2020-07-07T12:00:00Z
4880,Robinson,Sofia,4.00,2026-06-20,2021-08-08T12:00:00Z
4881,Walker,Daniel,2.10,2026-06-21,2022-09-09T12:00:00Z
4882,Young,Camila,2.20,2026-06-22,2023-10-10T12:00:00Z
4883,Allen,Michael,2.30,2026-06-23,2024-11-11T12:00:00Z
4884,King,Aria,2.40,2026-06-24,2025-12-12T12:00:00Z
4885,Wright,Mason,2.50,2026-06-25,2020-01-13T12:00:00Z
4886,Scott,Scarlett,2.60,2026-06-26,2021-02-14T12:00:00Z
4887,Torres,Sebastian,2.70,2026-06-27,2022-03-15T12:00:00Z
4888,Nguyen,Victoria,2.80,2026-06-28,2023-04-16T12:00:00Z
4889,Hill,Ethan,2.90,2026-06-29,2024-05-17T12:00:00Z
4890,Flores,Madison,3.00,2026-06-30,2025-06-18T12:00:00Z
4891,Green,Logan,3.10,2026-06-01,2020-07-19T12:00:00Z
4892,Adams,Luna,3.20,2026-06-02,2021-08-20T12:00:00Z
4893,Nelson,Owen,3.30,2026-06-03,2022-09-21T12:00:00Z
4894,Baker,Grace,3.40,2026-06-04,2023-10-22T12:00:00Z
4895,Hall,Samuel,3.50,2026-06-05,2024-11-23T12:00:00Z
4896,Rivera,Chloe,3.60,2026-06-06,2025-12-24T12:00:00Z
4897,Campbell,Jacob,3.70,2026-06-07,2020-01-25T12:00:00Z
4898,Mitchell,Penelope,3.80,2026-06-08,2021-02-26T12:00:00Z
4899,Carter,Asher,3.90,2026-06-09,2022-03-27T12:00:00Z
4900,Roberts,Layla,4.00,2026-06-10,2023-04-28T12:00:00Z
4901,Smith,Noah,2.10,2026-06-11,2024-05-01T12:00:00Z
4902,Johnson,Olivia,2.20,2026-06-12,2025-06-02T12:00:00Z
4903,Williams,Liam,2.30,2026-06-13,2020-07-03T12:00:00Z
4904,Brown,Emma,2.40,2026-06-14,2021-08-04T12:00:00Z
4905,Jones,Oliver,2.50,2026-06-15,2022-09-05T12:00:00Z
4906,Garcia,Ava,2.60,2026-06-16,2023-10-06T12:00:00Z
4907,Miller,Elijah,2.70,2026-06-17,2024-11-07T12:00:00Z
4908,Davis,Sophia,2.80,2026-06-18,2025-12-08T12:00:00Z
4909,Rodriguez,James,2.90,2026-06-19,2020-01-09T12:00:00Z
4910,Martinez,Isabella,3.00,2026-06-20,2021-02-10T12:00:00Z
4911,Hernandez,William,3.10,2026-06-21,2022-03-11T12:00:00Z
4912,Lopez,Mia,3.20,2026-06-22,2023-04-12T12:00:00Z
4913,Gonzalez,Benjamin,3.30,2026-06-23,2024-05-13T12:00:00Z
4914,Wilson,Charlotte,3.40,2026-06-24,2025-06-14T12:00:00Z
4915,Anderson,Lucas,3.50,2026-06-25,2020-07-15T12:00:00Z
4916,Thomas,Amelia,3.60,2026-06-26,2021-08-16T12:00:00Z
4917,Taylor,Henry,3.70,2026-06-27,2022-09-17T12:00:00Z
4918,Moore,Harper,3.80,2026-06-28,2023-10-18T12:00:00Z
4919,Jackson,Theodore,3.90,2026-06-29,2024-11-19T12:00:00Z
4920,Martin,Evelyn,4.00,2026-06-30,2025-12-20T12:00:00Z
4921,Lee,Jack,2.10,2026-06-01,2020-01-21T12:00:00Z
4922,Perez,Abigail,2.20,2026-06-02,2021-02-22T12:00:00Z
4923,Thompson,Levi,2.30,2026-06-03,2022-03-23T12:00:00Z
4924,White,Emily,2.40,2026-06-04,2023-04-24T12:00:00Z
4925,Harris,Alexander,2.50,2026-06-05,2024-05-25T12:00:00Z
4926,Sanchez,Ella,2.60,2026-06-06,2025-06-26T12:00:00Z
4927,Clark,Jackson,2.70,2026-06-07,2020-07-27T12:00:00Z
4928,Ramirez,Avery,2.80,2026-06-08,2021-08-28T12:00:00Z
4929,Lewis,Mateo,2.90,2026-06-09,2022-09-01T12:00:00Z
4930,Robinson,Sofia,3.00,2026-06-10,2023-10-02T12:00:00Z
4931,Walker,Daniel,3.10,2026-06-11,2024-11-03T12:00:00Z
4932,Young,Camila,3.20,2026-06-12,2025-12-04T12:00:00Z
4933,Allen,Michael,3.30,2026-06-13,2020-01-05T12:00:00Z
4934,King,Aria,3.40,2026-06-14,2021-02-06T12:00:00Z
4935,Wright,Mason,3.50,2026-06-15,2022-03-07T12:00:00Z
4936,Scott,Scarlett,3.60,2026-06-16,2023-04-08T12:00:00Z
4937,Torres,Sebastian,3.70,2026-06-17,2024-05-09T12:00:00Z
4938,Nguyen,Victoria,3.80,2026-06-18,2025-06-10T12:00:00Z
4939,Hill,Ethan,3.90,2026-06-19,2020-07-11T12:00:00Z
4940,Flores,Madison,4.00,2026-06-20,2021-08-12T12:00:00Z
4941,Green,Logan,2.10,2026-06-21,2022-09-13T12:00:00Z
4942,Adams,Luna,2.20,2026-06-22,2023-10-14T12:00:00Z
4943,Nelson,Owen,2.30,2026-06-23,2024-11-15T12:00:00Z
4944,Baker,Grace,2.40,2026-06-24,2025-12-16T12:00:00Z
4945,Hall,Samuel,2.50,2026-06-25,2020-01-17T12:00:00Z
4946,Rivera,Chloe,2.60,2026-06-26,2021-02-18T12:00:00Z
4947,Campbell,Jacob,2.70,2026-06-27,2022-03-19T12:00:00Z
4948,Mitchell,Penelope,2.80,2026-06-28,2023-04-20T12:00:00Z
4949,Carter,Asher,2.90,2026-06-29,2024-05-21T12:00:00Z
4950,Roberts,Layla,3.00,2026-06-30,2025-06-22T12:00:00Z
4951,Smith,Noah,3.10,2026-06-01,2020-07-23T12:00:00Z
4952,Johnson,Olivia,3.20,2026-06-02,2021-08-24T12:00:00Z
4953,Williams,Liam,3.30,2026-06-03,2022-09-25T12:00:00Z
4954,Brown,Emma,3.40,2026-06-04,2023-10-26T12:00:00Z
4955,Jones,Oliver,3.50,2026-06-05,2024-11-27T12:00:00Z
4956,Garcia,Ava,3.60,2026-06-06,2025-12-28T12:00:00Z
4957,Miller,Elijah,3.70,2026-06-07,2020-01-01T12:00:00Z
4958,Davis,Sophia,3.80,2026-06-08,2021-02-02T12:00:00Z
4959,Rodriguez,James,3.90,2026-06-09,2022-03-03T12:00:00Z
4960,Martinez,Isabella,4.00,2026-06-10,2023-04-04T12:00:00Z
4961,Hernandez,William,2.10,2026-06-11,2024-05-05T12:00:00Z
4962,Lopez,Mia,2.20,2026-06-12,2025-06-06T12:00:00Z
4963,Gonzalez,Benjamin,2.30,2026-06-13,2020-07-07T12:00:00Z
4964,Wilson,Charlotte,2.40,2026-06-14,2021-08-08T12:00:00Z
4965,Anderson,Lucas,2.50,2026-06-15,2022-09-09T12:00:00Z
4966,Thomas,Amelia,2.60,2026-06-16,2023-10-10T12:00:00Z
4967,Taylor,Henry,2.70,2026-06-17,2024-11-11T12:00:00Z
4968,Moore,Harper,2.80,2026-06-18,2025-12-12T12:00:00Z
4969,Jackson,Theodore,2.90,2026-06-19,2020-01-13T12:00:00Z
4970,Martin,Evelyn,3.00,2026-06-20,2021-02-14T12:00:00Z
4971,Lee,Jack,3.10,2026-06-21,2022-03-15T12:00:00Z
4972,Perez,Abigail,3.20,2026-06-22,2023-04-16T12:00:00Z
4973,Thompson,Levi,3.30,2026-06-23,2024-05-17T12:00:00Z
4974,White,Emily,3.40,2026-06-24,2025-06-18T12:00:00Z
4975,Harris,Alexander,3.50,2026-06-25,2020-07-19T12:00:00Z
4976,Sanchez,Ella,3.60,2026-06-26,2021-08-20T12:00:00Z
4977,Clark,Jackson,3.70,2026-06-27,2022-09-21T12:00:00Z
4978,Ramirez,Avery,3.80,2026-06-28,2023-10-22T12:00:00Z
4979,Lewis,Mateo,3.90,2026-06-29,2024-11-23T12:00:00Z
4980,Robinson,Sofia,4.00,2026-06-30,2025-12-24T12:00:00Z
4981,Walker,Daniel,2.10,2026-06-01,2020-01-25T12:00:00Z
4982,Young,Camila,2.20,2026-06-02,2021-02-26T12:00:00Z
4983,Allen,Michael,2.30,2026-06-03,2022-03-27T12:00:00Z
4984,King,Aria,2.40,2026-06-04,2023-04-28T12:00:00Z
4985,Wright,Mason,2.50,2026-06-05,2024-05-01T12:00:00Z
4986,Scott,Scarlett,2.60,2026-06-06,2025-06-02T12:00:00Z
4987,Torres,Sebastian,2.70,2026-06-07,2020-07-03T12:00:00Z
4988,Nguyen,Victoria,2.80,2026-06-08,2021-08-04T12:00:00Z
4989,Hill,Ethan,2.90,2026-06-09,2022-09-05T12:00:00Z
4990,Flores,Madison,3.00,2026-06-10,2023-10-06T12:00:00Z
4991,Green,Logan,3.10,2026-06-11,2024-11-07T12:00:00Z
4992,Adams,Luna,3.20,2026-06-12,2025-12-08T12:00:00Z
4993,Nelson,Owen,3.30,2026-06-13,2020-01-09T12:00:00Z
4994,Baker,Grace,3.40,2026-06-14,2021-02-10T12:00:00Z
4995,Hall,Samuel,3.50,2026-06-15,2022-03-11T12:00:00Z
4996,Rivera,Chloe,3.60,2026-06-16,2023-04-12T12:00:00Z
4997,Campbell,Jacob,3.70,2026-06-17,2024-05-13T12:00:00Z
4998,Mitchell,Penelope,3.80,2026-06-18,2025-06-14T12:00:00Z
4999,Carter,Asher,3.90,2026-06-19,2020-07-15T12:00:00Z
5000,Roberts,Layla,4.00,2026-06-20,2021-08-16T12:00:00Z
5001,Smith,Noah,2.10,2026-06-21,2022-09-17T12:00:00Z
5002,Johnson,Olivia,2.20,2026-06-22,2023-10-18T12:00:00Z
5003,Williams,Liam,2.30,2026-06-23,2024-11-19T12:00:00Z
5004,Brown,Emma,2.40,2026-06-24,2025-12-20T12:00:00Z
5005,Jones,Oliver,2.50,2026-06-25,2020-01-21T12:00:00Z
5006,Garcia,Ava,2.60,2026-06-26,2021-02-22T12:00:00Z
5007,Miller,Elijah,2.70,2026-06-27,2022-03-23T12:00:00Z
5008,Davis,Sophia,2.80,2026-06-28,2023-04-24T12:00:00Z
5009,Rodriguez,James,2.90,2026-06-29,2024-05-25T12:00:00Z
5010,Martinez,Isabella,3.00,2026-06-30,2025-06-26T12:00:00Z
5011,Hernandez,William,3.10,2026-06-01,2020-07-27T12:00:00Z
5012,Lopez,Mia,3.20,2026-06-02,2021-08-28T12:00:00Z
5013,Gonzalez,Benjamin,3.30,2026-06-03,2022-09-01T12:00:00Z
5014,Wilson,Charlotte,3.40,2026-06-04,2023-10-02T12:00:00Z
5015,Anderson,Lucas,3.50,2026-06-05,2024-11-03T12:00:00Z
5016,Thomas,Amelia,3.60,2026-06-06,2025-12-04T12:00:00Z
5017,Taylor,Henry,3.70,2026-06-07,2020-01-05T12:00:00Z
5018,Moore,Harper,3.80,2026-06-08,2021-02-06T12:00:00Z
5019,Jackson,Theodore,3.90,2026-06-09,2022-03-07T12:00:00Z
5020,Martin,Evelyn,4.00,2026-06-10,2023-04-08T12:00:00Z
5021,Lee,Jack,2.10,2026-06-11,2024-05-09T12:00:00Z
5022,Perez,Abigail,2.20,2026-06-12,2025-06-10T12:00:00Z
5023,Thompson,Levi,2.30,2026-06-13,2020-07-11T12:00:00Z
5024,White,Emily,2.40,2026-06-14,2021-08-12T12:00:00Z
5025,Harris,Alexander,2.50,2026-06-15,2022-09-13T12:00:00Z
5026,Sanchez,Ella,2.60,2026-06-16,2023-10-14T12:00:00Z
5027,Clark,Jackson,2.70,2026-06-17,2024-11-15T12:00:00Z
5028,Ramirez,Avery,2.80,2026-06-18,2025-12-16T12:00:00Z
5029,Lewis,Mateo,2.90,2026-06-19,2020-01-17T12:00:00Z
5030,Robinson,Sofia,3.00,2026-06-20,2021-02-18T12:00:00Z
5031,Walker,Daniel,3.10,2026-06-21,2022-03-19T12:00:00Z
5032,Young,Camila,3.20,2026-06-22,2023-04-20T12:00:00Z
5033,Allen,Michael,3.30,2026-06-23,2024-05-21T12:00:00Z
5034,King,Aria,3.40,2026-06-24,2025-06-22T12:00:00Z
5035,Wright,Mason,3.50,2026-06-25,2020-07-23T12:00:00Z
5036,Scott,Scarlett,3.60,2026-06-26,2021-08-24T12:00:00Z
5037,Torres,Sebastian,3.70,2026-06-27,2022-09-25T12:00:00Z
5038,Nguyen,Victoria,3.80,2026-06-28,2023-10-26T12:00:00Z
5039,Hill,Ethan,3.90,2026-06-29,2024-11-27T12:00:00Z
5040,Flores,Madison,4.00,2026-06-30,2025-12-28T12:00:00Z
5041,Green,Logan,2.10,2026-06-01,2020-01-01T12:00:00Z
5042,Adams,Luna,2.20,2026-06-02,2021-02-02T12:00:00Z
5043,Nelson,Owen,2.30,2026-06-03,2022-03-03T12:00:00Z
5044,Baker,Grace,2.40,2026-06-04,2023-04-04T12:00:00Z
5045,Hall,Samuel,2.50,2026-06-05,2024-05-05T12:00:00Z
5046,Rivera,Chloe,2.60,2026-06-06,2025-06-06T12:00:00Z
5047,Campbell,Jacob,2.70,2026-06-07,2020-07-07T12:00:00Z
5048,Mitchell,Penelope,2.80,2026-06-08,2021-08-08T12:00:00Z
5049,Carter,Asher,2.90,2026-06-09,2022-09-09T12:00:00Z
5050,Roberts,Layla,3.00,2026-06-10,2023-10-10T12:00:00Z
5051,Smith,Noah,3.10,2026-06-11,2024-11-11T12:00:00Z
5052,Johnson,Olivia,3.20,2026-06-12,2025-12-12T12:00:00Z
5053,Williams,Liam,3.30,2026-06-13,2020-01-13T12:00:00Z
5054,Brown,Emma,3.40,2026-06-14,2021-02-14T12:00:00Z
5055,Jones,Oliver,3.50,2026-06-15,2022-03-15T12:00:00Z
5056,Garcia,Ava,3.60,2026-06-16,2023-04-16T12:00:00Z
5057,Miller,Elijah,3.70,2026-06-17,2024-05-17T12:00:00Z
5058,Davis,Sophia,3.80,2026-06-18,2025-06-18T12:00:00Z
5059,Rodriguez,James,3.90,2026-06-19,2020-07-19T12:00:00Z
5060,Martinez,Isabella,4.00,2026-06-20,2021-08-20T12:00:00Z
5061,Hernandez,William,2.10,2026-06-21,2022-09-21T12:00:00Z
5062,Lopez,Mia,2.20,2026-06-22,2023-10-22T12:00:00Z
5063,Gonzalez,Benjamin,2.30,2026-06-23,2024-11-23T12:00:00Z
5064,Wilson,Charlotte,2.40,2026-06-24,2025-12-24T12:00:00Z
5065,Anderson,Lucas,2.50,2026-06-25,2020-01-25T12:00:00Z
5066,Thomas,Amelia,2.60,2026-06-26,2021-02-26T12:00:00Z
5067,Taylor,Henry,2.70,2026-06-27,2022-03-27T12:00:00Z
5068,Moore,Harper,2.80,2026-06-28,2023-04-28T12:00:00Z
5069,Jackson,Theodore,2.90,2026-06-29,2024-05-01T12:00:00Z
5070,Martin,Evelyn,3.00,2026-06-30,2025-06-02T12:00:00Z
5071,Lee,Jack,3.10,2026-06-01,2020-07-03T12:00:00Z
5072,Perez,Abigail,3.20,2026-06-02,2021-08-04T12:00:00Z
5073,Thompson,Levi,3.30,2026-06-03,2022-09-05T12:00:00Z
5074,White,Emily,3.40,2026-06-04,2023-10-06T12:00:00Z
5075,Harris,Alexander,3.50,2026-06-05,2024-11-07T12:00:00Z
5076,Sanchez,Ella,3.60,2026-06-06,2025-12-08T12:00:00Z
5077,Clark,Jackson,3.70,2026-06-07,2020-01-09T12:00:00Z
5078,Ramirez,Avery,3.80,2026-06-08,2021-02-10T12:00:00Z
5079,Lewis,Mateo,3.90,2026-06-09,2022-03-11T12:00:00Z
5080,Robinson,Sofia,4.00,2026-06-10,2023-04-12T12:00:00Z
5081,Walker,Daniel,2.10,2026-06-11,2024-05-13T12:00:00Z
5082,Young,Camila,2.20,2026-06-12,2025-06-14T12:00:00Z
5083,Allen,Michael,2.30,2026-06-13,2020-07-15T12:00:00Z
5084,King,Aria,2.40,2026-06-14,2021-08-16T12:00:00Z
5085,Wright,Mason,2.50,2026-06-15,2022-09-17T12:00:00Z
5086,Scott,Scarlett,2.60,2026-06-16,2023-10-18T12:00:00Z
5087,Torres,Sebastian,2.70,2026-06-17,2024-11-19T12:00:00Z
5088,Nguyen,Victoria,2.80,2026-06-18,2025-12-20T12:00:00Z
5089,Hill,Ethan,2.90,2026-06-19,2020-01-21T12:00:00Z
5090,Flores,Madison,3.00,2026-06-20,2021-02-22T12:00:00Z
5091,Green,Logan,3.10,2026-06-21,2022-03-23T12:00:00Z
5092,Adams,Luna,3.20,2026-06-22,2023-04-24T12:00:00Z
5093,Nelson,Owen,3.30,2026-06-23,2024-05-25T12:00:00Z
5094,Baker,Grace,3.40,2026-06-24,2025-06-26T12:00:00Z
5095,Hall,Samuel,3.50,2026-06-25,2020-07-27T12:00:00Z
5096,Rivera,Chloe,3.60,2026-06-26,2021-08-28T12:00:00Z
5097,Campbell,Jacob,3.70,2026-06-27,2022-09-01T12:00:00Z
5098,Mitchell,Penelope,3.80,2026-06-28,2023-10-02T12:00:00Z
5099,Carter,Asher,3.90,2026-06-29,2024-11-03T12:00:00Z
5100,Roberts,Layla,4.00,2026-06-30,2025-12-04T12:00:00Z
5101,Smith,Noah,2.10,2026-06-01,2020-01-05T12:00:00Z
5102,Johnson,Olivia,2.20,2026-06-02,2021-02-06T12:00:00Z
5103,Williams,Liam,2.30,2026-06-03,2022-03-07T12:00:00Z
5104,Brown,Emma,2.40,2026-06-04,2023-04-08T12:00:00Z
5105,Jones,Oliver,2.50,2026-06-05,2024-05-09T12:00:00Z
5106,Garcia,Ava,2.60,2026-06-06,2025-06-10T12:00:00Z
5107,Miller,Elijah,2.70,2026-06-07,2020-07-11T12:00:00Z
5108,Davis,Sophia,2.80,2026-06-08,2021-08-12T12:00:00Z
5109,Rodriguez,James,2.90,2026-06-09,2022-09-13T12:00:00Z
5110,Martinez,Isabella,3.00,2026-06-10,2023-10-14T12:00:00Z
5111,Hernandez,William,3.10,2026-06-11,2024-11-15T12:00:00Z
5112,Lopez,Mia,3.20,2026-06-12,2025-12-16T12:00:00Z
5113,Gonzalez,Benjamin,3.30,2026-06-13,2020-01-17T12:00:00Z
5114,Wilson,Charlotte,3.40,2026-06-14,2021-02-18T12:00:00Z
5115,Anderson,Lucas,3.50,2026-06-15,2022-03-19T12:00:00Z
5116,Thomas,Amelia,3.60,2026-06-16,2023-04-20T12:00:00Z
5117,Taylor,Henry,3.70,2026-06-17,2024-05-21T12:00:00Z
5118,Moore,Harper,3.80,2026-06-18,2025-06-22T12:00:00Z
5119,Jackson,Theodore,3.90,2026-06-19,2020-07-23T12:00:00Z
5120,Martin,Evelyn,4.00,2026-06-20,2021-08-24T12:00:00Z
5121,Lee,Jack,2.10,2026-06-21,2022-09-25T12:00:00Z
5122,Perez,Abigail,2.20,2026-06-22,2023-10-26T12:00:00Z
5123,Thompson,Levi,2.30,2026-06-23,2024-11-27T12:00:00Z
5124,White,Emily,2.40,2026-06-24,2025-12-28T12:00:00Z
5125,Harris,Alexander,2.50,2026-06-25,2020-01-01T12:00:00Z
5126,Sanchez,Ella,2.60,2026-06-26,2021-02-02T12:00:00Z
5127,Clark,Jackson,2.70,2026-06-27,2022-03-03T12:00:00Z
5128,Ramirez,Avery,2.80,2026-06-28,2023-04-04T12:00:00Z
5129,Lewis,Mateo,2.90,2026-06-29,2024-05-05T12:00:00Z
5130,Robinson,Sofia,3.00,2026-06-30,2025-06-06T12:00:00Z
5131,Walker,Daniel,3.10,2026-06-01,2020-07-07T12:00:00Z
5132,Young,Camila,3.20,2026-06-02,2021-08-08T12:00:00Z
5133,Allen,Michael,3.30,2026-06-03,2022-09-09T12:00:00Z
5134,King,Aria,3.40,2026-06-04,2023-10-10T12:00:00Z
5135,Wright,Mason,3.50,2026-06-05,2024-11-11T12:00:00Z
5136,Scott,Scarlett,3.60,2026-06-06,2025-12-12T12:00:00Z
5137,Torres,Sebastian,3.70,2026-06-07,2020-01-13T12:00:00Z
5138,Nguyen,Victoria,3.80,2026-06-08,2021-02-14T12:00:00Z
5139,Hill,Ethan,3.90,2026-06-09,2022-03-15T12:00:00Z
5140,Flores,Madison,4.00,2026-06-10,2023-04-16T12:00:00Z
5141,Green,Logan,2.10,2026-06-11,2024-05-17T12:00:00Z
5142,Adams,Luna,2.20,2026-06-12,2025-06-18T12:00:00Z
5143,Nelson,Owen,2.30,2026-06-13,2020-07-19T12:00:00Z
5144,Baker,Grace,2.40,2026-06-14,2021-08-20T12:00:00Z
5145,Hall,Samuel,2.50,2026-06-15,2022-09-21T12:00:00Z
5146,Rivera,Chloe,2.60,2026-06-16,2023-10-22T12:00:00Z
5147,Campbell,Jacob,2.70,2026-06-17,2024-11-23T12:00:00Z
5148,Mitchell,Penelope,2.80,2026-06-18,2025-12-24T12:00:00Z
5149,Carter,Asher,2.90,2026-06-19,2020-01-25T12:00:00Z
5150,Roberts,Layla,3.00,2026-06-20,2021-02-26T12:00:00Z
5151,Smith,Noah,3.10,2026-06-21,2022-03-27T12:00:00Z
5152,Johnson,Olivia,3.20,2026-06-22,2023-04-28T12:00:00Z
5153,Williams,Liam,3.30,2026-06-23,2024-05-01T12:00:00Z
5154,Brown,Emma,3.40,2026-06-24,2025-06-02T12:00:00Z
5155,Jones,Oliver,3.50,2026-06-25,2020-07-03T12:00:00Z
5156,Garcia,Ava,3.60,2026-06-26,2021-08-04T12:00:00Z
5157,Miller,Elijah,3.70,2026-06-27,2022-09-05T12:00:00Z
5158,Davis,Sophia,3.80,2026-06-28,2023-10-06T12:00:00Z
5159,Rodriguez,James,3.90,2026-06-29,2024-11-07T12:00:00Z
5160,Martinez,Isabella,4.00,2026-06-30,2025-12-08T12:00:00Z
5161,Hernandez,William,2.10,2026-06-01,2020-01-09T12:00:00Z
5162,Lopez,Mia,2.20,2026-06-02,2021-02-10T12:00:00Z
5163,Gonzalez,Benjamin,2.30,2026-06-03,2022-03-11T12:00:00Z
5164,Wilson,Charlotte,2.40,2026-06-04,2023-04-12T12:00:00Z
5165,Anderson,Lucas,2.50,2026-06-05,2024-05-13T12:00:00Z
5166,Thomas,Amelia,2.60,2026-06-06,2025-06-14T12:00:00Z
5167,Taylor,Henry,2.70,2026-06-07,2020-07-15T12:00:00Z
5168,Moore,Harper,2.80,2026-06-08,2021-08-16T12:00:00Z
5169,Jackson,Theodore,2.90,2026-06-09,2022-09-17T12:00:00Z
5170,Martin,Evelyn,3.00,2026-06-10,2023-10-18T12:00:00Z
5171,Lee,Jack,3.10,2026-06-11,2024-11-19T12:00:00Z
5172,Perez,Abigail,3.20,2026-06-12,2025-12-20T12:00:00Z
5173,Thompson,Levi,3.30,2026-06-13,2020-01-21T12:00:00Z
5174,White,Emily,3.40,2026-06-14,2021-02-22T12:00:00Z
5175,Harris,Alexander,3.50,2026-06-15,2022-03-23T12:00:00Z
5176,Sanchez,Ella,3.60,2026-06-16,2023-04-24T12:00:00Z
5177,Clark,Jackson,3.70,2026-06-17,2024-05-25T12:00:00Z
5178,Ramirez,Avery,3.80,2026-06-18,2025-06-26T12:00:00Z
5179,Lewis,Mateo,3.90,2026-06-19,2020-07-27T12:00:00Z
5180,Robinson,Sofia,4.00,2026-06-20,2021-08-28T12:00:00Z
5181,Walker,Daniel,2.10,2026-06-21,2022-09-01T12:00:00Z
5182,Young,Camila,2.20,2026-06-22,2023-10-02T12:00:00Z
5183,Allen,Michael,2.30,2026-06-23,2024-11-03T12:00:00Z
5184,King,Aria,2.40,2026-06-24,2025-12-04T12:00:00Z
5185,Wright,Mason,2.50,2026-06-25,2020-01-05T12:00:00Z
5186,Scott,Scarlett,2.60,2026-06-26,2021-02-06T12:00:00Z
5187,Torres,Sebastian,2.70,2026-06-27,2022-03-07T12:00:00Z
5188,Nguyen,Victoria,2.80,2026-06-28,2023-04-08T12:00:00Z
5189,Hill,Ethan,2.90,2026-06-29,2024-05-09T12:00:00Z
5190,Flores,Madison,3.00,2026-06-30,2025-06-10T12:00:00Z
5191,Green,Logan,3.10,2026-06-01,2020-07-11T12:00:00Z
5192,Adams,Luna,3.20,2026-06-02,2021-08-12T12:00:00Z
5193,Nelson,Owen,3.30,2026-06-03,2022-09-13T12:00:00Z
5194,Baker,Grace,3.40,2026-06-04,2023-10-14T12:00:00Z
5195,Hall,Samuel,3.50,2026-06-05,2024-11-15T12:00:00Z
5196,Rivera,Chloe,3.60,2026-06-06,2025-12-16T12:00:00Z
5197,Campbell,Jacob,3.70,2026-06-07,2020-01-17T12:00:00Z
5198,Mitchell,Penelope,3.80,2026-06-08,2021-02-18T12:00:00Z
5199,Carter,Asher,3.90,2026-06-09,2022-03-19T12:00:00Z
5200,Roberts,Layla,4.00,2026-06-10,2023-04-20T12:00:00Z
5201,Smith,Noah,2.10,2026-06-11,2024-05-21T12:00:00Z
5202,Johnson,Olivia,2.20,2026-06-12,2025-06-22T12:00:00Z
5203,Williams,Liam,2.30,2026-06-13,2020-07-23T12:00:00Z
5204,Brown,Emma,2.40,2026-06-14,2021-08-24T12:00:00Z
5205,Jones,Oliver,2.50,2026-06-15,2022-09-25T12:00:00Z
5206,Garcia,Ava,2.60,2026-06-16,2023-10-26T12:00:00Z
5207,Miller,Elijah,2.70,2026-06-17,2024-11-27T12:00:00Z
5208,Davis,Sophia,2.80,2026-06-18,2025-12-28T12:00:00Z
5209,Rodriguez,James,2.90,2026-06-19,2020-01-01T12:00:00Z
5210,Martinez,Isabella,3.00,2026-06-20,2021-02-02T12:00:00Z
5211,Hernandez,William,3.10,2026-06-21,2022-03-03T12:00:00Z
5212,Lopez,Mia,3.20,2026-06-22,2023-04-04T12:00:00Z
5213,Gonzalez,Benjamin,3.30,2026-06-23,2024-05-05T12:00:00Z
5214,Wilson,Charlotte,3.40,2026-06-24,2025-06-06T12:00:00Z
5215,Anderson,Lucas,3.50,2026-06-25,2020-07-07T12:00:00Z
5216,Thomas,Amelia,3.60,2026-06-26,2021-08-08T12:00:00Z
5217,Taylor,Henry,3.70,2026-06-27,2022-09-09T12:00:00Z
5218,Moore,Harper,3.80,2026-06-28,2023-10-10T12:00:00Z
5219,Jackson,Theodore,3.90,2026-06-29,2024-11-11T12:00:00Z
5220,Martin,Evelyn,4.00,2026-06-30,2025-12-12T12:00:00Z
5221,Lee,Jack,2.10,2026-06-01,2020-01-13T12:00:00Z
5222,Perez,Abigail,2.20,2026-06-02,2021-02-14T12:00:00Z
5223,Thompson,Levi,2.30,2026-06-03,2022-03-15T12:00:00Z
5224,White,Emily,2.40,2026-06-04,2023-04-16T12:00:00Z
5225,Harris,Alexander,2.50,2026-06-05,2024-05-17T12:00:00Z
5226,Sanchez,Ella,2.60,2026-06-06,2025-06-18T12:00:00Z
5227,Clark,Jackson,2.70,2026-06-07,2020-07-19T12:00:00Z
5228,Ramirez,Avery,2.80,2026-06-08,2021-08-20T12:00:00Z
5229,Lewis,Mateo,2.90,2026-06-09,2022-09-21T12:00:00Z
5230,Robinson,Sofia,3.00,2026-06-10,2023-10-22T12:00:00Z
5231,Walker,Daniel,3.10,2026-06-11,2024-11-23T12:00:00Z
5232,Young,Camila,3.20,2026-06-12,2025-12-24T12:00:00Z
5233,Allen,Michael,3.30,2026-06-13,2020-01-25T12:00:00Z
5234,King,Aria,3.40,2026-06-14,2021-02-26T12:00:00Z
5235,Wright,Mason,3.50,2026-06-15,2022-03-27T12:00:00Z
5236,Scott,Scarlett,3.60,2026-06-16,2023-04-28T12:00:00Z
5237,Torres,Sebastian,3.70,2026-06-17,2024-05-01T12:00:00Z
5238,Nguyen,Victoria,3.80,2026-06-18,2025-06-02T12:00:00Z
5239,Hill,Ethan,3.90,2026-06-19,2020-07-03T12:00:00Z
5240,Flores,Madison,4.00,2026-06-20,2021-08-04T12:00:00Z
5241,Green,Logan,2.10,2026-06-21,2022-09-05T12:00:00Z
5242,Adams,Luna,2.20,2026-06-22,2023-10-06T12:00:00Z
5243,Nelson,Owen,2.30,2026-06-23,2024-11-07T12:00:00Z
5244,Baker,Grace,2.40,2026-06-24,2025-12-08T12:00:00Z
5245,Hall,Samuel,2.50,2026-06-25,2020-01-09T12:00:00Z
5246,Rivera,Chloe,2.60,2026-06-26,2021-02-10T12:00:00Z
5247,Campbell,Jacob,2.70,2026-06-27,2022-03-11T12:00:00Z
5248,Mitchell,Penelope,2.80,2026-06-28,2023-04-12T12:00:00Z
5249,Carter,Asher,2.90,2026-06-29,2024-05-13T12:00:00Z
5250,Roberts,Layla,3.00,2026-06-30,2025-06-14T12:00:00Z
5251,Smith,Noah,3.10,2026-06-01,2020-07-15T12:00:00Z
5252,Johnson,Olivia,3.20,2026-06-02,2021-08-16T12:00:00Z
5253,Williams,Liam,3.30,2026-06-03,2022-09-17T12:00:00Z
5254,Brown,Emma,3.40,2026-06-04,2023-10-18T12:00:00Z
5255,Jones,Oliver,3.50,2026-06-05,2024-11-19T12:00:00Z
5256,Garcia,Ava,3.60,2026-06-06,2025-12-20T12:00:00Z
5257,Miller,Elijah,3.70,2026-06-07,2020-01-21T12:00:00Z
5258,Davis,Sophia,3.80,2026-06-08,2021-02-22T12:00:00Z
5259,Rodriguez,James,3.90,2026-06-09,2022-03-23T12:00:00Z
5260,Martinez,Isabella,4.00,2026-06-10,2023-04-24T12:00:00Z
5261,Hernandez,William,2.10,2026-06-11,2024-05-25T12:00:00Z
5262,Lopez,Mia,2.20,2026-06-12,2025-06-26T12:00:00Z
5263,Gonzalez,Benjamin,2.30,2026-06-13,2020-07-27T12:00:00Z
5264,Wilson,Charlotte,2.40,2026-06-14,2021-08-28T12:00:00Z
5265,Anderson,Lucas,2.50,2026-06-15,2022-09-01T12:00:00Z
5266,Thomas,Amelia,2.60,2026-06-16,2023-10-02T12:00:00Z
5267,Taylor,Henry,2.70,2026-06-17,2024-11-03T12:00:00Z
5268,Moore,Harper,2.80,2026-06-18,2025-12-04T12:00:00Z
5269,Jackson,Theodore,2.90,2026-06-19,2020-01-05T12:00:00Z
5270,Martin,Evelyn,3.00,2026-06-20,2021-02-06T12:00:00Z
5271,Lee,Jack,3.10,2026-06-21,2022-03-07T12:00:00Z
5272,Perez,Abigail,3.20,2026-06-22,2023-04-08T12:00:00Z
5273,Thompson,Levi,3.30,2026-06-23,2024-05-09T12:00:00Z
5274,White,Emily,3.40,2026-06-24,2025-06-10T12:00:00Z
5275,Harris,Alexander,3.50,2026-06-25,2020-07-11T12:00:00Z
5276,Sanchez,Ella,3.60,2026-06-26,2021-08-12T12:00:00Z
5277,Clark,Jackson,3.70,2026-06-27,2022-09-13T12:00:00Z
5278,Ramirez,Avery,3.80,2026-06-28,2023-10-14T12:00:00Z
5279,Lewis,Mateo,3.90,2026-06-29,2024-11-15T12:00:00Z
5280,Robinson,Sofia,4.00,2026-06-30,2025-12-16T12:00:00Z
5281,Walker,Daniel,2.10,2026-06-01,2020-01-17T12:00:00Z
5282,Young,Camila,2.20,2026-06-02,2021-02-18T12:00:00Z
5283,Allen,Michael,2.30,2026-06-03,2022-03-19T12:00:00Z
5284,King,Aria,2.40,2026-06-04,2023-04-20T12:00:00Z
5285,Wright,Mason,2.50,2026-06-05,2024-05-21T12:00:00Z
5286,Scott,Scarlett,2.60,2026-06-06,2025-06-22T12:00:00Z
5287,Torres,Sebastian,2.70,2026-06-07,2020-07-23T12:00:00Z
5288,Nguyen,Victoria,2.80,2026-06-08,2021-08-24T12:00:00Z
5289,Hill,Ethan,2.90,2026-06-09,2022-09-25T12:00:00Z
5290,Flores,Madison,3.00,2026-06-10,2023-10-26T12:00:00Z
5291,Green,Logan,3.10,2026-06-11,2024-11-27T12:00:00Z
5292,Adams,Luna,3.20,2026-06-12,2025-12-28T12:00:00Z
5293,Nelson,Owen,3.30,2026-06-13,2020-01-01T12:00:00Z
5294,Baker,Grace,3.40,2026-06-14,2021-02-02T12:00:00Z
5295,Hall,Samuel,3.50,2026-06-15,2022-03-03T12:00:00Z
5296,Rivera,Chloe,3.60,2026-06-16,2023-04-04T12:00:00Z
5297,Campbell,Jacob,3.70,2026-06-17,2024-05-05T12:00:00Z
5298,Mitchell,Penelope,3.80,2026-06-18,2025-06-06T12:00:00Z
5299,Carter,Asher,3.90,2026-06-19,2020-07-07T12:00:00Z
5300,Roberts,Layla,4.00,2026-06-20,2021-08-08T12:00:00Z
5301,Smith,Noah,2.10,2026-06-21,2022-09-09T12:00:00Z
5302,Johnson,Olivia,2.20,2026-06-22,2023-10-10T12:00:00Z
5303,Williams,Liam,2.30,2026-06-23,2024-11-11T12:00:00Z
5304,Brown,Emma,2.40,2026-06-24,2025-12-12T12:00:00Z
5305,Jones,Oliver,2.50,2026-06-25,2020-01-13T12:00:00Z
5306,Garcia,Ava,2.60,2026-06-26,2021-02-14T12:00:00Z
5307,Miller,Elijah,2.70,2026-06-27,2022-03-15T12:00:00Z
5308,Davis,Sophia,2.80,2026-06-28,2023-04-16T12:00:00Z
5309,Rodriguez,James,2.90,2026-06-29,2024-05-17T12:00:00Z
5310,Martinez,Isabella,3.00,2026-06-30,2025-06-18T12:00:00Z
5311,Hernandez,William,3.10,2026-06-01,2020-07-19T12:00:00Z
5312,Lopez,Mia,3.20,2026-06-02,2021-08-20T12:00:00Z
5313,Gonzalez,Benjamin,3.30,2026-06-03,2022-09-21T12:00:00Z
5314,Wilson,Charlotte,3.40,2026-06-04,2023-10-22T12:00:00Z
5315,Anderson,Lucas,3.50,2026-06-05,2024-11-23T12:00:00Z
5316,Thomas,Amelia,3.60,2026-06-06,2025-12-24T12:00:00Z
5317,Taylor,Henry,3.70,2026-06-07,2020-01-25T12:00:00Z
5318,Moore,Harper,3.80,2026-06-08,2021-02-26T12:00:00Z
5319,Jackson,Theodore,3.90,2026-06-09,2022-03-27T12:00:00Z
5320,Martin,Evelyn,4.00,2026-06-10,2023-04-28T12:00:00Z
5321,Lee,Jack,2.10,2026-06-11,2024-05-01T12:00:00Z
5322,Perez,Abigail,2.20,2026-06-12,2025-06-02T12:00:00Z
5323,Thompson,Levi,2.30,2026-06-13,2020-07-03T12:00:00Z
5324,White,Emily,2.40,2026-06-14,2021-08-04T12:00:00Z
5325,Harris,Alexander,2.50,2026-06-15,2022-09-05T12:00:00Z
5326,Sanchez,Ella,2.60,2026-06-16,2023-10-06T12:00:00Z
5327,Clark,Jackson,2.70,2026-06-17,2024-11-07T12:00:00Z
5328,Ramirez,Avery,2.80,2026-06-18,2025-12-08T12:00:00Z
5329,Lewis,Mateo,2.90,2026-06-19,2020-01-09T12:00:00Z
5330,Robinson,Sofia,3.00,2026-06-20,2021-02-10T12:00:00Z
5331,Walker,Daniel,3.10,2026-06-21,2022-03-11T12:00:00Z
5332,Young,Camila,3.20,2026-06-22,2023-04-12T12:00:00Z
5333,Allen,Michael,3.30,2026-06-23,2024-05-13T12:00:00Z
5334,King,Aria,3.40,2026-06-24,2025-06-14T12:00:00Z
5335,Wright,Mason,3.50,2026-06-25,2020-07-15T12:00:00Z
5336,Scott,Scarlett,3.60,2026-06-26,2021-08-16T12:00:00Z
5337,Torres,Sebastian,3.70,2026-06-27,2022-09-17T12:00:00Z
5338,Nguyen,Victoria,3.80,2026-06-28,2023-10-18T12:00:00Z
5339,Hill,Ethan,3.90,2026-06-29,2024-11-19T12:00:00Z
5340,Flores,Madison,4.00,2026-06-30,2025-12-20T12:00:00Z
5341,Green,Logan,2.10,2026-06-01,2020-01-21T12:00:00Z
5342,Adams,Luna,2.20,2026-06-02,2021-02-22T12:00:00Z
5343,Nelson,Owen,2.30,2026-06-03,2022-03-23T12:00:00Z
5344,Baker,Grace,2.40,2026-06-04,2023-04-24T12:00:00Z
5345,Hall,Samuel,2.50,2026-06-05,2024-05-25T12:00:00Z
5346,Rivera,Chloe,2.60,2026-06-06,2025-06-26T12:00:00Z
5347,Campbell,Jacob,2.70,2026-06-07,2020-07-27T12:00:00Z
5348,Mitchell,Penelope,2.80,2026-06-08,2021-08-28T12:00:00Z
5349,Carter,Asher,2.90,2026-06-09,2022-09-01T12:00:00Z
5350,Roberts,Layla,3.00,2026-06-10,2023-10-02T12:00:00Z
5351,Smith,Noah,3.10,2026-06-11,2024-11-03T12:00:00Z
5352,Johnson,Olivia,3.20,2026-06-12,2025-12-04T12:00:00Z
5353,Williams,Liam,3.30,2026-06-13,2020-01-05T12:00:00Z
5354,Brown,Emma,3.40,2026-06-14,2021-02-06T12:00:00Z
5355,Jones,Oliver,3.50,2026-06-15,2022-03-07T12:00:00Z
5356,Garcia,Ava,3.60,2026-06-16,2023-04-08T12:00:00Z
5357,Miller,Elijah,3.70,2026-06-17,2024-05-09T12:00:00Z
5358,Davis,Sophia,3.80,2026-06-18,2025-06-10T12:00:00Z
5359,Rodriguez,James,3.90,2026-06-19,2020-07-11T12:00:00Z
5360,Martinez,Isabella,4.00,2026-06-20,2021-08-12T12:00:00Z
5361,Hernandez,William,2.10,2026-06-21,2022-09-13T12:00:00Z
5362,Lopez,Mia,2.20,2026-06-22,2023-10-14T12:00:00Z
5363,Gonzalez,Benjamin,2.30,2026-06-23,2024-11-15T12:00:00Z
5364,Wilson,Charlotte,2.40,2026-06-24,2025-12-16T12:00:00Z
5365,Anderson,Lucas,2.50,2026-06-25,2020-01-17T12:00:00Z
5366,Thomas,Amelia,2.60,2026-06-26,2021-02-18T12:00:00Z
5367,Taylor,Henry,2.70,2026-06-27,2022-03-19T12:00:00Z
5368,Moore,Harper,2.80,2026-06-28,2023-04-20T12:00:00Z
5369,Jackson,Theodore,2.90,2026-06-29,2024-05-21T12:00:00Z
5370,Martin,Evelyn,3.00,2026-06-30,2025-06-22T12:00:00Z
5371,Lee,Jack,3.10,2026-06-01,2020-07-23T12:00:00Z
5372,Perez,Abigail,3.20,2026-06-02,2021-08-24T12:00:00Z
5373,Thompson,Levi,3.30,2026-06-03,2022-09-25T12:00:00Z
5374,White,Emily,3.40,2026-06-04,2023-10-26T12:00:00Z
5375,Harris,Alexander,3.50,2026-06-05,2024-11-27T12:00:00Z
5376,Sanchez,Ella,3.60,2026-06-06,2025-12-28T12:00:00Z
5377,Clark,Jackson,3.70,2026-06-07,2020-01-01T12:00:00Z
5378,Ramirez,Avery,3.80,2026-06-08,2021-02-02T12:00:00Z
5379,Lewis,Mateo,3.90,2026-06-09,2022-03-03T12:00:00Z
5380,Robinson,Sofia,4.00,2026-06-10,2023-04-04T12:00:00Z
5381,Walker,Daniel,2.10,2026-06-11,2024-05-05T12:00:00Z
5382,Young,Camila,2.20,2026-06-12,2025-06-06T12:00:00Z
5383,Allen,Michael,2.30,2026-06-13,2020-07-07T12:00:00Z
5384,King,Aria,2.40,2026-06-14,2021-08-08T12:00:00Z
5385,Wright,Mason,2.50,2026-06-15,2022-09-09T12:00:00Z
5386,Scott,Scarlett,2.60,2026-06-16,2023-10-10T12:00:00Z
5387,Torres,Sebastian,2.70,2026-06-17,2024-11-11T12:00:00Z
5388,Nguyen,Victoria,2.80,2026-06-18,2025-12-12T12:00:00Z
5389,Hill,Ethan,2.90,2026-06-19,2020-01-13T12:00:00Z
5390,Flores,Madison,3.00,2026-06-20,2021-02-14T12:00:00Z
5391,Green,Logan,3.10,2026-06-21,2022-03-15T12:00:00Z
5392,Adams,Luna,3.20,2026-06-22,2023-04-16T12:00:00Z
5393,Nelson,Owen,3.30,2026-06-23,2024-05-17T12:00:00Z
5394,Baker,Grace,3.40,2026-06-24,2025-06-18T12:00:00Z
5395,Hall,Samuel,3.50,2026-06-25,2020-07-19T12:00:00Z
5396,Rivera,Chloe,3.60,2026-06-26,2021-08-20T12:00:00Z
5397,Campbell,Jacob,3.70,2026-06-27,2022-09-21T12:00:00Z
5398,Mitchell,Penelope,3.80,2026-06-28,2023-10-22T12:00:00Z
5399,Carter,Asher,3.90,2026-06-29,2024-11-23T12:00:00Z
5400,Roberts,Layla,4.00,2026-06-30,2025-12-24T12:00:00Z
5401,Smith,Noah,2.10,2026-06-01,2020-01-25T12:00:00Z
5402,Johnson,Olivia,2.20,2026-06-02,2021-02-26T12:00:00Z
5403,Williams,Liam,2.30,2026-06-03,2022-03-27T12:00:00Z
5404,Brown,Emma,2.40,2026-06-04,2023-04-28T12:00:00Z
5405,Jones,Oliver,2.50,2026-06-05,2024-05-01T12:00:00Z
5406,Garcia,Ava,2.60,2026-06-06,2025-06-02T12:00:00Z
5407,Miller,Elijah,2.70,2026-06-07,2020-07-03T12:00:00Z
5408,Davis,Sophia,2.80,2026-06-08,2021-08-04T12:00:00Z
5409,Rodriguez,James,2.90,2026-06-09,2022-09-05T12:00:00Z
5410,Martinez,Isabella,3.00,2026-06-10,2023-10-06T12:00:00Z
5411,Hernandez,William,3.10,2026-06-11,2024-11-07T12:00:00Z
5412,Lopez,Mia,3.20,2026-06-12,2025-12-08T12:00:00Z
5413,Gonzalez,Benjamin,3.30,2026-06-13,2020-01-09T12:00:00Z
5414,Wilson,Charlotte,3.40,2026-06-14,2021-02-10T12:00:00Z
5415,Anderson,Lucas,3.50,2026-06-15,2022-03-11T12:00:00Z
5416,Thomas,Amelia,3.60,2026-06-16,2023-04-12T12:00:00Z
5417,Taylor,Henry,3.70,2026-06-17,2024-05-13T12:00:00Z
5418,Moore,Harper,3.80,2026-06-18,2025-06-14T12:00:00Z
5419,Jackson,Theodore,3.90,2026-06-19,2020-07-15T12:00:00Z
5420,Martin,Evelyn,4.00,2026-06-20,2021-08-16T12:00:00Z
5421,Lee,Jack,2.10,2026-06-21,2022-09-17T12:00:00Z
5422,Perez,Abigail,2.20,2026-06-22,2023-10-18T12:00:00Z
5423,Thompson,Levi,2.30,2026-06-23,2024-11-19T12:00:00Z
5424,White,Emily,2.40,2026-06-24,2025-12-20T12:00:00Z
5425,Harris,Alexander,2.50,2026-06-25,2020-01-21T12:00:00Z
5426,Sanchez,Ella,2.60,2026-06-26,2021-02-22T12:00:00Z
5427,Clark,Jackson,2.70,2026-06-27,2022-03-23T12:00:00Z
5428,Ramirez,Avery,2.80,2026-06-28,2023-04-24T12:00:00Z
5429,Lewis,Mateo,2.90,2026-06-29,2024-05-25T12:00:00Z
5430,Robinson,Sofia,3.00,2026-06-30,2025-06-26T12:00:00Z
5431,Walker,Daniel,3.10,2026-06-01,2020-07-27T12:00:00Z
5432,Young,Camila,3.20,2026-06-02,2021-08-28T12:00:00Z
5433,Allen,Michael,3.30,2026-06-03,2022-09-01T12:00:00Z
5434,King,Aria,3.40,2026-06-04,2023-10-02T12:00:00Z
5435,Wright,Mason,3.50,2026-06-05,2024-11-03T12:00:00Z
5436,Scott,Scarlett,3.60,2026-06-06,2025-12-04T12:00:00Z
5437,Torres,Sebastian,3.70,2026-06-07,2020-01-05T12:00:00Z
5438,Nguyen,Victoria,3.80,2026-06-08,2021-02-06T12:00:00Z
5439,Hill,Ethan,3.90,2026-06-09,2022-03-07T12:00:00Z
5440,Flores,Madison,4.00,2026-06-10,2023-04-08T12:00:00Z
5441,Green,Logan,2.10,2026-06-11,2024-05-09T12:00:00Z
5442,Adams,Luna,2.20,2026-06-12,2025-06-10T12:00:00Z
5443,Nelson,Owen,2.30,2026-06-13,2020-07-11T12:00:00Z
5444,Baker,Grace,2.40,2026-06-14,2021-08-12T12:00:00Z
5445,Hall,Samuel,2.50,2026-06-15,2022-09-13T12:00:00Z
5446,Rivera,Chloe,2.60,2026-06-16,2023-10-14T12:00:00Z
5447,Campbell,Jacob,2.70,2026-06-17,2024-11-15T12:00:00Z
5448,Mitchell,Penelope,2.80,2026-06-18,2025-12-16T12:00:00Z
5449,Carter,Asher,2.90,2026-06-19,2020-01-17T12:00:00Z
5450,Roberts,Layla,3.00,2026-06-20,2021-02-18T12:00:00Z
5451,Smith,Noah,3.10,2026-06-21,2022-03-19T12:00:00Z
5452,Johnson,Olivia,3.20,2026-06-22,2023-04-20T12:00:00Z
5453,Williams,Liam,3.30,2026-06-23,2024-05-21T12:00:00Z
5454,Brown,Emma,3.40,2026-06-24,2025-06-22T12:00:00Z
5455,Jones,Oliver,3.50,2026-06-25,2020-07-23T12:00:00Z
5456,Garcia,Ava,3.60,2026-06-26,2021-08-24T12:00:00Z
5457,Miller,Elijah,3.70,2026-06-27,2022-09-25T12:00:00Z
5458,Davis,Sophia,3.80,2026-06-28,2023-10-26T12:00:00Z
5459,Rodriguez,James,3.90,2026-06-29,2024-11-27T12:00:00Z
5460,Martinez,Isabella,4.00,2026-06-30,2025-12-28T12:00:00Z
5461,Hernandez,William,2.10,2026-06-01,2020-01-01T12:00:00Z
5462,Lopez,Mia,2.20,2026-06-02,2021-02-02T12:00:00Z
5463,Gonzalez,Benjamin,2.30,2026-06-03,2022-03-03T12:00:00Z
5464,Wilson,Charlotte,2.40,2026-06-04,2023-04-04T12:00:00Z
5465,Anderson,Lucas,2.50,2026-06-05,2024-05-05T12:00:00Z
5466,Thomas,Amelia,2.60,2026-06-06,2025-06-06T12:00:00Z
5467,Taylor,Henry,2.70,2026-06-07,2020-07-07T12:00:00Z
5468,Moore,Harper,2.80,2026-06-08,2021-08-08T12:00:00Z
5469,Jackson,Theodore,2.90,2026-06-09,2022-09-09T12:00:00Z
5470,Martin,Evelyn,3.00,2026-06-10,2023-10-10T12:00:00Z
5471,Lee,Jack,3.10,2026-06-11,2024-11-11T12:00:00Z
5472,Perez,Abigail,3.20,2026-06-12,2025-12-12T12:00:00Z
5473,Thompson,Levi,3.30,2026-06-13,2020-01-13T12:00:00Z
5474,White,Emily,3.40,2026-06-14,2021-02-14T12:00:00Z
5475,Harris,Alexander,3.50,2026-06-15,2022-03-15T12:00:00Z
5476,Sanchez,Ella,3.60,2026-06-16,2023-04-16T12:00:00Z
5477,Clark,Jackson,3.70,2026-06-17,2024-05-17T12:00:00Z
5478,Ramirez,Avery,3.80,2026-06-18,2025-06-18T12:00:00Z
5479,Lewis,Mateo,3.90,2026-06-19,2020-07-19T12:00:00Z
5480,Robinson,Sofia,4.00,2026-06-20,2021-08-20T12:00:00Z
5481,Walker,Daniel,2.10,2026-06-21,2022-09-21T12:00:00Z
5482,Young,Camila,2.20,2026-06-22,2023-10-22T12:00:00Z
5483,Allen,Michael,2.30,2026-06-23,2024-11-23T12:00:00Z
5484,King,Aria,2.40,2026-06-24,2025-12-24T12:00:00Z
5485,Wright,Mason,2.50,2026-06-25,2020-01-25T12:00:00Z
5486,Scott,Scarlett,2.60,2026-06-26,2021-02-26T12:00:00Z
5487,Torres,Sebastian,2.70,2026-06-27,2022-03-27T12:00:00Z
5488,Nguyen,Victoria,2.80,2026-06-28,2023-04-28T12:00:00Z
5489,Hill,Ethan,2.90,2026-06-29,2024-05-01T12:00:00Z
5490,Flores,Madison,3.00,2026-06-30,2025-06-02T12:00:00Z
5491,Green,Logan,3.10,2026-06-01,2020-07-03T12:00:00Z
5492,Adams,Luna,3.20,2026-06-02,2021-08-04T12:00:00Z
5493,Nelson,Owen,3.30,2026-06-03,2022-09-05T12:00:00Z
5494,Baker,Grace,3.40,2026-06-04,2023-10-06T12:00:00Z
5495,Hall,Samuel,3.50,2026-06-05,2024-11-07T12:00:00Z
5496,Rivera,Chloe,3.60,2026-06-06,2025-12-08T12:00:00Z
5497,Campbell,Jacob,3.70,2026-06-07,2020-01-09T12:00:00Z
5498,Mitchell,Penelope,3.80,2026-06-08,2021-02-10T12:00:00Z
5499,Carter,Asher,3.90,2026-06-09,2022-03-11T12:00:00Z
5500,Roberts,Layla,4.00,2026-06-10,2023-04-12T12:00:00Z
5501,Smith,Noah,2.10,2026-06-11,2024-05-13T12:00:00Z
5502,Johnson,Olivia,2.20,2026-06-12,2025-06-14T12:00:00Z
5503,Williams,Liam,2.30,2026-06-13,2020-07-15T12:00:00Z
5504,Brown,Emma,2.40,2026-06-14,2021-08-16T12:00:00Z
5505,Jones,Oliver,2.50,2026-06-15,2022-09-17T12:00:00Z
5506,Garcia,Ava,2.60,2026-06-16,2023-10-18T12:00:00Z
5507,Miller,Elijah,2.70,2026-06-17,2024-11-19T12:00:00Z
5508,Davis,Sophia,2.80,2026-06-18,2025-12-20T12:00:00Z
5509,Rodriguez,James,2.90,2026-06-19,2020-01-21T12:00:00Z
5510,Martinez,Isabella,3.00,2026-06-20,2021-02-22T12:00:00Z
5511,Hernandez,William,3.10,2026-06-21,2022-03-23T12:00:00Z
5512,Lopez,Mia,3.20,2026-06-22,2023-04-24T12:00:00Z
5513,Gonzalez,Benjamin,3.30,2026-06-23,2024-05-25T12:00:00Z
5514,Wilson,Charlotte,3.40,2026-06-24,2025-06-26T12:00:00Z
5515,Anderson,Lucas,3.50,2026-06-25,2020-07-27T12:00:00Z
5516,Thomas,Amelia,3.60,2026-06-26,2021-08-28T12:00:00Z
5517,Taylor,Henry,3.70,2026-06-27,2022-09-01T12:00:00Z
5518,Moore,Harper,3.80,2026-06-28,2023-10-02T12:00:00Z
5519,Jackson,Theodore,3.90,2026-06-29,2024-11-03T12:00:00Z
5520,Martin,Evelyn,4.00,2026-06-30,2025-12-04T12:00:00Z
5521,Lee,Jack,2.10,2026-06-01,2020-01-05T12:00:00Z
5522,Perez,Abigail,2.20,2026-06-02,2021-02-06T12:00:00Z
5523,Thompson,Levi,2.30,2026-06-03,2022-03-07T12:00:00Z
5524,White,Emily,2.40,2026-06-04,2023-04-08T12:00:00Z
5525,Harris,Alexander,2.50,2026-06-05,2024-05-09T12:00:00Z
5526,Sanchez,Ella,2.60,2026-06-06,2025-06-10T12:00:00Z
5527,Clark,Jackson,2.70,2026-06-07,2020-07-11T12:00:00Z
5528,Ramirez,Avery,2.80,2026-06-08,2021-08-12T12:00:00Z
5529,Lewis,Mateo,2.90,2026-06-09,2022-09-13T12:00:00Z
5530,Robinson,Sofia,3.00,2026-06-10,2023-10-14T12:00:00Z
5531,Walker,Daniel,3.10,2026-06-11,2024-11-15T12:00:00Z
5532,Young,Camila,3.20,2026-06-12,2025-12-16T12:00:00Z
5533,Allen,Michael,3.30,2026-06-13,2020-01-17T12:00:00Z
5534,King,Aria,3.40,2026-06-14,2021-02-18T12:00:00Z
5535,Wright,Mason,3.50,2026-06-15,2022-03-19T12:00:00Z
5536,Scott,Scarlett,3.60,2026-06-16,2023-04-20T12:00:00Z
5537,Torres,Sebastian,3.70,2026-06-17,2024-05-21T12:00:00Z
5538,Nguyen,Victoria,3.80,2026-06-18,2025-06-22T12:00:00Z
5539,Hill,Ethan,3.90,2026-06-19,2020-07-23T12:00:00Z
5540,Flores,Madison,4.00,2026-06-20,2021-08-24T12:00:00Z
5541,Green,Logan,2.10,2026-06-21,2022-09-25T12:00:00Z
5542,Adams,Luna,2.20,2026-06-22,2023-10-26T12:00:00Z
5543,Nelson,Owen,2.30,2026-06-23,2024-11-27T12:00:00Z
5544,Baker,Grace,2.40,2026-06-24,2025-12-28T12:00:00Z
5545,Hall,Samuel,2.50,2026-06-25,2020-01-01T12:00:00Z
5546,Rivera,Chloe,2.60,2026-06-26,2021-02-02T12:00:00Z
5547,Campbell,Jacob,2.70,2026-06-27,2022-03-03T12:00:00Z
5548,Mitchell,Penelope,2.80,2026-06-28,2023-04-04T12:00:00Z
5549,Carter,Asher,2.90,2026-06-29,2024-05-05T12:00:00Z
5550,Roberts,Layla,3.00,2026-06-30,2025-06-06T12:00:00Z
5551,Smith,Noah,3.10,2026-06-01,2020-07-07T12:00:00Z
5552,Johnson,Olivia,3.20,2026-06-02,2021-08-08T12:00:00Z
5553,Williams,Liam,3.30,2026-06-03,2022-09-09T12:00:00Z
5554,Brown,Emma,3.40,2026-06-04,2023-10-10T12:00:00Z
5555,Jones,Oliver,3.50,2026-06-05,2024-11-11T12:00:00Z
5556,Garcia,Ava,3.60,2026-06-06,2025-12-12T12:00:00Z
5557,Miller,Elijah,3.70,2026-06-07,2020-01-13T12:00:00Z
5558,Davis,Sophia,3.80,2026-06-08,2021-02-14T12:00:00Z
5559,Rodriguez,James,3.90,2026-06-09,2022-03-15T12:00:00Z
5560,Martinez,Isabella,4.00,2026-06-10,2023-04-16T12:00:00Z
5561,Hernandez,William,2.10,2026-06-11,2024-05-17T12:00:00Z
5562,Lopez,Mia,2.20,2026-06-12,2025-06-18T12:00:00Z
5563,Gonzalez,Benjamin,2.30,2026-06-13,2020-07-19T12:00:00Z
5564,Wilson,Charlotte,2.40,2026-06-14,2021-08-20T12:00:00Z
5565,Anderson,Lucas,2.50,2026-06-15,2022-09-21T12:00:00Z
5566,Thomas,Amelia,2.60,2026-06-16,2023-10-22T12:00:00Z
5567,Taylor,Henry,2.70,2026-06-17,2024-11-23T12:00:00Z
5568,Moore,Harper,2.80,2026-06-18,2025-12-24T12:00:00Z
5569,Jackson,Theodore,2.90,2026-06-19,2020-01-25T12:00:00Z
5570,Martin,Evelyn,3.00,2026-06-20,2021-02-26T12:00:00Z
5571,Lee,Jack,3.10,2026-06-21,2022-03-27T12:00:00Z
5572,Perez,Abigail,3.20,2026-06-22,2023-04-28T12:00:00Z
5573,Thompson,Levi,3.30,2026-06-23,2024-05-01T12:00:00Z
5574,White,Emily,3.40,2026-06-24,2025-06-02T12:00:00Z
5575,Harris,Alexander,3.50,2026-06-25,2020-07-03T12:00:00Z
5576,Sanchez,Ella,3.60,2026-06-26,2021-08-04T12:00:00Z
5577,Clark,Jackson,3.70,2026-06-27,2022-09-05T12:00:00Z
5578,Ramirez,Avery,3.80,2026-06-28,2023-10-06T12:00:00Z
5579,Lewis,Mateo,3.90,2026-06-29,2024-11-07T12:00:00Z
5580,Robinson,Sofia,4.00,2026-06-30,2025-12-08T12:00:00Z
5581,Walker,Daniel,2.10,2026-06-01,2020-01-09T12:00:00Z
5582,Young,Camila,2.20,2026-06-02,2021-02-10T12:00:00Z
5583,Allen,Michael,2.30,2026-06-03,2022-03-11T12:00:00Z
5584,King,Aria,2.40,2026-06-04,2023-04-12T12:00:00Z
5585,Wright,Mason,2.50,2026-06-05,2024-05-13T12:00:00Z
5586,Scott,Scarlett,2.60,2026-06-06,2025-06-14T12:00:00Z
5587,Torres,Sebastian,2.70,2026-06-07,2020-07-15T12:00:00Z
5588,Nguyen,Victoria,2.80,2026-06-08,2021-08-16T12:00:00Z
5589,Hill,Ethan,2.90,2026-06-09,2022-09-17T12:00:00Z
5590,Flores,Madison,3.00,2026-06-10,2023-10-18T12:00:00Z
5591,Green,Logan,3.10,2026-06-11,2024-11-19T12:00:00Z
5592,Adams,Luna,3.20,2026-06-12,2025-12-20T12:00:00Z
5593,Nelson,Owen,3.30,2026-06-13,2020-01-21T12:00:00Z
5594,Baker,Grace,3.40,2026-06-14,2021-02-22T12:00:00Z
5595,Hall,Samuel,3.50,2026-06-15,2022-03-23T12:00:00Z
5596,Rivera,Chloe,3.60,2026-06-16,2023-04-24T12:00:00Z
5597,Campbell,Jacob,3.70,2026-06-17,2024-05-25T12:00:00Z
5598,Mitchell,Penelope,3.80,2026-06-18,2025-06-26T12:00:00Z
5599,Carter,Asher,3.90,2026-06-19,2020-07-27T12:00:00Z
5600,Roberts,Layla,4.00,2026-06-20,2021-08-28T12:00:00Z
5601,Smith,Noah,2.10,2026-06-21,2022-09-01T12:00:00Z
5602,Johnson,Olivia,2.20,2026-06-22,2023-10-02T12:00:00Z
5603,Williams,Liam,2.30,2026-06-23,2024-11-03T12:00:00Z
5604,Brown,Emma,2.40,2026-06-24,2025-12-04T12:00:00Z
5605,Jones,Oliver,2.50,2026-06-25,2020-01-05T12:00:00Z
5606,Garcia,Ava,2.60,2026-06-26,2021-02-06T12:00:00Z
5607,Miller,Elijah,2.70,2026-06-27,2022-03-07T12:00:00Z
5608,Davis,Sophia,2.80,2026-06-28,2023-04-08T12:00:00Z
5609,Rodriguez,James,2.90,2026-06-29,2024-05-09T12:00:00Z
5610,Martinez,Isabella,3.00,2026-06-30,2025-06-10T12:00:00Z
5611,Hernandez,William,3.10,2026-06-01,2020-07-11T12:00:00Z
5612,Lopez,Mia,3.20,2026-06-02,2021-08-12T12:00:00Z
5613,Gonzalez,Benjamin,3.30,2026-06-03,2022-09-13T12:00:00Z
5614,Wilson,Charlotte,3.40,2026-06-04,2023-10-14T12:00:00Z
5615,Anderson,Lucas,3.50,2026-06-05,2024-11-15T12:00:00Z
5616,Thomas,Amelia,3.60,2026-06-06,2025-12-16T12:00:00Z
5617,Taylor,Henry,3.70,2026-06-07,2020-01-17T12:00:00Z
5618,Moore,Harper,3.80,2026-06-08,2021-02-18T12:00:00Z
5619,Jackson,Theodore,3.90,2026-06-09,2022-03-19T12:00:00Z
5620,Martin,Evelyn,4.00,2026-06-10,2023-04-20T12:00:00Z
5621,Lee,Jack,2.10,2026-06-11,2024-05-21T12:00:00Z
5622,Perez,Abigail,2.20,2026-06-12,2025-06-22T12:00:00Z
5623,Thompson,Levi,2.30,2026-06-13,2020-07-23T12:00:00Z
5624,White,Emily,2.40,2026-06-14,2021-08-24T12:00:00Z
5625,Harris,Alexander,2.50,2026-06-15,2022-09-25T12:00:00Z
5626,Sanchez,Ella,2.60,2026-06-16,2023-10-26T12:00:00Z
5627,Clark,Jackson,2.70,2026-06-17,2024-11-27T12:00:00Z
5628,Ramirez,Avery,2.80,2026-06-18,2025-12-28T12:00:00Z
5629,Lewis,Mateo,2.90,2026-06-19,2020-01-01T12:00:00Z
5630,Robinson,Sofia,3.00,2026-06-20,2021-02-02T12:00:00Z
5631,Walker,Daniel,3.10,2026-06-21,2022-03-03T12:00:00Z
5632,Young,Camila,3.20,2026-06-22,2023-04-04T12:00:00Z
5633,Allen,Michael,3.30,2026-06-23,2024-05-05T12:00:00Z
5634,King,Aria,3.40,2026-06-24,2025-06-06T12:00:00Z
5635,Wright,Mason,3.50,2026-06-25,2020-07-07T12:00:00Z
5636,Scott,Scarlett,3.60,2026-06-26,2021-08-08T12:00:00Z
5637,Torres,Sebastian,3.70,2026-06-27,2022-09-09T12:00:00Z
5638,Nguyen,Victoria,3.80,2026-06-28,2023-10-10T12:00:00Z
5639,Hill,Ethan,3.90,2026-06-29,2024-11-11T12:00:00Z
5640,Flores,Madison,4.00,2026-06-30,2025-12-12T12:00:00Z
5641,Green,Logan,2.10,2026-06-01,2020-01-13T12:00:00Z
5642,Adams,Luna,2.20,2026-06-02,2021-02-14T12:00:00Z
5643,Nelson,Owen,2.30,2026-06-03,2022-03-15T12:00:00Z
5644,Baker,Grace,2.40,2026-06-04,2023-04-16T12:00:00Z
5645,Hall,Samuel,2.50,2026-06-05,2024-05-17T12:00:00Z
5646,Rivera,Chloe,2.60,2026-06-06,2025-06-18T12:00:00Z
5647,Campbell,Jacob,2.70,2026-06-07,2020-07-19T12:00:00Z
5648,Mitchell,Penelope,2.80,2026-06-08,2021-08-20T12:00:00Z
5649,Carter,Asher,2.90,2026-06-09,2022-09-21T12:00:00Z
5650,Roberts,Layla,3.00,2026-06-10,2023-10-22T12:00:00Z
5651,Smith,Noah,3.10,2026-06-11,2024-11-23T12:00:00Z
5652,Johnson,Olivia,3.20,2026-06-12,2025-12-24T12:00:00Z
5653,Williams,Liam,3.30,2026-06-13,2020-01-25T12:00:00Z
5654,Brown,Emma,3.40,2026-06-14,2021-02-26T12:00:00Z
5655,Jones,Oliver,3.50,2026-06-15,2022-03-27T12:00:00Z
5656,Garcia,Ava,3.60,2026-06-16,2023-04-28T12:00:00Z
5657,Miller,Elijah,3.70,2026-06-17,2024-05-01T12:00:00Z
5658,Davis,Sophia,3.80,2026-06-18,2025-06-02T12:00:00Z
5659,Rodriguez,James,3.90,2026-06-19,2020-07-03T12:00:00Z
5660,Martinez,Isabella,4.00,2026-06-20,2021-08-04T12:00:00Z
5661,Hernandez,William,2.10,2026-06-21,2022-09-05T12:00:00Z
5662,Lopez,Mia,2.20,2026-06-22,2023-10-06T12:00:00Z
5663,Gonzalez,Benjamin,2.30,2026-06-23,2024-11-07T12:00:00Z
5664,Wilson,Charlotte,2.40,2026-06-24,2025-12-08T12:00:00Z
5665,Anderson,Lucas,2.50,2026-06-25,2020-01-09T12:00:00Z
5666,Thomas,Amelia,2.60,2026-06-26,2021-02-10T12:00:00Z
5667,Taylor,Henry,2.70,2026-06-27,2022-03-11T12:00:00Z
5668,Moore,Harper,2.80,2026-06-28,2023-04-12T12:00:00Z
5669,Jackson,Theodore,2.90,2026-06-29,2024-05-13T12:00:00Z
5670,Martin,Evelyn,3.00,2026-06-30,2025-06-14T12:00:00Z
5671,Lee,Jack,3.10,2026-06-01,2020-07-15T12:00:00Z
5672,Perez,Abigail,3.20,2026-06-02,2021-08-16T12:00:00Z
5673,Thompson,Levi,3.30,2026-06-03,2022-09-17T12:00:00Z
5674,White,Emily,3.40,2026-06-04,2023-10-18T12:00:00Z
5675,Harris,Alexander,3.50,2026-06-05,2024-11-19T12:00:00Z
5676,Sanchez,Ella,3.60,2026-06-06,2025-12-20T12:00:00Z
5677,Clark,Jackson,3.70,2026-06-07,2020-01-21T12:00:00Z
5678,Ramirez,Avery,3.80,2026-06-08,2021-02-22T12:00:00Z
5679,Lewis,Mateo,3.90,2026-06-09,2022-03-23T12:00:00Z
5680,Robinson,Sofia,4.00,2026-06-10,2023-04-24T12:00:00Z
5681,Walker,Daniel,2.10,2026-06-11,2024-05-25T12:00:00Z
5682,Young,Camila,2.20,2026-06-12,2025-06-26T12:00:00Z
5683,Allen,Michael,2.30,2026-06-13,2020-07-27T12:00:00Z
5684,King,Aria,2.40,2026-06-14,2021-08-28T12:00:00Z
5685,Wright,Mason,2.50,2026-06-15,2022-09-01T12:00:00Z
5686,Scott,Scarlett,2.60,2026-06-16,2023-10-02T12:00:00Z
5687,Torres,Sebastian,2.70,2026-06-17,2024-11-03T12:00:00Z
5688,Nguyen,Victoria,2.80,2026-06-18,2025-12-04T12:00:00Z
5689,Hill,Ethan,2.90,2026-06-19,2020-01-05T12:00:00Z
5690,Flores,Madison,3.00,2026-06-20,2021-02-06T12:00:00Z
5691,Green,Logan,3.10,2026-06-21,2022-03-07T12:00:00Z
5692,Adams,Luna,3.20,2026-06-22,2023-04-08T12:00:00Z
5693,Nelson,Owen,3.30,2026-06-23,2024-05-09T12:00:00Z
5694,Baker,Grace,3.40,2026-06-24,2025-06-10T12:00:00Z
5695,Hall,Samuel,3.50,2026-06-25,2020-07-11T12:00:00Z
5696,Rivera,Chloe,3.60,2026-06-26,2021-08-12T12:00:00Z
5697,Campbell,Jacob,3.70,2026-06-27,2022-09-13T12:00:00Z
5698,Mitchell,Penelope,3.80,2026-06-28,2023-10-14T12:00:00Z
5699,Carter,Asher,3.90,2026-06-29,2024-11-15T12:00:00Z
5700,Roberts,Layla,4.00,2026-06-30,2025-12-16T12:00:00Z
5701,Smith,Noah,2.10,2026-06-01,2020-01-17T12:00:00Z
5702,Johnson,Olivia,2.20,2026-06-02,2021-02-18T12:00:00Z
5703,Williams,Liam,2.30,2026-06-03,2022-03-19T12:00:00Z
5704,Brown,Emma,2.40,2026-06-04,2023-04-20T12:00:00Z
5705,Jones,Oliver,2.50,2026-06-05,2024-05-21T12:00:00Z
5706,Garcia,Ava,2.60,2026-06-06,2025-06-22T12:00:00Z
5707,Miller,Elijah,2.70,2026-06-07,2020-07-23T12:00:00Z
5708,Davis,Sophia,2.80,2026-06-08,2021-08-24T12:00:00Z
5709,Rodriguez,James,2.90,2026-06-09,2022-09-25T12:00:00Z
5710,Martinez,Isabella,3.00,2026-06-10,2023-10-26T12:00:00Z
5711,Hernandez,William,3.10,2026-06-11,2024-11-27T12:00:00Z
5712,Lopez,Mia,3.20,2026-06-12,2025-12-28T12:00:00Z
5713,Gonzalez,Benjamin,3.30,2026-06-13,2020-01-01T12:00:00Z
5714,Wilson,Charlotte,3.40,2026-06-14,2021-02-02T12:00:00Z
5715,Anderson,Lucas,3.50,2026-06-15,2022-03-03T12:00:00Z
5716,Thomas,Amelia,3.60,2026-06-16,2023-04-04T12:00:00Z
5717,Taylor,Henry,3.70,2026-06-17,2024-05-05T12:00:00Z
5718,Moore,Harper,3.80,2026-06-18,2025-06-06T12:00:00Z
5719,Jackson,Theodore,3.90,2026-06-19,2020-07-07T12:00:00Z
5720,Martin,Evelyn,4.00,2026-06-20,2021-08-08T12:00:00Z
5721,Lee,Jack,2.10,2026-06-21,2022-09-09T12:00:00Z
5722,Perez,Abigail,2.20,2026-06-22,2023-10-10T12:00:00Z
5723,Thompson,Levi,2.30,2026-06-23,2024-11-11T12:00:00Z
5724,White,Emily,2.40,2026-06-24,2025-12-12T12:00:00Z
5725,Harris,Alexander,2.50,2026-06-25,2020-01-13T12:00:00Z
5726,Sanchez,Ella,2.60,2026-06-26,2021-02-14T12:00:00Z
5727,Clark,Jackson,2.70,2026-06-27,2022-03-15T12:00:00Z
5728,Ramirez,Avery,2.80,2026-06-28,2023-04-16T12:00:00Z
5729,Lewis,Mateo,2.90,2026-06-29,2024-05-17T12:00:00Z
5730,Robinson,Sofia,3.00,2026-06-30,2025-06-18T12:00:00Z
5731,Walker,Daniel,3.10,2026-06-01,2020-07-19T12:00:00Z
5732,Young,Camila,3.20,2026-06-02,2021-08-20T12:00:00Z
5733,Allen,Michael,3.30,2026-06-03,2022-09-21T12:00:00Z
5734,King,Aria,3.40,2026-06-04,2023-10-22T12:00:00Z
5735,Wright,Mason,3.50,2026-06-05,2024-11-23T12:00:00Z
5736,Scott,Scarlett,3.60,2026-06-06,2025-12-24T12:00:00Z
5737,Torres,Sebastian,3.70,2026-06-07,2020-01-25T12:00:00Z
5738,Nguyen,Victoria,3.80,2026-06-08,2021-02-26T12:00:00Z
5739,Hill,Ethan,3.90,2026-06-09,2022-03-27T12:00:00Z
5740,Flores,Madison,4.00,2026-06-10,2023-04-28T12:00:00Z
5741,Green,Logan,2.10,2026-06-11,2024-05-01T12:00:00Z
5742,Adams,Luna,2.20,2026-06-12,2025-06-02T12:00:00Z
5743,Nelson,Owen,2.30,2026-06-13,2020-07-03T12:00:00Z
5744,Baker,Grace,2.40,2026-06-14,2021-08-04T12:00:00Z
5745,Hall,Samuel,2.50,2026-06-15,2022-09-05T12:00:00Z
5746,Rivera,Chloe,2.60,2026-06-16,2023-10-06T12:00:00Z
5747,Campbell,Jacob,2.70,2026-06-17,2024-11-07T12:00:00Z
5748,Mitchell,Penelope,2.80,2026-06-18,2025-12-08T12:00:00Z
5749,Carter,Asher,2.90,2026-06-19,2020-01-09T12:00:00Z
5750,Roberts,Layla,3.00,2026-06-20,2021-02-10T12:00:00Z
5751,Smith,Noah,3.10,2026-06-21,2022-03-11T12:00:00Z
5752,Johnson,Olivia,3.20,2026-06-22,2023-04-12T12:00:00Z
5753,Williams,Liam,3.30,2026-06-23,2024-05-13T12:00:00Z
5754,Brown,Emma,3.40,2026-06-24,2025-06-14T12:00:00Z
5755,Jones,Oliver,3.50,2026-06-25,2020-07-15T12:00:00Z
5756,Garcia,Ava,3.60,2026-06-26,2021-08-16T12:00:00Z
5757,Miller,Elijah,3.70,2026-06-27,2022-09-17T12:00:00Z
5758,Davis,Sophia,3.80,2026-06-28,2023-10-18T12:00:00Z
5759,Rodriguez,James,3.90,2026-06-29,2024-11-19T12:00:00Z
5760,Martinez,Isabella,4.00,2026-06-30,2025-12-20T12:00:00Z
5761,Hernandez,William,2.10,2026-06-01,2020-01-21T12:00:00Z
5762,Lopez,Mia,2.20,2026-06-02,2021-02-22T12:00:00Z
5763,Gonzalez,Benjamin,2.30,2026-06-03,2022-03-23T12:00:00Z
5764,Wilson,Charlotte,2.40,2026-06-04,2023-04-24T12:00:00Z
5765,Anderson,Lucas,2.50,2026-06-05,2024-05-25T12:00:00Z
5766,Thomas,Amelia,2.60,2026-06-06,2025-06-26T12:00:00Z
5767,Taylor,Henry,2.70,2026-06-07,2020-07-27T12:00:00Z
5768,Moore,Harper,2.80,2026-06-08,2021-08-28T12:00:00Z
5769,Jackson,Theodore,2.90,2026-06-09,2022-09-01T12:00:00Z
5770,Martin,Evelyn,3.00,2026-06-10,2023-10-02T12:00:00Z
5771,Lee,Jack,3.10,2026-06-11,2024-11-03T12:00:00Z
5772,Perez,Abigail,3.20,2026-06-12,2025-12-04T12:00:00Z
5773,Thompson,Levi,3.30,2026-06-13,2020-01-05T12:00:00Z
5774,White,Emily,3.40,2026-06-14,2021-02-06T12:00:00Z
5775,Harris,Alexander,3.50,2026-06-15,2022-03-07T12:00:00Z
5776,Sanchez,Ella,3.60,2026-06-16,2023-04-08T12:00:00Z
5777,Clark,Jackson,3.70,2026-06-17,2024-05-09T12:00:00Z
5778,Ramirez,Avery,3.80,2026-06-18,2025-06-10T12:00:00Z
5779,Lewis,Mateo,3.90,2026-06-19,2020-07-11T12:00:00Z
5780,Robinson,Sofia,4.00,2026-06-20,2021-08-12T12:00:00Z
5781,Walker,Daniel,2.10,2026-06-21,2022-09-13T12:00:00Z
5782,Young,Camila,2.20,2026-06-22,2023-10-14T12:00:00Z
5783,Allen,Michael,2.30,2026-06-23,2024-11-15T12:00:00Z
5784,King,Aria,2.40,2026-06-24,2025-12-16T12:00:00Z
5785,Wright,Mason,2.50,2026-06-25,2020-01-17T12:00:00Z
5786,Scott,Scarlett,2.60,2026-06-26,2021-02-18T12:00:00Z
5787,Torres,Sebastian,2.70,2026-06-27,2022-03-19T12:00:00Z
5788,Nguyen,Victoria,2.80,2026-06-28,2023-04-20T12:00:00Z
5789,Hill,Ethan,2.90,2026-06-29,2024-05-21T12:00:00Z
5790,Flores,Madison,3.00,2026-06-30,2025-06-22T12:00:00Z
5791,Green,Logan,3.10,2026-06-01,2020-07-23T12:00:00Z
5792,Adams,Luna,3.20,2026-06-02,2021-08-24T12:00:00Z
5793,Nelson,Owen,3.30,2026-06-03,2022-09-25T12:00:00Z
5794,Baker,Grace,3.40,2026-06-04,2023-10-26T12:00:00Z
5795,Hall,Samuel,3.50,2026-06-05,2024-11-27T12:00:00Z
5796,Rivera,Chloe,3.60,2026-06-06,2025-12-28T12:00:00Z
5797,Campbell,Jacob,3.70,2026-06-07,2020-01-01T12:00:00Z
5798,Mitchell,Penelope,3.80,2026-06-08,2021-02-02T12:00:00Z
5799,Carter,Asher,3.90,2026-06-09,2022-03-03T12:00:00Z
5800,Roberts,Layla,4.00,2026-06-10,2023-04-04T12:00:00Z
5801,Smith,Noah,2.10,2026-06-11,2024-05-05T12:00:00Z
5802,Johnson,Olivia,2.20,2026-06-12,2025-06-06T12:00:00Z
5803,Williams,Liam,2.30,2026-06-13,2020-07-07T12:00:00Z
5804,Brown,Emma,2.40,2026-06-14,2021-08-08T12:00:00Z
5805,Jones,Oliver,2.50,2026-06-15,2022-09-09T12:00:00Z
5806,Garcia,Ava,2.60,2026-06-16,2023-10-10T12:00:00Z
5807,Miller,Elijah,2.70,2026-06-17,2024-11-11T12:00:00Z
5808,Davis,Sophia,2.80,2026-06-18,2025-12-12T12:00:00Z
5809,Rodriguez,James,2.90,2026-06-19,2020-01-13T12:00:00Z
5810,Martinez,Isabella,3.00,2026-06-20,2021-02-14T12:00:00Z
5811,Hernandez,William,3.10,2026-06-21,2022-03-15T12:00:00Z
5812,Lopez,Mia,3.20,2026-06-22,2023-04-16T12:00:00Z
5813,Gonzalez,Benjamin,3.30,2026-06-23,2024-05-17T12:00:00Z
5814,Wilson,Charlotte,3.40,2026-06-24,2025-06-18T12:00:00Z
5815,Anderson,Lucas,3.50,2026-06-25,2020-07-19T12:00:00Z
5816,Thomas,Amelia,3.60,2026-06-26,2021-08-20T12:00:00Z
5817,Taylor,Henry,3.70,2026-06-27,2022-09-21T12:00:00Z
5818,Moore,Harper,3.80,2026-06-28,2023-10-22T12:00:00Z
5819,Jackson,Theodore,3.90,2026-06-29,2024-11-23T12:00:00Z
5820,Martin,Evelyn,4.00,2026-06-30,2025-12-24T12:00:00Z
5821,Lee,Jack,2.10,2026-06-01,2020-01-25T12:00:00Z
5822,Perez,Abigail,2.20,2026-06-02,2021-02-26T12:00:00Z
5823,Thompson,Levi,2.30,2026-06-03,2022-03-27T12:00:00Z
5824,White,Emily,2.40,2026-06-04,2023-04-28T12:00:00Z
5825,Harris,Alexander,2.50,2026-06-05,2024-05-01T12:00:00Z
5826,Sanchez,Ella,2.60,2026-06-06,2025-06-02T12:00:00Z
5827,Clark,Jackson,2.70,2026-06-07,2020-07-03T12:00:00Z
5828,Ramirez,Avery,2.80,2026-06-08,2021-08-04T12:00:00Z
5829,Lewis,Mateo,2.90,2026-06-09,2022-09-05T12:00:00Z
5830,Robinson,Sofia,3.00,2026-06-10,2023-10-06T12:00:00Z
5831,Walker,Daniel,3.10,2026-06-11,2024-11-07T12:00:00Z
5832,Young,Camila,3.20,2026-06-12,2025-12-08T12:00:00Z
5833,Allen,Michael,3.30,2026-06-13,2020-01-09T12:00:00Z
5834,King,Aria,3.40,2026-06-14,2021-02-10T12:00:00Z
5835,Wright,Mason,3.50,2026-06-15,2022-03-11T12:00:00Z
5836,Scott,Scarlett,3.60,2026-06-16,2023-04-12T12:00:00Z
5837,Torres,Sebastian,3.70,2026-06-17,2024-05-13T12:00:00Z
5838,Nguyen,Victoria,3.80,2026-06-18,2025-06-14T12:00:00Z
5839,Hill,Ethan,3.90,2026-06-19,2020-07-15T12:00:00Z
5840,Flores,Madison,4.00,2026-06-20,2021-08-16T12:00:00Z
5841,Green,Logan,2.10,2026-06-21,2022-09-17T12:00:00Z
5842,Adams,Luna,2.20,2026-06-22,2023-10-18T12:00:00Z
5843,Nelson,Owen,2.30,2026-06-23,2024-11-19T12:00:00Z
5844,Baker,Grace,2.40,2026-06-24,2025-12-20T12:00:00Z
5845,Hall,Samuel,2.50,2026-06-25,2020-01-21T12:00:00Z
5846,Rivera,Chloe,2.60,2026-06-26,2021-02-22T12:00:00Z
5847,Campbell,Jacob,2.70,2026-06-27,2022-03-23T12:00:00Z
5848,Mitchell,Penelope,2.80,2026-06-28,2023-04-24T12:00:00Z
5849,Carter,Asher,2.90,2026-06-29,2024-05-25T12:00:00Z
5850,Roberts,Layla,3.00,2026-06-30,2025-06-26T12:00:00Z
5851,Smith,Noah,3.10,2026-06-01,2020-07-27T12:00:00Z
5852,Johnson,Olivia,3.20,2026-06-02,2021-08-28T12:00:00Z
5853,Williams,Liam,3.30,2026-06-03,2022-09-01T12:00:00Z
5854,Brown,Emma,3.40,2026-06-04,2023-10-02T12:00:00Z
5855,Jones,Oliver,3.50,2026-06-05,2024-11-03T12:00:00Z
5856,Garcia,Ava,3.60,2026-06-06,2025-12-04T12:00:00Z
5857,Miller,Elijah,3.70,2026-06-07,2020-01-05T12:00:00Z
5858,Davis,Sophia,3.80,2026-06-08,2021-02-06T12:00:00Z
5859,Rodriguez,James,3.90,2026-06-09,2022-03-07T12:00:00Z
5860,Martinez,Isabella,4.00,2026-06-10,2023-04-08T12:00:00Z
5861,Hernandez,William,2.10,2026-06-11,2024-05-09T12:00:00Z
5862,Lopez,Mia,2.20,2026-06-12,2025-06-10T12:00:00Z
5863,Gonzalez,Benjamin,2.30,2026-06-13,2020-07-11T12:00:00Z
5864,Wilson,Charlotte,2.40,2026-06-14,2021-08-12T12:00:00Z
5865,Anderson,Lucas,2.50,2026-06-15,2022-09-13T12:00:00Z
5866,Thomas,Amelia,2.60,2026-06-16,2023-10-14T12:00:00Z
5867,Taylor,Henry,2.70,2026-06-17,2024-11-15T12:00:00Z
5868,Moore,Harper,2.80,2026-06-18,2025-12-16T12:00:00Z
5869,Jackson,Theodore,2.90,2026-06-19,2020-01-17T12:00:00Z
5870,Martin,Evelyn,3.00,2026-06-20,2021-02-18T12:00:00Z
5871,Lee,Jack,3.10,2026-06-21,2022-03-19T12:00:00Z
5872,Perez,Abigail,3.20,2026-06-22,2023-04-20T12:00:00Z
5873,Thompson,Levi,3.30,2026-06-23,2024-05-21T12:00:00Z
5874,White,Emily,3.40,2026-06-24,2025-06-22T12:00:00Z
5875,Harris,Alexander,3.50,2026-06-25,2020-07-23T12:00:00Z
5876,Sanchez,Ella,3.60,2026-06-26,2021-08-24T12:00:00Z
5877,Clark,Jackson,3.70,2026-06-27,2022-09-25T12:00:00Z
5878,Ramirez,Avery,3.80,2026-06-28,2023-10-26T12:00:00Z
5879,Lewis,Mateo,3.90,2026-06-29,2024-11-27T12:00:00Z
5880,Robinson,Sofia,4.00,2026-06-30,2025-12-28T12:00:00Z
5881,Walker,Daniel,2.10,2026-06-01,2020-01-01T12:00:00Z
5882,Young,Camila,2.20,2026-06-02,2021-02-02T12:00:00Z
5883,Allen,Michael,2.30,2026-06-03,2022-03-03T12:00:00Z
5884,King,Aria,2.40,2026-06-04,2023-04-04T12:00:00Z
5885,Wright,Mason,2.50,2026-06-05,2024-05-05T12:00:00Z
5886,Scott,Scarlett,2.60,2026-06-06,2025-06-06T12:00:00Z
5887,Torres,Sebastian,2.70,2026-06-07,2020-07-07T12:00:00Z
5888,Nguyen,Victoria,2.80,2026-06-08,2021-08-08T12:00:00Z
5889,Hill,Ethan,2.90,2026-06-09,2022-09-09T12:00:00Z
5890,Flores,Madison,3.00,2026-06-10,2023-10-10T12:00:00Z
5891,Green,Logan,3.10,2026-06-11,2024-11-11T12:00:00Z
5892,Adams,Luna,3.20,2026-06-12,2025-12-12T12:00:00Z
5893,Nelson,Owen,3.30,2026-06-13,2020-01-13T12:00:00Z
5894,Baker,Grace,3.40,2026-06-14,2021-02-14T12:00:00Z
5895,Hall,Samuel,3.50,2026-06-15,2022-03-15T12:00:00Z
5896,Rivera,Chloe,3.60,2026-06-16,2023-04-16T12:00:00Z
5897,Campbell,Jacob,3.70,2026-06-17,2024-05-17T12:00:00Z
5898,Mitchell,Penelope,3.80,2026-06-18,2025-06-18T12:00:00Z
5899,Carter,Asher,3.90,2026-06-19,2020-07-19T12:00:00Z
5900,Roberts,Layla,4.00,2026-06-20,2021-08-20T12:00:00Z
5901,Smith,Noah,2.10,2026-06-21,2022-09-21T12:00:00Z
5902,Johnson,Olivia,2.20,2026-06-22,2023-10-22T12:00:00Z
5903,Williams,Liam,2.30,2026-06-23,2024-11-23T12:00:00Z
5904,Brown,Emma,2.40,2026-06-24,2025-12-24T12:00:00Z
5905,Jones,Oliver,2.50,2026-06-25,2020-01-25T12:00:00Z
5906,Garcia,Ava,2.60,2026-06-26,2021-02-26T12:00:00Z
5907,Miller,Elijah,2.70,2026-06-27,2022-03-27T12:00:00Z
5908,Davis,Sophia,2.80,2026-06-28,2023-04-28T12:00:00Z
5909,Rodriguez,James,2.90,2026-06-29,2024-05-01T12:00:00Z
5910,Martinez,Isabella,3.00,2026-06-30,2025-06-02T12:00:00Z
5911,Hernandez,William,3.10,2026-06-01,2020-07-03T12:00:00Z
5912,Lopez,Mia,3.20,2026-06-02,2021-08-04T12:00:00Z
5913,Gonzalez,Benjamin,3.30,2026-06-03,2022-09-05T12:00:00Z
5914,Wilson,Charlotte,3.40,2026-06-04,2023-10-06T12:00:00Z
5915,Anderson,Lucas,3.50,2026-06-05,2024-11-07T12:00:00Z
5916,Thomas,Amelia,3.60,2026-06-06,2025-12-08T12:00:00Z
5917,Taylor,Henry,3.70,2026-06-07,2020-01-09T12:00:00Z
5918,Moore,Harper,3.80,2026-06-08,2021-02-10T12:00:00Z
5919,Jackson,Theodore,3.90,2026-06-09,2022-03-11T12:00:00Z
5920,Martin,Evelyn,4.00,2026-06-10,2023-04-12T12:00:00Z
5921,Lee,Jack,2.10,2026-06-11,2024-05-13T12:00:00Z
5922,Perez,Abigail,2.20,2026-06-12,2025-06-14T12:00:00Z
5923,Thompson,Levi,2.30,2026-06-13,2020-07-15T12:00:00Z
5924,White,Emily,2.40,2026-06-14,2021-08-16T12:00:00Z
5925,Harris,Alexander,2.50,2026-06-15,2022-09-17T12:00:00Z
5926,Sanchez,Ella,2.60,2026-06-16,2023-10-18T12:00:00Z
5927,Clark,Jackson,2.70,2026-06-17,2024-11-19T12:00:00Z
5928,Ramirez,Avery,2.80,2026-06-18,2025-12-20T12:00:00Z
5929,Lewis,Mateo,2.90,2026-06-19,2020-01-21T12:00:00Z
5930,Robinson,Sofia,3.00,2026-06-20,2021-02-22T12:00:00Z
5931,Walker,Daniel,3.10,2026-06-21,2022-03-23T12:00:00Z
5932,Young,Camila,3.20,2026-06-22,2023-04-24T12:00:00Z
5933,Allen,Michael,3.30,2026-06-23,2024-05-25T12:00:00Z
5934,King,Aria,3.40,2026-06-24,2025-06-26T12:00:00Z
5935,Wright,Mason,3.50,2026-06-25,2020-07-27T12:00:00Z
5936,Scott,Scarlett,3.60,2026-06-26,2021-08-28T12:00:00Z
5937,Torres,Sebastian,3.70,2026-06-27,2022-09-01T12:00:00Z
5938,Nguyen,Victoria,3.80,2026-06-28,2023-10-02T12:00:00Z
5939,Hill,Ethan,3.90,2026-06-29,2024-11-03T12:00:00Z
5940,Flores,Madison,4.00,2026-06-30,2025-12-04T12:00:00Z
5941,Green,Logan,2.10,2026-06-01,2020-01-05T12:00:00Z
5942,Adams,Luna,2.20,2026-06-02,2021-02-06T12:00:00Z
5943,Nelson,Owen,2.30,2026-06-03,2022-03-07T12:00:00Z
5944,Baker,Grace,2.40,2026-06-04,2023-04-08T12:00:00Z
5945,Hall,Samuel,2.50,2026-06-05,2024-05-09T12:00:00Z
5946,Rivera,Chloe,2.60,2026-06-06,2025-06-10T12:00:00Z
5947,Campbell,Jacob,2.70,2026-06-07,2020-07-11T12:00:00Z
5948,Mitchell,Penelope,2.80,2026-06-08,2021-08-12T12:00:00Z
5949,Carter,Asher,2.90,2026-06-09,2022-09-13T12:00:00Z
5950,Roberts,Layla,3.00,2026-06-10,2023-10-14T12:00:00Z
5951,Smith,Noah,3.10,2026-06-11,2024-11-15T12:00:00Z
5952,Johnson,Olivia,3.20,2026-06-12,2025-12-16T12:00:00Z
5953,Williams,Liam,3.30,2026-06-13,2020-01-17T12:00:00Z
5954,Brown,Emma,3.40,2026-06-14,2021-02-18T12:00:00Z
5955,Jones,Oliver,3.50,2026-06-15,2022-03-19T12:00:00Z
5956,Garcia,Ava,3.60,2026-06-16,2023-04-20T12:00:00Z
5957,Miller,Elijah,3.70,2026-06-17,2024-05-21T12:00:00Z
5958,Davis,Sophia,3.80,2026-06-18,2025-06-22T12:00:00Z
5959,Rodriguez,James,3.90,2026-06-19,2020-07-23T12:00:00Z
5960,Martinez,Isabella,4.00,2026-06-20,2021-08-24T12:00:00Z
5961,Hernandez,William,2.10,2026-06-21,2022-09-25T12:00:00Z
5962,Lopez,Mia,2.20,2026-06-22,2023-10-26T12:00:00Z
5963,Gonzalez,Benjamin,2.30,2026-06-23,2024-11-27T12:00:00Z
5964,Wilson,Charlotte,2.40,2026-06-24,2025-12-28T12:00:00Z
5965,Anderson,Lucas,2.50,2026-06-25,2020-01-01T12:00:00Z
5966,Thomas,Amelia,2.60,2026-06-26,2021-02-02T12:00:00Z
5967,Taylor,Henry,2.70,2026-06-27,2022-03-03T12:00:00Z
5968,Moore,Harper,2.80,2026-06-28,2023-04-04T12:00:00Z
5969,Jackson,Theodore,2.90,2026-06-29,2024-05-05T12:00:00Z
5970,Martin,Evelyn,3.00,2026-06-30,2025-06-06T12:00:00Z
5971,Lee,Jack,3.10,2026-06-01,2020-07-07T12:00:00Z
5972,Perez,Abigail,3.20,2026-06-02,2021-08-08T12:00:00Z
5973,Thompson,Levi,3.30,2026-06-03,2022-09-09T12:00:00Z
5974,White,Emily,3.40,2026-06-04,2023-10-10T12:00:00Z
5975,Harris,Alexander,3.50,2026-06-05,2024-11-11T12:00:00Z
5976,Sanchez,Ella,3.60,2026-06-06,2025-12-12T12:00:00Z
5977,Clark,Jackson,3.70,2026-06-07,2020-01-13T12:00:00Z
5978,Ramirez,Avery,3.80,2026-06-08,2021-02-14T12:00:00Z
5979,Lewis,Mateo,3.90,2026-06-09,2022-03-15T12:00:00Z
5980,Robinson,Sofia,4.00,2026-06-10,2023-04-16T12:00:00Z
5981,Walker,Daniel,2.10,2026-06-11,2024-05-17T12:00:00Z
5982,Young,Camila,2.20,2026-06-12,2025-06-18T12:00:00Z
5983,Allen,Michael,2.30,2026-06-13,2020-07-19T12:00:00Z
5984,King,Aria,2.40,2026-06-14,2021-08-20T12:00:00Z
5985,Wright,Mason,2.50,2026-06-15,2022-09-21T12:00:00Z
5986,Scott,Scarlett,2.60,2026-06-16,2023-10-22T12:00:00Z
5987,Torres,Sebastian,2.70,2026-06-17,2024-11-23T12:00:00Z
5988,Nguyen,Victoria,2.80,2026-06-18,2025-12-24T12:00:00Z
5989,Hill,Ethan,2.90,2026-06-19,2020-01-25T12:00:00Z
5990,Flores,Madison,3.00,2026-06-20,2021-02-26T12:00:00Z
5991,Green,Logan,3.10,2026-06-21,2022-03-27T12:00:00Z
5992,Adams,Luna,3.20,2026-06-22,2023-04-28T12:00:00Z
5993,Nelson,Owen,3.30,2026-06-23,2024-05-01T12:00:00Z
5994,Baker,Grace,3.40,2026-06-24,2025-06-02T12:00:00Z
5995,Hall,Samuel,3.50,2026-06-25,2020-07-03T12:00:00Z
5996,Rivera,Chloe,3.60,2026-06-26,2021-08-04T12:00:00Z
5997,Campbell,Jacob,3.70,2026-06-27,2022-09-05T12:00:00Z
5998,Mitchell,Penelope,3.80,2026-06-28,2023-10-06T12:00:00Z
5999,Carter,Asher,3.90,2026-06-29,2024-11-07T12:00:00Z
6000,Roberts,Layla,4.00,2026-06-30,2025-12-08T12:00:00Z
